
[data/works/abhidhammavatara/mula__0.json]
 -> Fatiando parágrafo longo (ID: 33) via IA...
    [Limite de Requisições]. Aguardando 15 segundos (Tentativa 1/5)...
    [Limite de Requisições]. Aguardando 15 segundos (Tentativa 2/5)...
    [Limite de Requisições]. Aguardando 15 segundos (Tentativa 3/5)...
    [Limite de Requisições]. Aguardando 15 segundos (Tentativa 4/5)...
    [Limite de Requisições]. Aguardando 15 segundos (Tentativa 5/5)...
    [Desistindo do ID 33] Excedeu tentativas.
 -> Fatiando parágrafo longo (ID: 53) via IA...
    [Limite de Requisições]. Aguardando 15 segundos (Tentativa 1/5)...
    [Limite de Requisições]. Aguardando 15 segundos (Tentativa 2/5)...
    [Limite de Requisições]. Aguardando 15 segundos (Tentativa 3/5)...
    [Limite de Requisições]. Aguardando 15 segundos (Tentativa 4/5)...
    [Limite de Requisições]. Aguardando 15 segundos (Tentativa 5/5)...
    [Desistindo do ID 53] Excedeu tentativas.
 -> Fatiando parágrafo longo (ID: 62) via IA...
    [Limite de Requisições]. Aguardando 15 segundos (Tentativa 1/5)...
    [Limite de Requisições]. Aguardando 15 segundos (Tentativa 2/5)...
    [Limite de Requisições]. Aguardando 15 segundos (Tentativa 3/5)...
    [Limite de Requisições]. Aguardando 15 segundos (Tentativa 4/5)...
    [Limite de Requisições]. Aguardando 15 segundos (Tentativa 5/5)...
    [Desistindo do ID 62] Excedeu tentativas.
 -> Fatiando parágrafo longo (ID: 68.1) via IA...
    [Limite de Requisições]. Aguardando 15 segundos (Tentativa 1/5)...
    [Limite de Requisições]. Aguardando 15 segundos (Tentativa 2/5)...
    [Limite de Requisições]. Aguardando 15 segundos (Tentativa 3/5)...
    [Limite de Requisições]. Aguardando 15 segundos (Tentativa 4/5)...
    [Limite de Requisições]. Aguardando 15 segundos (Tentativa 5/5)...
    [Desistindo do ID 68.1] Excedeu tentativas.
 -> Fatiando parágrafo longo (ID: 68.2) via IA...
    [Limite de Requisições]. Aguardando 15 segundos (Tentativa 1/5)...
    [Limite de Requisições]. Aguardando 15 segundos (Tentativa 2/5)...
    [Limite de Requisições]. Aguardando 15 segundos (Tentativa 3/5)...
    [Limite de Requisições]. Aguardando 15 segundos (Tentativa 4/5)...
    [Limite de Requisições]. Aguardando 15 segundos (Tentativa 5/5)...
    [Desistindo do ID 68.2] Excedeu tentativas.
 -> Fatiando parágrafo longo (ID: 70.1) via IA...
    [Limite de Requisições]. Aguardando 15 segundos (Tentativa 1/5)...
    [Limite de Requisições]. Aguardando 15 segundos (Tentativa 2/5)...
    [Limite de Requisições]. Aguardando 15 segundos (Tentativa 3/5)...
    [Limite de Requisições]. Aguardando 15 segundos (Tentativa 4/5)...
    [Limite de Requisições]. Aguardando 15 segundos (Tentativa 5/5)...
    [Desistindo do ID 70.1] Excedeu tentativas.
 -> Fatiando parágrafo longo (ID: 70.3) via IA...
    [Limite de Requisições]. Aguardando 15 segundos (Tentativa 1/5)...
    [Limite de Requisições]. Aguardando 15 segundos (Tentativa 2/5)...
    [Limite de Requisições]. Aguardando 15 segundos (Tentativa 3/5)...
    [Limite de Requisições]. Aguardando 15 segundos (Tentativa 4/5)...
    [Limite de Requisições]. Aguardando 15 segundos (Tentativa 5/5)...
    [Desistindo do ID 70.3] Excedeu tentativas.
 -> Fatiando parágrafo longo (ID: 71) via IA...
    [Limite de Requisições]. Aguardando 15 segundos (Tentativa 1/5)...
    [Limite de Requisições]. Aguardando 15 segundos (Tentativa 2/5)...
    [Limite de Requisições]. Aguardando 15 segundos (Tentativa 3/5)...
    [Limite de Requisições]. Aguardando 15 segundos (Tentativa 4/5)...
    [Limite de Requisições]. Aguardando 15 segundos (Tentativa 5/5)...
    [Desistindo do ID 71] Excedeu tentativas.
 -> Fatiando parágrafo longo (ID: 75) via IA...
    [Limite de Requisições]. Aguardando 15 segundos (Tentativa 1/5)...
    [Limite de Requisições]. Aguardando 15 segundos (Tentativa 2/5)...
    [Limite de Requisições]. Aguardando 15 segundos (Tentativa 3/5)...
    [Limite de Requisições]. Aguardando 15 segundos (Tentativa 4/5)...
    [Limite de Requisições]. Aguardando 15 segundos (Tentativa 5/5)...
    [Desistindo do ID 75] Excedeu tentativas.
 -> Fatiando parágrafo longo (ID: 76) via IA...
    [Limite de Requisições]. Aguardando 15 segundos (Tentativa 1/5)...
    [Limite de Requisições]. Aguardando 15 segundos (Tentativa 2/5)...
    [Limite de Requisições]. Aguardando 15 segundos (Tentativa 3/5)...
    [Limite de Requisições]. Aguardando 15 segundos (Tentativa 4/5)...
    [Limite de Requisições]. Aguardando 15 segundos (Tentativa 5/5)...
    [Desistindo do ID 76] Excedeu tentativas.
 -> Fatiando parágrafo longo (ID: 77) via IA...
    [Limite de Requisições]. Aguardando 15 segundos (Tentativa 1/5)...
    [Limite de Requisições]. Aguardando 15 segundos (Tentativa 2/5)...
    [Limite de Requisições]. Aguardando 15 segundos (Tentativa 3/5)...
    [Limite de Requisições]. Aguardando 15 segundos (Tentativa 4/5)...
    [Limite de Requisições]. Aguardando 15 segundos (Tentativa 5/5)...
    [Desistindo do ID 77] Excedeu tentativas.
 -> Fatiando parágrafo longo (ID: 78) via IA...
    [Limite de Requisições]. Aguardando 15 segundos (Tentativa 1/5)...
    [Limite de Requisições]. Aguardando 15 segundos (Tentativa 2/5)...
    [Limite de Requisições]. Aguardando 15 segundos (Tentativa 3/5)...
    [Limite de Requisições]. Aguardando 15 segundos (Tentativa 4/5)...
    [Limite de Requisições]. Aguardando 15 segundos (Tentativa 5/5)...
    [Desistindo do ID 78] Excedeu tentativas.
 -> Fatiando parágrafo longo (ID: 85) via IA...
    [Limite de Requisições]. Aguardando 15 segundos (Tentativa 1/5)...
    [Limite de Requisições]. Aguardando 15 segundos (Tentativa 2/5)...
    [Limite de Requisições]. Aguardando 15 segundos (Tentativa 3/5)...
    [Limite de Requisições]. Aguardando 15 segundos (Tentativa 4/5)...
    [Limite de Requisições]. Aguardando 15 segundos (Tentativa 5/5)...
    [Desistindo do ID 85] Excedeu tentativas.
 -> Fatiando parágrafo longo (ID: 86.2) via IA...
    [Limite de Requisições]. Aguardando 15 segundos (Tentativa 1/5)...
    [Limite de Requisições]. Aguardando 15 segundos (Tentativa 2/5)...
    [Limite de Requisições]. Aguardando 15 segundos (Tentativa 3/5)...
    [Limite de Requisições]. Aguardando 15 segundos (Tentativa 4/5)...
    [Limite de Requisições]. Aguardando 15 segundos (Tentativa 5/5)...
    [Desistindo do ID 86.2] Excedeu tentativas.
 -> Fatiando parágrafo longo (ID: 87) via IA...
    [Limite de Requisições]. Aguardando 15 segundos (Tentativa 1/5)...
    [Limite de Requisições]. Aguardando 15 segundos (Tentativa 2/5)...
    [Limite de Requisições]. Aguardando 15 segundos (Tentativa 3/5)...
    [Limite de Requisições]. Aguardando 15 segundos (Tentativa 4/5)...
    [Limite de Requisições]. Aguardando 15 segundos (Tentativa 5/5)...
    [Desistindo do ID 87] Excedeu tentativas.
 -> Fatiando parágrafo longo (ID: 111) via IA...
    [Limite de Requisições]. Aguardando 15 segundos (Tentativa 1/5)...
    [Limite de Requisições]. Aguardando 15 segundos (Tentativa 2/5)...
    [Limite de Requisições]. Aguardando 15 segundos (Tentativa 3/5)...
    [Limite de Requisições]. Aguardando 15 segundos (Tentativa 4/5)...
    [Limite de Requisições]. Aguardando 15 segundos (Tentativa 5/5)...
    [Desistindo do ID 111] Excedeu tentativas.
 -> Fatiando parágrafo longo (ID: 113.2) via IA...
    [Limite de Requisições]. Aguardando 15 segundos (Tentativa 1/5)...
    [Limite de Requisições]. Aguardando 15 segundos (Tentativa 2/5)...
    [Limite de Requisições]. Aguardando 15 segundos (Tentativa 3/5)...
    [Limite de Requisições]. Aguardando 15 segundos (Tentativa 4/5)...
    [Limite de Requisições]. Aguardando 15 segundos (Tentativa 5/5)...
    [Desistindo do ID 113.2] Excedeu tentativas.
 -> Fatiando parágrafo longo (ID: 115) via IA...
    [Limite de Requisições]. Aguardando 15 segundos (Tentativa 1/5)...
    [Limite de Requisições]. Aguardando 15 segundos (Tentativa 2/5)...
    [Limite de Requisições]. Aguardando 15 segundos (Tentativa 3/5)...
    [Limite de Requisições]. Aguardando 15 segundos (Tentativa 4/5)...
    [Limite de Requisições]. Aguardando 15 segundos (Tentativa 5/5)...
    [Desistindo do ID 115] Excedeu tentativas.
 -> Fatiando parágrafo longo (ID: 117) via IA...
    [Limite de Requisições]. Aguardando 15 segundos (Tentativa 1/5)...
    [Limite de Requisições]. Aguardando 15 segundos (Tentativa 2/5)...
    [Limite de Requisições]. Aguardando 15 segundos (Tentativa 3/5)...
    [Limite de Requisições]. Aguardando 15 segundos (Tentativa 4/5)...
    [Limite de Requisições]. Aguardando 15 segundos (Tentativa 5/5)...
    [Desistindo do ID 117] Excedeu tentativas.
 -> Fatiando parágrafo longo (ID: 118) via IA...
    [Limite de Requisições]. Aguardando 15 segundos (Tentativa 1/5)...
    [Limite de Requisições]. Aguardando 15 segundos (Tentativa 2/5)...
    [Limite de Requisições]. Aguardando 15 segundos (Tentativa 3/5)...
    [Limite de Requisições]. Aguardando 15 segundos (Tentativa 4/5)...
    [Limite de Requisições]. Aguardando 15 segundos (Tentativa 5/5)...
    [Desistindo do ID 118] Excedeu tentativas.
 -> Fatiando parágrafo longo (ID: 121) via IA...
    [Limite de Requisições]. Aguardando 15 segundos (Tentativa 1/5)...
    [Limite de Requisições]. Aguardando 15 segundos (Tentativa 2/5)...
    [Limite de Requisições]. Aguardando 15 segundos (Tentativa 3/5)...
    [Limite de Requisições]. Aguardando 15 segundos (Tentativa 4/5)...
    [Limite de Requisições]. Aguardando 15 segundos (Tentativa 5/5)...
    [Desistindo do ID 121] Excedeu tentativas.
 -> Fatiando parágrafo longo (ID: 122) via IA...
    [Limite de Requisições]. Aguardando 15 segundos (Tentativa 1/5)...
    [Limite de Requisições]. Aguardando 15 segundos (Tentativa 2/5)...
    [Limite de Requisições]. Aguardando 15 segundos (Tentativa 3/5)...
    [Limite de Requisições]. Aguardando 15 segundos (Tentativa 4/5)...
    [Limite de Requisições]. Aguardando 15 segundos (Tentativa 5/5)...
    [Desistindo do ID 122] Excedeu tentativas.
 -> Fatiando parágrafo longo (ID: 136) via IA...
    [Limite de Requisições]. Aguardando 15 segundos (Tentativa 1/5)...
    [Limite de Requisições]. Aguardando 15 segundos (Tentativa 2/5)...
    [Limite de Requisições]. Aguardando 15 segundos (Tentativa 3/5)...
    [Limite de Requisições]. Aguardando 15 segundos (Tentativa 4/5)...
    [Limite de Requisições]. Aguardando 15 segundos (Tentativa 5/5)...
    [Desistindo do ID 136] Excedeu tentativas.
 -> Fatiando parágrafo longo (ID: 146) via IA...
    [Limite de Requisições]. Aguardando 15 segundos (Tentativa 1/5)...
    [Limite de Requisições]. Aguardando 15 segundos (Tentativa 2/5)...
    [Limite de Requisições]. Aguardando 15 segundos (Tentativa 3/5)...
    [Limite de Requisições]. Aguardando 15 segundos (Tentativa 4/5)...
    [Limite de Requisições]. Aguardando 15 segundos (Tentativa 5/5)...
    [Desistindo do ID 146] Excedeu tentativas.
 -> Fatiando parágrafo longo (ID: 147) via IA...
    [Limite de Requisições]. Aguardando 15 segundos (Tentativa 1/5)...
    [Limite de Requisições]. Aguardando 15 segundos (Tentativa 2/5)...
    [Limite de Requisições]. Aguardando 15 segundos (Tentativa 3/5)...
    [Limite de Requisições]. Aguardando 15 segundos (Tentativa 4/5)...
    [Limite de Requisições]. Aguardando 15 segundos (Tentativa 5/5)...
    [Desistindo do ID 147] Excedeu tentativas.
 -> Fatiando parágrafo longo (ID: 150) via IA...
    [Limite de Requisições]. Aguardando 15 segundos (Tentativa 1/5)...
    [Limite de Requisições]. Aguardando 15 segundos (Tentativa 2/5)...
    [Limite de Requisições]. Aguardando 15 segundos (Tentativa 3/5)...
    [Limite de Requisições]. Aguardando 15 segundos (Tentativa 4/5)...
    [Limite de Requisições]. Aguardando 15 segundos (Tentativa 5/5)...
    [Desistindo do ID 150] Excedeu tentativas.
 -> Fatiando parágrafo longo (ID: 153) via IA...
    [Limite de Requisições]. Aguardando 15 segundos (Tentativa 1/5)...
    [Limite de Requisições]. Aguardando 15 segundos (Tentativa 2/5)...
    [Limite de Requisições]. Aguardando 15 segundos (Tentativa 3/5)...
    [Limite de Requisições]. Aguardando 15 segundos (Tentativa 4/5)...
    [Limite de Requisições]. Aguardando 15 segundos (Tentativa 5/5)...
    [Desistindo do ID 153] Excedeu tentativas.
 -> Fatiando parágrafo longo (ID: 154) via IA...
    [Limite de Requisições]. Aguardando 15 segundos (Tentativa 1/5)...
    [Limite de Requisições]. Aguardando 15 segundos (Tentativa 2/5)...
    [Limite de Requisições]. Aguardando 15 segundos (Tentativa 3/5)...
    [Limite de Requisições]. Aguardando 15 segundos (Tentativa 4/5)...
    [Limite de Requisições]. Aguardando 15 segundos (Tentativa 5/5)...
    [Desistindo do ID 154] Excedeu tentativas.
 -> Fatiando parágrafo longo (ID: 155) via IA...
    [Limite de Requisições]. Aguardando 15 segundos (Tentativa 1/5)...
    [Limite de Requisições]. Aguardando 15 segundos (Tentativa 2/5)...
    [Limite de Requisições]. Aguardando 15 segundos (Tentativa 3/5)...
    [Limite de Requisições]. Aguardando 15 segundos (Tentativa 4/5)...
    [Limite de Requisições]. Aguardando 15 segundos (Tentativa 5/5)...
    [Desistindo do ID 155] Excedeu tentativas.
 -> Fatiando parágrafo longo (ID: 156) via IA...
    [Limite de Requisições]. Aguardando 15 segundos (Tentativa 1/5)...
    [Limite de Requisições]. Aguardando 15 segundos (Tentativa 2/5)...
    [Limite de Requisições]. Aguardando 15 segundos (Tentativa 3/5)...
    [Limite de Requisições]. Aguardando 15 segundos (Tentativa 4/5)...
    [Limite de Requisições]. Aguardando 15 segundos (Tentativa 5/5)...
    [Desistindo do ID 156] Excedeu tentativas.
 -> Fatiando parágrafo longo (ID: 161) via IA...
    [Limite de Requisições]. Aguardando 15 segundos (Tentativa 1/5)...
    [Limite de Requisições]. Aguardando 15 segundos (Tentativa 2/5)...
    [Limite de Requisições]. Aguardando 15 segundos (Tentativa 3/5)...
    [Limite de Requisições]. Aguardando 15 segundos (Tentativa 4/5)...
    [Limite de Requisições]. Aguardando 15 segundos (Tentativa 5/5)...
    [Desistindo do ID 161] Excedeu tentativas.
 -> Fatiando parágrafo longo (ID: 162) via IA...
    [Limite de Requisições]. Aguardando 15 segundos (Tentativa 1/5)...
    [Limite de Requisições]. Aguardando 15 segundos (Tentativa 2/5)...
    [Limite de Requisições]. Aguardando 15 segundos (Tentativa 3/5)...
    [Limite de Requisições]. Aguardando 15 segundos (Tentativa 4/5)...
    [Limite de Requisições]. Aguardando 15 segundos (Tentativa 5/5)...
    [Desistindo do ID 162] Excedeu tentativas.
 -> Fatiando parágrafo longo (ID: 167) via IA...
    [Limite de Requisições]. Aguardando 15 segundos (Tentativa 1/5)...
    [Limite de Requisições]. Aguardando 15 segundos (Tentativa 2/5)...
    [Limite de Requisições]. Aguardando 15 segundos (Tentativa 3/5)...
    [Limite de Requisições]. Aguardando 15 segundos (Tentativa 4/5)...
    [Limite de Requisições]. Aguardando 15 segundos (Tentativa 5/5)...
    [Desistindo do ID 167] Excedeu tentativas.
 -> Fatiando parágrafo longo (ID: 173) via IA...
    [Limite de Requisições]. Aguardando 15 segundos (Tentativa 1/5)...
    [Limite de Requisições]. Aguardando 15 segundos (Tentativa 2/5)...
    [Limite de Requisições]. Aguardando 15 segundos (Tentativa 3/5)...
    [Limite de Requisições]. Aguardando 15 segundos (Tentativa 4/5)...
    [Limite de Requisições]. Aguardando 15 segundos (Tentativa 5/5)...
    [Desistindo do ID 173] Excedeu tentativas.
 -> Fatiando parágrafo longo (ID: 174) via IA...
    [Limite de Requisições]. Aguardando 15 segundos (Tentativa 1/5)...
    [Limite de Requisições]. Aguardando 15 segundos (Tentativa 2/5)...
    [Limite de Requisições]. Aguardando 15 segundos (Tentativa 3/5)...
    [Limite de Requisições]. Aguardando 15 segundos (Tentativa 4/5)...
    [Limite de Requisições]. Aguardando 15 segundos (Tentativa 5/5)...
    [Desistindo do ID 174] Excedeu tentativas.
 -> Fatiando parágrafo longo (ID: 189) via IA...
    [Limite de Requisições]. Aguardando 15 segundos (Tentativa 1/5)...
    [Limite de Requisições]. Aguardando 15 segundos (Tentativa 2/5)...
    [Limite de Requisições]. Aguardando 15 segundos (Tentativa 3/5)...
    [Limite de Requisições]. Aguardando 15 segundos (Tentativa 4/5)...
    [Limite de Requisições]. Aguardando 15 segundos (Tentativa 5/5)...
    [Desistindo do ID 189] Excedeu tentativas.
 -> Fatiando parágrafo longo (ID: 190) via IA...
    [Limite de Requisições]. Aguardando 15 segundos (Tentativa 1/5)...
    [Limite de Requisições]. Aguardando 15 segundos (Tentativa 2/5)...
    [Limite de Requisições]. Aguardando 15 segundos (Tentativa 3/5)...
    [Limite de Requisições]. Aguardando 15 segundos (Tentativa 4/5)...
    [Limite de Requisições]. Aguardando 15 segundos (Tentativa 5/5)...
    [Desistindo do ID 190] Excedeu tentativas.
 -> Fatiando parágrafo longo (ID: 191) via IA...
    [Limite de Requisições]. Aguardando 15 segundos (Tentativa 1/5)...
    [Limite de Requisições]. Aguardando 15 segundos (Tentativa 2/5)...
    [Limite de Requisições]. Aguardando 15 segundos (Tentativa 3/5)...
    [Limite de Requisições]. Aguardando 15 segundos (Tentativa 4/5)...
    [Limite de Requisições]. Aguardando 15 segundos (Tentativa 5/5)...
    [Desistindo do ID 191] Excedeu tentativas.
 -> Fatiando parágrafo longo (ID: 203) via IA...
    [Limite de Requisições]. Aguardando 15 segundos (Tentativa 1/5)...
    [Limite de Requisições]. Aguardando 15 segundos (Tentativa 2/5)...
    [Limite de Requisições]. Aguardando 15 segundos (Tentativa 3/5)...
    [Limite de Requisições]. Aguardando 15 segundos (Tentativa 4/5)...
    [Limite de Requisições]. Aguardando 15 segundos (Tentativa 5/5)...
    [Desistindo do ID 203] Excedeu tentativas.
 -> Fatiando parágrafo longo (ID: 218) via IA...
    [Limite de Requisições]. Aguardando 15 segundos (Tentativa 1/5)...
    [Limite de Requisições]. Aguardando 15 segundos (Tentativa 2/5)...
    [Limite de Requisições]. Aguardando 15 segundos (Tentativa 3/5)...
    [Limite de Requisições]. Aguardando 15 segundos (Tentativa 4/5)...
    [Limite de Requisições]. Aguardando 15 segundos (Tentativa 5/5)...
    [Desistindo do ID 218] Excedeu tentativas.
 -> Fatiando parágrafo longo (ID: 219) via IA...
    [Limite de Requisições]. Aguardando 15 segundos (Tentativa 1/5)...
    [Limite de Requisições]. Aguardando 15 segundos (Tentativa 2/5)...
    [Limite de Requisições]. Aguardando 15 segundos (Tentativa 3/5)...
    [Limite de Requisições]. Aguardando 15 segundos (Tentativa 4/5)...
    [Limite de Requisições]. Aguardando 15 segundos (Tentativa 5/5)...
    [Desistindo do ID 219] Excedeu tentativas.
 -> Fatiando parágrafo longo (ID: 220) via IA...
    [Limite de Requisições]. Aguardando 15 segundos (Tentativa 1/5)...
    [Limite de Requisições]. Aguardando 15 segundos (Tentativa 2/5)...
    [Limite de Requisições]. Aguardando 15 segundos (Tentativa 3/5)...
    [Limite de Requisições]. Aguardando 15 segundos (Tentativa 4/5)...
    [Limite de Requisições]. Aguardando 15 segundos (Tentativa 5/5)...
    [Desistindo do ID 220] Excedeu tentativas.
 -> Fatiando parágrafo longo (ID: 221) via IA...
    [Limite de Requisições]. Aguardando 15 segundos (Tentativa 1/5)...
    [Limite de Requisições]. Aguardando 15 segundos (Tentativa 2/5)...
    [Limite de Requisições]. Aguardando 15 segundos (Tentativa 3/5)...
    [Limite de Requisições]. Aguardando 15 segundos (Tentativa 4/5)...
    [Limite de Requisições]. Aguardando 15 segundos (Tentativa 5/5)...
    [Desistindo do ID 221] Excedeu tentativas.
 -> Fatiando parágrafo longo (ID: 223) via IA...
    [Limite de Requisições]. Aguardando 15 segundos (Tentativa 1/5)...
    [Limite de Requisições]. Aguardando 15 segundos (Tentativa 2/5)...
    [Limite de Requisições]. Aguardando 15 segundos (Tentativa 3/5)...
    [Limite de Requisições]. Aguardando 15 segundos (Tentativa 4/5)...
    [Limite de Requisições]. Aguardando 15 segundos (Tentativa 5/5)...
    [Desistindo do ID 223] Excedeu tentativas.
 -> Fatiando parágrafo longo (ID: 225) via IA...
    [Limite de Requisições]. Aguardando 15 segundos (Tentativa 1/5)...
    [Limite de Requisições]. Aguardando 15 segundos (Tentativa 2/5)...
    [Limite de Requisições]. Aguardando 15 segundos (Tentativa 3/5)...
    [Limite de Requisições]. Aguardando 15 segundos (Tentativa 4/5)...
    [Limite de Requisições]. Aguardando 15 segundos (Tentativa 5/5)...
    [Desistindo do ID 225] Excedeu tentativas.
 -> Fatiando parágrafo longo (ID: 226) via IA...
    [Limite de Requisições]. Aguardando 15 segundos (Tentativa 1/5)...
    [Limite de Requisições]. Aguardando 15 segundos (Tentativa 2/5)...
    [Limite de Requisições]. Aguardando 15 segundos (Tentativa 3/5)...
    [Limite de Requisições]. Aguardando 15 segundos (Tentativa 4/5)...
    [Limite de Requisições]. Aguardando 15 segundos (Tentativa 5/5)...
    [Desistindo do ID 226] Excedeu tentativas.
 -> Fatiando parágrafo longo (ID: 230) via IA...
    [Limite de Requisições]. Aguardando 15 segundos (Tentativa 1/5)...
    [Limite de Requisições]. Aguardando 15 segundos (Tentativa 2/5)...
    [Limite de Requisições]. Aguardando 15 segundos (Tentativa 3/5)...
    [Limite de Requisições]. Aguardando 15 segundos (Tentativa 4/5)...
    [Limite de Requisições]. Aguardando 15 segundos (Tentativa 5/5)...
    [Desistindo do ID 230] Excedeu tentativas.
 -> Fatiando parágrafo longo (ID: 231) via IA...
    [Limite de Requisições]. Aguardando 15 segundos (Tentativa 1/5)...
    [Limite de Requisições]. Aguardando 15 segundos (Tentativa 2/5)...
    [Limite de Requisições]. Aguardando 15 segundos (Tentativa 3/5)...
    [Limite de Requisições]. Aguardando 15 segundos (Tentativa 4/5)...
    [Limite de Requisições]. Aguardando 15 segundos (Tentativa 5/5)...
    [Desistindo do ID 231] Excedeu tentativas.
 -> Fatiando parágrafo longo (ID: 232) via IA...
    [Limite de Requisições]. Aguardando 15 segundos (Tentativa 1/5)...
    [Limite de Requisições]. Aguardando 15 segundos (Tentativa 2/5)...
    [Limite de Requisições]. Aguardando 15 segundos (Tentativa 3/5)...
    [Limite de Requisições]. Aguardando 15 segundos (Tentativa 4/5)...
    [Limite de Requisições]. Aguardando 15 segundos (Tentativa 5/5)...
    [Desistindo do ID 232] Excedeu tentativas.
 -> Fatiando parágrafo longo (ID: 233) via IA...
    [Limite de Requisições]. Aguardando 15 segundos (Tentativa 1/5)...
    [Limite de Requisições]. Aguardando 15 segundos (Tentativa 2/5)...
    [Limite de Requisições]. Aguardando 15 segundos (Tentativa 3/5)...
    [Limite de Requisições]. Aguardando 15 segundos (Tentativa 4/5)...
    [Limite de Requisições]. Aguardando 15 segundos (Tentativa 5/5)...
    [Desistindo do ID 233] Excedeu tentativas.
 -> Fatiando parágrafo longo (ID: 234.3) via IA...
    [Limite de Requisições]. Aguardando 15 segundos (Tentativa 1/5)...
    [Limite de Requisições]. Aguardando 15 segundos (Tentativa 2/5)...
    [Limite de Requisições]. Aguardando 15 segundos (Tentativa 3/5)...
    [Limite de Requisições]. Aguardando 15 segundos (Tentativa 4/5)...
    [Limite de Requisições]. Aguardando 15 segundos (Tentativa 5/5)...
    [Desistindo do ID 234.3] Excedeu tentativas.
 -> Fatiando parágrafo longo (ID: 235) via IA...
    [Limite de Requisições]. Aguardando 15 segundos (Tentativa 1/5)...
    [Limite de Requisições]. Aguardando 15 segundos (Tentativa 2/5)...
    [Limite de Requisições]. Aguardando 15 segundos (Tentativa 3/5)...
    [Limite de Requisições]. Aguardando 15 segundos (Tentativa 4/5)...
    [Limite de Requisições]. Aguardando 15 segundos (Tentativa 5/5)...
    [Desistindo do ID 235] Excedeu tentativas.
 -> Fatiando parágrafo longo (ID: 236) via IA...
    [Limite de Requisições]. Aguardando 15 segundos (Tentativa 1/5)...
    [Limite de Requisições]. Aguardando 15 segundos (Tentativa 2/5)...
    [Limite de Requisições]. Aguardando 15 segundos (Tentativa 3/5)...
    [Limite de Requisições]. Aguardando 15 segundos (Tentativa 4/5)...
    [Limite de Requisições]. Aguardando 15 segundos (Tentativa 5/5)...
    [Desistindo do ID 236] Excedeu tentativas.
 -> Fatiando parágrafo longo (ID: 237) via IA...
    [Limite de Requisições]. Aguardando 15 segundos (Tentativa 1/5)...
    [Limite de Requisições]. Aguardando 15 segundos (Tentativa 2/5)...
    [Limite de Requisições]. Aguardando 15 segundos (Tentativa 3/5)...
    [Limite de Requisições]. Aguardando 15 segundos (Tentativa 4/5)...
    [Limite de Requisições]. Aguardando 15 segundos (Tentativa 5/5)...
    [Desistindo do ID 237] Excedeu tentativas.
 -> Fatiando parágrafo longo (ID: 238) via IA...
    [Limite de Requisições]. Aguardando 15 segundos (Tentativa 1/5)...
    [Limite de Requisições]. Aguardando 15 segundos (Tentativa 2/5)...
    [Limite de Requisições]. Aguardando 15 segundos (Tentativa 3/5)...
    [Limite de Requisições]. Aguardando 15 segundos (Tentativa 4/5)...
    [Limite de Requisições]. Aguardando 15 segundos (Tentativa 5/5)...
    [Desistindo do ID 238] Excedeu tentativas.
 -> Fatiando parágrafo longo (ID: 239) via IA...
    [Limite de Requisições]. Aguardando 15 segundos (Tentativa 1/5)...
    [Limite de Requisições]. Aguardando 15 segundos (Tentativa 2/5)...
    [Limite de Requisições]. Aguardando 15 segundos (Tentativa 3/5)...
    [Limite de Requisições]. Aguardando 15 segundos (Tentativa 4/5)...
    [Limite de Requisições]. Aguardando 15 segundos (Tentativa 5/5)...
    [Desistindo do ID 239] Excedeu tentativas.
 -> Fatiando parágrafo longo (ID: 242) via IA...
    [Limite de Requisições]. Aguardando 15 segundos (Tentativa 1/5)...
    [Limite de Requisições]. Aguardando 15 segundos (Tentativa 2/5)...
    [Limite de Requisições]. Aguardando 15 segundos (Tentativa 3/5)...
    [Limite de Requisições]. Aguardando 15 segundos (Tentativa 4/5)...
    [Limite de Requisições]. Aguardando 15 segundos (Tentativa 5/5)...
    [Desistindo do ID 242] Excedeu tentativas.
 -> Fatiando parágrafo longo (ID: 244) via IA...
    [Limite de Requisições]. Aguardando 15 segundos (Tentativa 1/5)...
    [Limite de Requisições]. Aguardando 15 segundos (Tentativa 2/5)...
    [Limite de Requisições]. Aguardando 15 segundos (Tentativa 3/5)...
    [Limite de Requisições]. Aguardando 15 segundos (Tentativa 4/5)...
    [Limite de Requisições]. Aguardando 15 segundos (Tentativa 5/5)...
    [Desistindo do ID 244] Excedeu tentativas.
 -> Fatiando parágrafo longo (ID: 245) via IA...
    [Limite de Requisições]. Aguardando 15 segundos (Tentativa 1/5)...
    [Limite de Requisições]. Aguardando 15 segundos (Tentativa 2/5)...
    [Limite de Requisições]. Aguardando 15 segundos (Tentativa 3/5)...
    [Limite de Requisições]. Aguardando 15 segundos (Tentativa 4/5)...
    [Limite de Requisições]. Aguardando 15 segundos (Tentativa 5/5)...
    [Desistindo do ID 245] Excedeu tentativas.
 -> Fatiando parágrafo longo (ID: 246) via IA...
    [Limite de Requisições]. Aguardando 15 segundos (Tentativa 1/5)...
    [Limite de Requisições]. Aguardando 15 segundos (Tentativa 2/5)...
    [Limite de Requisições]. Aguardando 15 segundos (Tentativa 3/5)...
    [Limite de Requisições]. Aguardando 15 segundos (Tentativa 4/5)...
    [Limite de Requisições]. Aguardando 15 segundos (Tentativa 5/5)...
    [Desistindo do ID 246] Excedeu tentativas.
 -> Fatiando parágrafo longo (ID: 247) via IA...
    [Limite de Requisições]. Aguardando 15 segundos (Tentativa 1/5)...
    [Limite de Requisições]. Aguardando 15 segundos (Tentativa 2/5)...
    [Limite de Requisições]. Aguardando 15 segundos (Tentativa 3/5)...
    [Limite de Requisições]. Aguardando 15 segundos (Tentativa 4/5)...
    [Limite de Requisições]. Aguardando 15 segundos (Tentativa 5/5)...
    [Desistindo do ID 247] Excedeu tentativas.
 -> Fatiando parágrafo longo (ID: 248) via IA...
    [Limite de Requisições]. Aguardando 15 segundos (Tentativa 1/5)...
    [Limite de Requisições]. Aguardando 15 segundos (Tentativa 2/5)...
    [Limite de Requisições]. Aguardando 15 segundos (Tentativa 3/5)...
    [Limite de Requisições]. Aguardando 15 segundos (Tentativa 4/5)...
    [Limite de Requisições]. Aguardando 15 segundos (Tentativa 5/5)...
    [Desistindo do ID 248] Excedeu tentativas.
 -> Fatiando parágrafo longo (ID: 251) via IA...
    [Limite de Requisições]. Aguardando 15 segundos (Tentativa 1/5)...
    [Limite de Requisições]. Aguardando 15 segundos (Tentativa 2/5)...
    [Limite de Requisições]. Aguardando 15 segundos (Tentativa 3/5)...
    [Limite de Requisições]. Aguardando 15 segundos (Tentativa 4/5)...
    [Limite de Requisições]. Aguardando 15 segundos (Tentativa 5/5)...
    [Desistindo do ID 251] Excedeu tentativas.
 -> Fatiando parágrafo longo (ID: 253) via IA...
    [Limite de Requisições]. Aguardando 15 segundos (Tentativa 1/5)...
    [Limite de Requisições]. Aguardando 15 segundos (Tentativa 2/5)...
    [Limite de Requisições]. Aguardando 15 segundos (Tentativa 3/5)...
    [Limite de Requisições]. Aguardando 15 segundos (Tentativa 4/5)...
    [Limite de Requisições]. Aguardando 15 segundos (Tentativa 5/5)...
    [Desistindo do ID 253] Excedeu tentativas.
 -> Fatiando parágrafo longo (ID: 254) via IA...
    [Limite de Requisições]. Aguardando 15 segundos (Tentativa 1/5)...
    [Limite de Requisições]. Aguardando 15 segundos (Tentativa 2/5)...
    [Limite de Requisições]. Aguardando 15 segundos (Tentativa 3/5)...
    [Limite de Requisições]. Aguardando 15 segundos (Tentativa 4/5)...
    [Limite de Requisições]. Aguardando 15 segundos (Tentativa 5/5)...
    [Desistindo do ID 254] Excedeu tentativas.
 -> Fatiando parágrafo longo (ID: 257) via IA...
    [Limite de Requisições]. Aguardando 15 segundos (Tentativa 1/5)...
    [Limite de Requisições]. Aguardando 15 segundos (Tentativa 2/5)...
    [Limite de Requisições]. Aguardando 15 segundos (Tentativa 3/5)...
    [Limite de Requisições]. Aguardando 15 segundos (Tentativa 4/5)...
    [Limite de Requisições]. Aguardando 15 segundos (Tentativa 5/5)...
    [Desistindo do ID 257] Excedeu tentativas.
 -> Fatiando parágrafo longo (ID: 258) via IA...
    [Limite de Requisições]. Aguardando 15 segundos (Tentativa 1/5)...
    [Limite de Requisições]. Aguardando 15 segundos (Tentativa 2/5)...
    [Limite de Requisições]. Aguardando 15 segundos (Tentativa 3/5)...
    [Limite de Requisições]. Aguardando 15 segundos (Tentativa 4/5)...
    [Limite de Requisições]. Aguardando 15 segundos (Tentativa 5/5)...
    [Desistindo do ID 258] Excedeu tentativas.
 -> Fatiando parágrafo longo (ID: 259) via IA...
    [Limite de Requisições]. Aguardando 15 segundos (Tentativa 1/5)...
    [Limite de Requisições]. Aguardando 15 segundos (Tentativa 2/5)...
    [Limite de Requisições]. Aguardando 15 segundos (Tentativa 3/5)...
    [Limite de Requisições]. Aguardando 15 segundos (Tentativa 4/5)...
    [Limite de Requisições]. Aguardando 15 segundos (Tentativa 5/5)...
    [Desistindo do ID 259] Excedeu tentativas.
 -> Fatiando parágrafo longo (ID: 260) via IA...
    [Limite de Requisições]. Aguardando 15 segundos (Tentativa 1/5)...
    [Limite de Requisições]. Aguardando 15 segundos (Tentativa 2/5)...
    [Limite de Requisições]. Aguardando 15 segundos (Tentativa 3/5)...
    [Limite de Requisições]. Aguardando 15 segundos (Tentativa 4/5)...
    [Limite de Requisições]. Aguardando 15 segundos (Tentativa 5/5)...
    [Desistindo do ID 260] Excedeu tentativas.
 -> Fatiando parágrafo longo (ID: 261) via IA...
    [Limite de Requisições]. Aguardando 15 segundos (Tentativa 1/5)...
    [Limite de Requisições]. Aguardando 15 segundos (Tentativa 2/5)...
    [Limite de Requisições]. Aguardando 15 segundos (Tentativa 3/5)...
    [Limite de Requisições]. Aguardando 15 segundos (Tentativa 4/5)...
    [Limite de Requisições]. Aguardando 15 segundos (Tentativa 5/5)...
    [Desistindo do ID 261] Excedeu tentativas.
 -> Fatiando parágrafo longo (ID: 266) via IA...
    [Limite de Requisições]. Aguardando 15 segundos (Tentativa 1/5)...
    [Limite de Requisições]. Aguardando 15 segundos (Tentativa 2/5)...
    [Limite de Requisições]. Aguardando 15 segundos (Tentativa 3/5)...
    [Limite de Requisições]. Aguardando 15 segundos (Tentativa 4/5)...
    [Limite de Requisições]. Aguardando 15 segundos (Tentativa 5/5)...
    [Desistindo do ID 266] Excedeu tentativas.
 -> Fatiando parágrafo longo (ID: 267) via IA...
    [Limite de Requisições]. Aguardando 15 segundos (Tentativa 1/5)...
    [Limite de Requisições]. Aguardando 15 segundos (Tentativa 2/5)...
    [Limite de Requisições]. Aguardando 15 segundos (Tentativa 3/5)...
    [Limite de Requisições]. Aguardando 15 segundos (Tentativa 4/5)...
    [Limite de Requisições]. Aguardando 15 segundos (Tentativa 5/5)...
    [Desistindo do ID 267] Excedeu tentativas.
 -> Fatiando parágrafo longo (ID: 268) via IA...
    [Limite de Requisições]. Aguardando 15 segundos (Tentativa 1/5)...
    [Limite de Requisições]. Aguardando 15 segundos (Tentativa 2/5)...
    [Limite de Requisições]. Aguardando 15 segundos (Tentativa 3/5)...
    [Limite de Requisições]. Aguardando 15 segundos (Tentativa 4/5)...
    [Limite de Requisições]. Aguardando 15 segundos (Tentativa 5/5)...
    [Desistindo do ID 268] Excedeu tentativas.
 -> Fatiando parágrafo longo (ID: 269) via IA...
    [Limite de Requisições]. Aguardando 15 segundos (Tentativa 1/5)...
    [Limite de Requisições]. Aguardando 15 segundos (Tentativa 2/5)...
    [Limite de Requisições]. Aguardando 15 segundos (Tentativa 3/5)...
    [Limite de Requisições]. Aguardando 15 segundos (Tentativa 4/5)...
    [Limite de Requisições]. Aguardando 15 segundos (Tentativa 5/5)...
    [Desistindo do ID 269] Excedeu tentativas.
 -> Fatiando parágrafo longo (ID: 270) via IA...
    [Limite de Requisições]. Aguardando 15 segundos (Tentativa 1/5)...
    [Limite de Requisições]. Aguardando 15 segundos (Tentativa 2/5)...
    [Limite de Requisições]. Aguardando 15 segundos (Tentativa 3/5)...
    [Limite de Requisições]. Aguardando 15 segundos (Tentativa 4/5)...
    [Limite de Requisições]. Aguardando 15 segundos (Tentativa 5/5)...
    [Desistindo do ID 270] Excedeu tentativas.
 -> Fatiando parágrafo longo (ID: 271) via IA...
    [Limite de Requisições]. Aguardando 15 segundos (Tentativa 1/5)...
    [Limite de Requisições]. Aguardando 15 segundos (Tentativa 2/5)...
    [Limite de Requisições]. Aguardando 15 segundos (Tentativa 3/5)...
    [Limite de Requisições]. Aguardando 15 segundos (Tentativa 4/5)...
    [Limite de Requisições]. Aguardando 15 segundos (Tentativa 5/5)...
    [Desistindo do ID 271] Excedeu tentativas.
 -> Fatiando parágrafo longo (ID: 272) via IA...
    [Limite de Requisições]. Aguardando 15 segundos (Tentativa 1/5)...
    [Limite de Requisições]. Aguardando 15 segundos (Tentativa 2/5)...
    [Limite de Requisições]. Aguardando 15 segundos (Tentativa 3/5)...
    [Limite de Requisições]. Aguardando 15 segundos (Tentativa 4/5)...
    [Limite de Requisições]. Aguardando 15 segundos (Tentativa 5/5)...
    [Desistindo do ID 272] Excedeu tentativas.
 -> Fatiando parágrafo longo (ID: 273) via IA...
    [Limite de Requisições]. Aguardando 15 segundos (Tentativa 1/5)...
    [Limite de Requisições]. Aguardando 15 segundos (Tentativa 2/5)...
    [Limite de Requisições]. Aguardando 15 segundos (Tentativa 3/5)...
    [Limite de Requisições]. Aguardando 15 segundos (Tentativa 4/5)...
    [Limite de Requisições]. Aguardando 15 segundos (Tentativa 5/5)...
    [Desistindo do ID 273] Excedeu tentativas.
 -> Fatiando parágrafo longo (ID: 274) via IA...
    [Limite de Requisições]. Aguardando 15 segundos (Tentativa 1/5)...
    [Limite de Requisições]. Aguardando 15 segundos (Tentativa 2/5)...
    [Limite de Requisições]. Aguardando 15 segundos (Tentativa 3/5)...
    [Limite de Requisições]. Aguardando 15 segundos (Tentativa 4/5)...
    [Limite de Requisições]. Aguardando 15 segundos (Tentativa 5/5)...
    [Desistindo do ID 274] Excedeu tentativas.
 -> Fatiando parágrafo longo (ID: 277) via IA...
    [Limite de Requisições]. Aguardando 15 segundos (Tentativa 1/5)...
    [Limite de Requisições]. Aguardando 15 segundos (Tentativa 2/5)...
    [Limite de Requisições]. Aguardando 15 segundos (Tentativa 3/5)...
    [Limite de Requisições]. Aguardando 15 segundos (Tentativa 4/5)...
    [Limite de Requisições]. Aguardando 15 segundos (Tentativa 5/5)...
    [Desistindo do ID 277] Excedeu tentativas.
 -> Fatiando parágrafo longo (ID: 284) via IA...
    [Limite de Requisições]. Aguardando 15 segundos (Tentativa 1/5)...
    [Limite de Requisições]. Aguardando 15 segundos (Tentativa 2/5)...
    [Limite de Requisições]. Aguardando 15 segundos (Tentativa 3/5)...
    [Limite de Requisições]. Aguardando 15 segundos (Tentativa 4/5)...
    [Limite de Requisições]. Aguardando 15 segundos (Tentativa 5/5)...
    [Desistindo do ID 284] Excedeu tentativas.
 -> Fatiando parágrafo longo (ID: 286) via IA...
    [Limite de Requisições]. Aguardando 15 segundos (Tentativa 1/5)...
    [Limite de Requisições]. Aguardando 15 segundos (Tentativa 2/5)...
    [Limite de Requisições]. Aguardando 15 segundos (Tentativa 3/5)...
    [Limite de Requisições]. Aguardando 15 segundos (Tentativa 4/5)...
    [Limite de Requisições]. Aguardando 15 segundos (Tentativa 5/5)...
    [Desistindo do ID 286] Excedeu tentativas.
 -> Fatiando parágrafo longo (ID: 287) via IA...
    [Limite de Requisições]. Aguardando 15 segundos (Tentativa 1/5)...
    [Limite de Requisições]. Aguardando 15 segundos (Tentativa 2/5)...
    [Limite de Requisições]. Aguardando 15 segundos (Tentativa 3/5)...
    [Limite de Requisições]. Aguardando 15 segundos (Tentativa 4/5)...
    [Limite de Requisições]. Aguardando 15 segundos (Tentativa 5/5)...
    [Desistindo do ID 287] Excedeu tentativas.
 -> Fatiando parágrafo longo (ID: 288) via IA...
    [Limite de Requisições]. Aguardando 15 segundos (Tentativa 1/5)...
    [Limite de Requisições]. Aguardando 15 segundos (Tentativa 2/5)...
    [Limite de Requisições]. Aguardando 15 segundos (Tentativa 3/5)...
    [Limite de Requisições]. Aguardando 15 segundos (Tentativa 4/5)...
    [Limite de Requisições]. Aguardando 15 segundos (Tentativa 5/5)...
    [Desistindo do ID 288] Excedeu tentativas.
 -> Fatiando parágrafo longo (ID: 289) via IA...
    [Limite de Requisições]. Aguardando 15 segundos (Tentativa 1/5)...
    [Limite de Requisições]. Aguardando 15 segundos (Tentativa 2/5)...
    [Limite de Requisições]. Aguardando 15 segundos (Tentativa 3/5)...
    [Limite de Requisições]. Aguardando 15 segundos (Tentativa 4/5)...
    [Limite de Requisições]. Aguardando 15 segundos (Tentativa 5/5)...
    [Desistindo do ID 289] Excedeu tentativas.
 -> Fatiando parágrafo longo (ID: 292) via IA...
    [Limite de Requisições]. Aguardando 15 segundos (Tentativa 1/5)...
    [Limite de Requisições]. Aguardando 15 segundos (Tentativa 2/5)...
    [Limite de Requisições]. Aguardando 15 segundos (Tentativa 3/5)...
    [Limite de Requisições]. Aguardando 15 segundos (Tentativa 4/5)...
    [Limite de Requisições]. Aguardando 15 segundos (Tentativa 5/5)...
    [Desistindo do ID 292] Excedeu tentativas.
 -> Fatiando parágrafo longo (ID: 301) via IA...
    [Limite de Requisições]. Aguardando 15 segundos (Tentativa 1/5)...
    [Limite de Requisições]. Aguardando 15 segundos (Tentativa 2/5)...
    [Limite de Requisições]. Aguardando 15 segundos (Tentativa 3/5)...
    [Limite de Requisições]. Aguardando 15 segundos (Tentativa 4/5)...
    [Limite de Requisições]. Aguardando 15 segundos (Tentativa 5/5)...
    [Desistindo do ID 301] Excedeu tentativas.
 -> Fatiando parágrafo longo (ID: 375) via IA...
    [Limite de Requisições]. Aguardando 15 segundos (Tentativa 1/5)...
    [Limite de Requisições]. Aguardando 15 segundos (Tentativa 2/5)...
    [Limite de Requisições]. Aguardando 15 segundos (Tentativa 3/5)...
    [Limite de Requisições]. Aguardando 15 segundos (Tentativa 4/5)...
    [Limite de Requisições]. Aguardando 15 segundos (Tentativa 5/5)...
    [Desistindo do ID 375] Excedeu tentativas.
 -> Fatiando parágrafo longo (ID: 489) via IA...
    [Limite de Requisições]. Aguardando 15 segundos (Tentativa 1/5)...
    [Limite de Requisições]. Aguardando 15 segundos (Tentativa 2/5)...
    [Limite de Requisições]. Aguardando 15 segundos (Tentativa 3/5)...
    [Limite de Requisições]. Aguardando 15 segundos (Tentativa 4/5)...
    [Limite de Requisições]. Aguardando 15 segundos (Tentativa 5/5)...
    [Desistindo do ID 489] Excedeu tentativas.
 -> Fatiando parágrafo longo (ID: 711) via IA...
    [Limite de Requisições]. Aguardando 15 segundos (Tentativa 1/5)...
    [Limite de Requisições]. Aguardando 15 segundos (Tentativa 2/5)...
    [Limite de Requisições]. Aguardando 15 segundos (Tentativa 3/5)...
    [Limite de Requisições]. Aguardando 15 segundos (Tentativa 4/5)...
    [Limite de Requisições]. Aguardando 15 segundos (Tentativa 5/5)...
    [Desistindo do ID 711] Excedeu tentativas.
 -> Fatiando parágrafo longo (ID: 1088) via IA...
    [Limite de Requisições]. Aguardando 15 segundos (Tentativa 1/5)...
    [Limite de Requisições]. Aguardando 15 segundos (Tentativa 2/5)...
    [Limite de Requisições]. Aguardando 15 segundos (Tentativa 3/5)...
    [Limite de Requisições]. Aguardando 15 segundos (Tentativa 4/5)...
    [Limite de Requisições]. Aguardando 15 segundos (Tentativa 5/5)...
    [Desistindo do ID 1088] Excedeu tentativas.
Nenhuma quebra necessária neste arquivo.

[data/works/abhidhammavatara/mula__1.json]
 -> Fatiando parágrafo longo (ID: 1262) via IA...
    [Limite de Requisições]. Aguardando 15 segundos (Tentativa 1/5)...
    [Limite de Requisições]. Aguardando 15 segundos (Tentativa 2/5)...
    [Limite de Requisições]. Aguardando 15 segundos (Tentativa 3/5)...
    [Limite de Requisições]. Aguardando 15 segundos (Tentativa 4/5)...
    [Limite de Requisições]. Aguardando 15 segundos (Tentativa 5/5)...
    [Desistindo do ID 1262] Excedeu tentativas.
 -> Fatiando parágrafo longo (ID: 1423) via IA...
    [Limite de Requisições]. Aguardando 15 segundos (Tentativa 1/5)...
    [Limite de Requisições]. Aguardando 15 segundos (Tentativa 2/5)...
    [Limite de Requisições]. Aguardando 15 segundos (Tentativa 3/5)...
    [Limite de Requisições]. Aguardando 15 segundos (Tentativa 4/5)...
    [Limite de Requisições]. Aguardando 15 segundos (Tentativa 5/5)...
    [Desistindo do ID 1423] Excedeu tentativas.
 -> Fatiando parágrafo longo (ID: 1472) via IA...
    [Limite de Requisições]. Aguardando 15 segundos (Tentativa 1/5)...
    [Limite de Requisições]. Aguardando 15 segundos (Tentativa 2/5)...
    [Limite de Requisições]. Aguardando 15 segundos (Tentativa 3/5)...
    [Limite de Requisições]. Aguardando 15 segundos (Tentativa 4/5)...
    [Limite de Requisições]. Aguardando 15 segundos (Tentativa 5/5)...
    [Desistindo do ID 1472] Excedeu tentativas.
 -> Fatiando parágrafo longo (ID: 1476) via IA...
    [Limite de Requisições]. Aguardando 15 segundos (Tentativa 1/5)...
    [Limite de Requisições]. Aguardando 15 segundos (Tentativa 2/5)...
    [Limite de Requisições]. Aguardando 15 segundos (Tentativa 3/5)...
    [Limite de Requisições]. Aguardando 15 segundos (Tentativa 4/5)...
    [Limite de Requisições]. Aguardando 15 segundos (Tentativa 5/5)...
    [Desistindo do ID 1476] Excedeu tentativas.
 -> Fatiando parágrafo longo (ID: 1494) via IA...
    [Limite de Requisições]. Aguardando 15 segundos (Tentativa 1/5)...
    [Limite de Requisições]. Aguardando 15 segundos (Tentativa 2/5)...
    [Limite de Requisições]. Aguardando 15 segundos (Tentativa 3/5)...
    [Limite de Requisições]. Aguardando 15 segundos (Tentativa 4/5)...
    [Limite de Requisições]. Aguardando 15 segundos (Tentativa 5/5)...
    [Desistindo do ID 1494] Excedeu tentativas.
 -> Fatiando parágrafo longo (ID: 1535) via IA...
    [Limite de Requisições]. Aguardando 15 segundos (Tentativa 1/5)...
    [Limite de Requisições]. Aguardando 15 segundos (Tentativa 2/5)...
    [Limite de Requisições]. Aguardando 15 segundos (Tentativa 3/5)...
    [Limite de Requisições]. Aguardando 15 segundos (Tentativa 4/5)...
    [Limite de Requisições]. Aguardando 15 segundos (Tentativa 5/5)...
    [Desistindo do ID 1535] Excedeu tentativas.
 -> Fatiando parágrafo longo (ID: 1557) via IA...
    [Limite de Requisições]. Aguardando 15 segundos (Tentativa 1/5)...
    [Limite de Requisições]. Aguardando 15 segundos (Tentativa 2/5)...
    [Limite de Requisições]. Aguardando 15 segundos (Tentativa 3/5)...
    [Limite de Requisições]. Aguardando 15 segundos (Tentativa 4/5)...
    [Limite de Requisições]. Aguardando 15 segundos (Tentativa 5/5)...
    [Desistindo do ID 1557] Excedeu tentativas.
 -> Fatiando parágrafo longo (ID: 1590) via IA...
    [Limite de Requisições]. Aguardando 15 segundos (Tentativa 1/5)...
    [Limite de Requisições]. Aguardando 15 segundos (Tentativa 2/5)...
    [Limite de Requisições]. Aguardando 15 segundos (Tentativa 3/5)...
    [Limite de Requisições]. Aguardando 15 segundos (Tentativa 4/5)...
    [Limite de Requisições]. Aguardando 15 segundos (Tentativa 5/5)...
    [Desistindo do ID 1590] Excedeu tentativas.
 -> Fatiando parágrafo longo (ID: 1593) via IA...
    [Limite de Requisições]. Aguardando 15 segundos (Tentativa 1/5)...
    [Limite de Requisições]. Aguardando 15 segundos (Tentativa 2/5)...
    [Limite de Requisições]. Aguardando 15 segundos (Tentativa 3/5)...
    [Limite de Requisições]. Aguardando 15 segundos (Tentativa 4/5)...
    [Limite de Requisições]. Aguardando 15 segundos (Tentativa 5/5)...
    [Desistindo do ID 1593] Excedeu tentativas.
 -> Fatiando parágrafo longo (ID: 1646) via IA...
    [Limite de Requisições]. Aguardando 15 segundos (Tentativa 1/5)...
    [Limite de Requisições]. Aguardando 15 segundos (Tentativa 2/5)...
    [Limite de Requisições]. Aguardando 15 segundos (Tentativa 3/5)...
    [Limite de Requisições]. Aguardando 15 segundos (Tentativa 4/5)...
    [Limite de Requisições]. Aguardando 15 segundos (Tentativa 5/5)...
    [Desistindo do ID 1646] Excedeu tentativas.
 -> Fatiando parágrafo longo (ID: 1682) via IA...
    [Limite de Requisições]. Aguardando 15 segundos (Tentativa 1/5)...
    [Limite de Requisições]. Aguardando 15 segundos (Tentativa 2/5)...
    [Limite de Requisições]. Aguardando 15 segundos (Tentativa 3/5)...
    [Limite de Requisições]. Aguardando 15 segundos (Tentativa 4/5)...
    [Limite de Requisições]. Aguardando 15 segundos (Tentativa 5/5)...
    [Desistindo do ID 1682] Excedeu tentativas.
 -> Fatiando parágrafo longo (ID: 1683) via IA...
    [Limite de Requisições]. Aguardando 15 segundos (Tentativa 1/5)...
    [Limite de Requisições]. Aguardando 15 segundos (Tentativa 2/5)...
    [Limite de Requisições]. Aguardando 15 segundos (Tentativa 3/5)...
    [Limite de Requisições]. Aguardando 15 segundos (Tentativa 4/5)...
    [Limite de Requisições]. Aguardando 15 segundos (Tentativa 5/5)...
    [Desistindo do ID 1683] Excedeu tentativas.
 -> Fatiando parágrafo longo (ID: 1684) via IA...
    [Limite de Requisições]. Aguardando 15 segundos (Tentativa 1/5)...
    [Limite de Requisições]. Aguardando 15 segundos (Tentativa 2/5)...
    [Limite de Requisições]. Aguardando 15 segundos (Tentativa 3/5)...
    [Limite de Requisições]. Aguardando 15 segundos (Tentativa 4/5)...
    [Limite de Requisições]. Aguardando 15 segundos (Tentativa 5/5)...
    [Desistindo do ID 1684] Excedeu tentativas.
 -> Fatiando parágrafo longo (ID: 1685) via IA...
    [Limite de Requisições]. Aguardando 15 segundos (Tentativa 1/5)...
    [Limite de Requisições]. Aguardando 15 segundos (Tentativa 2/5)...
    [Limite de Requisições]. Aguardando 15 segundos (Tentativa 3/5)...
    [Limite de Requisições]. Aguardando 15 segundos (Tentativa 4/5)...
    [Limite de Requisições]. Aguardando 15 segundos (Tentativa 5/5)...
    [Desistindo do ID 1685] Excedeu tentativas.
 -> Fatiando parágrafo longo (ID: 1697) via IA...
    [Limite de Requisições]. Aguardando 15 segundos (Tentativa 1/5)...
    [Limite de Requisições]. Aguardando 15 segundos (Tentativa 2/5)...
    [Limite de Requisições]. Aguardando 15 segundos (Tentativa 3/5)...
    [Limite de Requisições]. Aguardando 15 segundos (Tentativa 4/5)...
    [Limite de Requisições]. Aguardando 15 segundos (Tentativa 5/5)...
    [Desistindo do ID 1697] Excedeu tentativas.
 -> Fatiando parágrafo longo (ID: 1754) via IA...
    [Limite de Requisições]. Aguardando 15 segundos (Tentativa 1/5)...
    [Limite de Requisições]. Aguardando 15 segundos (Tentativa 2/5)...
    [Limite de Requisições]. Aguardando 15 segundos (Tentativa 3/5)...
    [Limite de Requisições]. Aguardando 15 segundos (Tentativa 4/5)...
    [Limite de Requisições]. Aguardando 15 segundos (Tentativa 5/5)...
    [Desistindo do ID 1754] Excedeu tentativas.
 -> Fatiando parágrafo longo (ID: 1763) via IA...
    [Limite de Requisições]. Aguardando 15 segundos (Tentativa 1/5)...
    [Limite de Requisições]. Aguardando 15 segundos (Tentativa 2/5)...
    [Limite de Requisições]. Aguardando 15 segundos (Tentativa 3/5)...
    [Limite de Requisições]. Aguardando 15 segundos (Tentativa 4/5)...
    [Limite de Requisições]. Aguardando 15 segundos (Tentativa 5/5)...
    [Desistindo do ID 1763] Excedeu tentativas.
 -> Fatiando parágrafo longo (ID: 1767) via IA...
    [Limite de Requisições]. Aguardando 15 segundos (Tentativa 1/5)...
    [Limite de Requisições]. Aguardando 15 segundos (Tentativa 2/5)...
    [Limite de Requisições]. Aguardando 15 segundos (Tentativa 3/5)...
    [Limite de Requisições]. Aguardando 15 segundos (Tentativa 4/5)...
    [Limite de Requisições]. Aguardando 15 segundos (Tentativa 5/5)...
    [Desistindo do ID 1767] Excedeu tentativas.
 -> Fatiando parágrafo longo (ID: 1768) via IA...
    [Limite de Requisições]. Aguardando 15 segundos (Tentativa 1/5)...
    [Limite de Requisições]. Aguardando 15 segundos (Tentativa 2/5)...
    [Limite de Requisições]. Aguardando 15 segundos (Tentativa 3/5)...
    [Limite de Requisições]. Aguardando 15 segundos (Tentativa 4/5)...
    [Limite de Requisições]. Aguardando 15 segundos (Tentativa 5/5)...
    [Desistindo do ID 1768] Excedeu tentativas.
 -> Fatiando parágrafo longo (ID: 1769) via IA...
    [Limite de Requisições]. Aguardando 15 segundos (Tentativa 1/5)...
    [Limite de Requisições]. Aguardando 15 segundos (Tentativa 2/5)...
    [Limite de Requisições]. Aguardando 15 segundos (Tentativa 3/5)...
    [Limite de Requisições]. Aguardando 15 segundos (Tentativa 4/5)...
    [Limite de Requisições]. Aguardando 15 segundos (Tentativa 5/5)...
    [Desistindo do ID 1769] Excedeu tentativas.
 -> Fatiando parágrafo longo (ID: 1772) via IA...
    [Limite de Requisições]. Aguardando 15 segundos (Tentativa 1/5)...
    [Limite de Requisições]. Aguardando 15 segundos (Tentativa 2/5)...
    [Limite de Requisições]. Aguardando 15 segundos (Tentativa 3/5)...
    [Limite de Requisições]. Aguardando 15 segundos (Tentativa 4/5)...
    [Limite de Requisições]. Aguardando 15 segundos (Tentativa 5/5)...
    [Desistindo do ID 1772] Excedeu tentativas.
 -> Fatiando parágrafo longo (ID: 1773) via IA...
    [Limite de Requisições]. Aguardando 15 segundos (Tentativa 1/5)...
    [Limite de Requisições]. Aguardando 15 segundos (Tentativa 2/5)...
    [Limite de Requisições]. Aguardando 15 segundos (Tentativa 3/5)...
    [Limite de Requisições]. Aguardando 15 segundos (Tentativa 4/5)...
    [Limite de Requisições]. Aguardando 15 segundos (Tentativa 5/5)...
    [Desistindo do ID 1773] Excedeu tentativas.
 -> Fatiando parágrafo longo (ID: 1774) via IA...
    [Limite de Requisições]. Aguardando 15 segundos (Tentativa 1/5)...
    [Limite de Requisições]. Aguardando 15 segundos (Tentativa 2/5)...
    [Limite de Requisições]. Aguardando 15 segundos (Tentativa 3/5)...
    [Limite de Requisições]. Aguardando 15 segundos (Tentativa 4/5)...
    [Limite de Requisições]. Aguardando 15 segundos (Tentativa 5/5)...
    [Desistindo do ID 1774] Excedeu tentativas.
 -> Fatiando parágrafo longo (ID: 1786) via IA...
    [Limite de Requisições]. Aguardando 15 segundos (Tentativa 1/5)...
    [Limite de Requisições]. Aguardando 15 segundos (Tentativa 2/5)...
    [Limite de Requisições]. Aguardando 15 segundos (Tentativa 3/5)...
    [Limite de Requisições]. Aguardando 15 segundos (Tentativa 4/5)...
    [Limite de Requisições]. Aguardando 15 segundos (Tentativa 5/5)...
    [Desistindo do ID 1786] Excedeu tentativas.
 -> Fatiando parágrafo longo (ID: 1791) via IA...
    [Limite de Requisições]. Aguardando 15 segundos (Tentativa 1/5)...
    [Limite de Requisições]. Aguardando 15 segundos (Tentativa 2/5)...
    [Limite de Requisições]. Aguardando 15 segundos (Tentativa 3/5)...
    [Limite de Requisições]. Aguardando 15 segundos (Tentativa 4/5)...
    [Limite de Requisições]. Aguardando 15 segundos (Tentativa 5/5)...
    [Desistindo do ID 1791] Excedeu tentativas.
 -> Fatiando parágrafo longo (ID: 1792) via IA...
    [Limite de Requisições]. Aguardando 15 segundos (Tentativa 1/5)...
    [Limite de Requisições]. Aguardando 15 segundos (Tentativa 2/5)...
    [Limite de Requisições]. Aguardando 15 segundos (Tentativa 3/5)...
    [Limite de Requisições]. Aguardando 15 segundos (Tentativa 4/5)...
    [Limite de Requisições]. Aguardando 15 segundos (Tentativa 5/5)...
    [Desistindo do ID 1792] Excedeu tentativas.
 -> Fatiando parágrafo longo (ID: 1793) via IA...
    [Limite de Requisições]. Aguardando 15 segundos (Tentativa 1/5)...
    [Limite de Requisições]. Aguardando 15 segundos (Tentativa 2/5)...
    [Limite de Requisições]. Aguardando 15 segundos (Tentativa 3/5)...
    [Limite de Requisições]. Aguardando 15 segundos (Tentativa 4/5)...
    [Limite de Requisições]. Aguardando 15 segundos (Tentativa 5/5)...
    [Desistindo do ID 1793] Excedeu tentativas.
 -> Fatiando parágrafo longo (ID: 1794) via IA...
    [Limite de Requisições]. Aguardando 15 segundos (Tentativa 1/5)...
    [Limite de Requisições]. Aguardando 15 segundos (Tentativa 2/5)...
    [Limite de Requisições]. Aguardando 15 segundos (Tentativa 3/5)...
    [Limite de Requisições]. Aguardando 15 segundos (Tentativa 4/5)...
    [Limite de Requisições]. Aguardando 15 segundos (Tentativa 5/5)...
    [Desistindo do ID 1794] Excedeu tentativas.
 -> Fatiando parágrafo longo (ID: 1795) via IA...
    [Limite de Requisições]. Aguardando 15 segundos (Tentativa 1/5)...
    [Limite de Requisições]. Aguardando 15 segundos (Tentativa 2/5)...
    [Limite de Requisições]. Aguardando 15 segundos (Tentativa 3/5)...
    [Limite de Requisições]. Aguardando 15 segundos (Tentativa 4/5)...
    [Limite de Requisições]. Aguardando 15 segundos (Tentativa 5/5)...
    [Desistindo do ID 1795] Excedeu tentativas.
 -> Fatiando parágrafo longo (ID: 1802) via IA...
    [Limite de Requisições]. Aguardando 15 segundos (Tentativa 1/5)...
    [Limite de Requisições]. Aguardando 15 segundos (Tentativa 2/5)...
    [Limite de Requisições]. Aguardando 15 segundos (Tentativa 3/5)...
    [Limite de Requisições]. Aguardando 15 segundos (Tentativa 4/5)...
    [Limite de Requisições]. Aguardando 15 segundos (Tentativa 5/5)...
    [Desistindo do ID 1802] Excedeu tentativas.
 -> Fatiando parágrafo longo (ID: 1803) via IA...
    [Limite de Requisições]. Aguardando 15 segundos (Tentativa 1/5)...
    [Limite de Requisições]. Aguardando 15 segundos (Tentativa 2/5)...
    [Limite de Requisições]. Aguardando 15 segundos (Tentativa 3/5)...
    [Limite de Requisições]. Aguardando 15 segundos (Tentativa 4/5)...
    [Limite de Requisições]. Aguardando 15 segundos (Tentativa 5/5)...
    [Desistindo do ID 1803] Excedeu tentativas.
 -> Fatiando parágrafo longo (ID: 1804) via IA...
    [Limite de Requisições]. Aguardando 15 segundos (Tentativa 1/5)...
    [Limite de Requisições]. Aguardando 15 segundos (Tentativa 2/5)...
    [Limite de Requisições]. Aguardando 15 segundos (Tentativa 3/5)...
    [Limite de Requisições]. Aguardando 15 segundos (Tentativa 4/5)...
    [Limite de Requisições]. Aguardando 15 segundos (Tentativa 5/5)...
    [Desistindo do ID 1804] Excedeu tentativas.
 -> Fatiando parágrafo longo (ID: 1805) via IA...
    [Limite de Requisições]. Aguardando 15 segundos (Tentativa 1/5)...
    [Limite de Requisições]. Aguardando 15 segundos (Tentativa 2/5)...
    [Limite de Requisições]. Aguardando 15 segundos (Tentativa 3/5)...
    [Limite de Requisições]. Aguardando 15 segundos (Tentativa 4/5)...
    [Limite de Requisições]. Aguardando 15 segundos (Tentativa 5/5)...
    [Desistindo do ID 1805] Excedeu tentativas.
 -> Fatiando parágrafo longo (ID: 1806) via IA...
    [Limite de Requisições]. Aguardando 15 segundos (Tentativa 1/5)...
    [Limite de Requisições]. Aguardando 15 segundos (Tentativa 2/5)...
    [Limite de Requisições]. Aguardando 15 segundos (Tentativa 3/5)...
    [Limite de Requisições]. Aguardando 15 segundos (Tentativa 4/5)...
    [Limite de Requisições]. Aguardando 15 segundos (Tentativa 5/5)...
    [Desistindo do ID 1806] Excedeu tentativas.
 -> Fatiando parágrafo longo (ID: 1807) via IA...
    [Limite de Requisições]. Aguardando 15 segundos (Tentativa 1/5)...
    [Limite de Requisições]. Aguardando 15 segundos (Tentativa 2/5)...
    [Limite de Requisições]. Aguardando 15 segundos (Tentativa 3/5)...
    [Limite de Requisições]. Aguardando 15 segundos (Tentativa 4/5)...
    [Limite de Requisições]. Aguardando 15 segundos (Tentativa 5/5)...
    [Desistindo do ID 1807] Excedeu tentativas.
 -> Fatiando parágrafo longo (ID: 1826) via IA...
    [Limite de Requisições]. Aguardando 15 segundos (Tentativa 1/5)...
    [Limite de Requisições]. Aguardando 15 segundos (Tentativa 2/5)...
    [Limite de Requisições]. Aguardando 15 segundos (Tentativa 3/5)...
    [Limite de Requisições]. Aguardando 15 segundos (Tentativa 4/5)...
    [Limite de Requisições]. Aguardando 15 segundos (Tentativa 5/5)...
    [Desistindo do ID 1826] Excedeu tentativas.
 -> Fatiando parágrafo longo (ID: 1830) via IA...
    [Limite de Requisições]. Aguardando 15 segundos (Tentativa 1/5)...
    [Limite de Requisições]. Aguardando 15 segundos (Tentativa 2/5)...
    [Limite de Requisições]. Aguardando 15 segundos (Tentativa 3/5)...
    [Limite de Requisições]. Aguardando 15 segundos (Tentativa 4/5)...
    [Limite de Requisições]. Aguardando 15 segundos (Tentativa 5/5)...
    [Desistindo do ID 1830] Excedeu tentativas.
 -> Fatiando parágrafo longo (ID: 1836) via IA...
    [Limite de Requisições]. Aguardando 15 segundos (Tentativa 1/5)...
    [Limite de Requisições]. Aguardando 15 segundos (Tentativa 2/5)...
    [Limite de Requisições]. Aguardando 15 segundos (Tentativa 3/5)...
    [Limite de Requisições]. Aguardando 15 segundos (Tentativa 4/5)...
    [Limite de Requisições]. Aguardando 15 segundos (Tentativa 5/5)...
    [Desistindo do ID 1836] Excedeu tentativas.
Nenhuma quebra necessária neste arquivo.

[data/works/abhidhammavatara/mula__2.json]
 -> Fatiando parágrafo longo (ID: 2347) via IA...
    [Limite de Requisições]. Aguardando 15 segundos (Tentativa 1/5)...
    [Limite de Requisições]. Aguardando 15 segundos (Tentativa 2/5)...
    [Limite de Requisições]. Aguardando 15 segundos (Tentativa 3/5)...
    [Limite de Requisições]. Aguardando 15 segundos (Tentativa 4/5)...
    [Limite de Requisições]. Aguardando 15 segundos (Tentativa 5/5)...
    [Desistindo do ID 2347] Excedeu tentativas.
 -> Fatiando parágrafo longo (ID: 2478) via IA...
    [Limite de Requisições]. Aguardando 15 segundos (Tentativa 1/5)...
    [Limite de Requisições]. Aguardando 15 segundos (Tentativa 2/5)...
    [Limite de Requisições]. Aguardando 15 segundos (Tentativa 3/5)...
    [Limite de Requisições]. Aguardando 15 segundos (Tentativa 4/5)...
    [Limite de Requisições]. Aguardando 15 segundos (Tentativa 5/5)...
    [Desistindo do ID 2478] Excedeu tentativas.
 -> Fatiando parágrafo longo (ID: 2614) via IA...
    [Limite de Requisições]. Aguardando 15 segundos (Tentativa 1/5)...
    [Limite de Requisições]. Aguardando 15 segundos (Tentativa 2/5)...
    [Limite de Requisições]. Aguardando 15 segundos (Tentativa 3/5)...
    [Limite de Requisições]. Aguardando 15 segundos (Tentativa 4/5)...
    [Limite de Requisições]. Aguardando 15 segundos (Tentativa 5/5)...
    [Desistindo do ID 2614] Excedeu tentativas.
 -> Fatiando parágrafo longo (ID: 2710) via IA...
    [Limite de Requisições]. Aguardando 15 segundos (Tentativa 1/5)...
    [Limite de Requisições]. Aguardando 15 segundos (Tentativa 2/5)...
    [Limite de Requisições]. Aguardando 15 segundos (Tentativa 3/5)...
    [Limite de Requisições]. Aguardando 15 segundos (Tentativa 4/5)...
    [Limite de Requisições]. Aguardando 15 segundos (Tentativa 5/5)...
    [Desistindo do ID 2710] Excedeu tentativas.
 -> Fatiando parágrafo longo (ID: 2737) via IA...
    [Limite de Requisições]. Aguardando 15 segundos (Tentativa 1/5)...
    [Limite de Requisições]. Aguardando 15 segundos (Tentativa 2/5)...
    [Limite de Requisições]. Aguardando 15 segundos (Tentativa 3/5)...
    [Limite de Requisições]. Aguardando 15 segundos (Tentativa 4/5)...
    [Limite de Requisições]. Aguardando 15 segundos (Tentativa 5/5)...
    [Desistindo do ID 2737] Excedeu tentativas.
 -> Fatiando parágrafo longo (ID: 2776) via IA...
    [Limite de Requisições]. Aguardando 15 segundos (Tentativa 1/5)...
    [Limite de Requisições]. Aguardando 15 segundos (Tentativa 2/5)...
    [Limite de Requisições]. Aguardando 15 segundos (Tentativa 3/5)...
    [Limite de Requisições]. Aguardando 15 segundos (Tentativa 4/5)...
    [Limite de Requisições]. Aguardando 15 segundos (Tentativa 5/5)...
    [Desistindo do ID 2776] Excedeu tentativas.
 -> Fatiando parágrafo longo (ID: 2781) via IA...
    [Limite de Requisições]. Aguardando 15 segundos (Tentativa 1/5)...
    [Limite de Requisições]. Aguardando 15 segundos (Tentativa 2/5)...
    [Limite de Requisições]. Aguardando 15 segundos (Tentativa 3/5)...
    [Limite de Requisições]. Aguardando 15 segundos (Tentativa 4/5)...
    [Limite de Requisições]. Aguardando 15 segundos (Tentativa 5/5)...
    [Desistindo do ID 2781] Excedeu tentativas.
 -> Fatiando parágrafo longo (ID: 2782) via IA...
    [Limite de Requisições]. Aguardando 15 segundos (Tentativa 1/5)...
    [Limite de Requisições]. Aguardando 15 segundos (Tentativa 2/5)...
    [Limite de Requisições]. Aguardando 15 segundos (Tentativa 3/5)...
    [Limite de Requisições]. Aguardando 15 segundos (Tentativa 4/5)...
    [Limite de Requisições]. Aguardando 15 segundos (Tentativa 5/5)...
    [Desistindo do ID 2782] Excedeu tentativas.
 -> Fatiando parágrafo longo (ID: 2817) via IA...
    [Limite de Requisições]. Aguardando 15 segundos (Tentativa 1/5)...
    [Limite de Requisições]. Aguardando 15 segundos (Tentativa 2/5)...
    [Limite de Requisições]. Aguardando 15 segundos (Tentativa 3/5)...
    [Limite de Requisições]. Aguardando 15 segundos (Tentativa 4/5)...
    [Limite de Requisições]. Aguardando 15 segundos (Tentativa 5/5)...
    [Desistindo do ID 2817] Excedeu tentativas.
 -> Fatiando parágrafo longo (ID: 2891) via IA...
    [Limite de Requisições]. Aguardando 15 segundos (Tentativa 1/5)...
    [Limite de Requisições]. Aguardando 15 segundos (Tentativa 2/5)...
    [Limite de Requisições]. Aguardando 15 segundos (Tentativa 3/5)...
    [Limite de Requisições]. Aguardando 15 segundos (Tentativa 4/5)...
    [Limite de Requisições]. Aguardando 15 segundos (Tentativa 5/5)...
    [Desistindo do ID 2891] Excedeu tentativas.
 -> Fatiando parágrafo longo (ID: 3057) via IA...
    [Limite de Requisições]. Aguardando 15 segundos (Tentativa 1/5)...
    [Limite de Requisições]. Aguardando 15 segundos (Tentativa 2/5)...
    [Limite de Requisições]. Aguardando 15 segundos (Tentativa 3/5)...
    [Limite de Requisições]. Aguardando 15 segundos (Tentativa 4/5)...
    [Limite de Requisições]. Aguardando 15 segundos (Tentativa 5/5)...
    [Desistindo do ID 3057] Excedeu tentativas.
 -> Fatiando parágrafo longo (ID: 3064) via IA...
    [Limite de Requisições]. Aguardando 15 segundos (Tentativa 1/5)...
    [Limite de Requisições]. Aguardando 15 segundos (Tentativa 2/5)...
    [Limite de Requisições]. Aguardando 15 segundos (Tentativa 3/5)...
    [Limite de Requisições]. Aguardando 15 segundos (Tentativa 4/5)...
    [Limite de Requisições]. Aguardando 15 segundos (Tentativa 5/5)...
    [Desistindo do ID 3064] Excedeu tentativas.
 -> Fatiando parágrafo longo (ID: 3065) via IA...
    [Limite de Requisições]. Aguardando 15 segundos (Tentativa 1/5)...
    [Limite de Requisições]. Aguardando 15 segundos (Tentativa 2/5)...
    [Limite de Requisições]. Aguardando 15 segundos (Tentativa 3/5)...
    [Limite de Requisições]. Aguardando 15 segundos (Tentativa 4/5)...
    [Limite de Requisições]. Aguardando 15 segundos (Tentativa 5/5)...
    [Desistindo do ID 3065] Excedeu tentativas.
 -> Fatiando parágrafo longo (ID: 3067) via IA...
    [Limite de Requisições]. Aguardando 15 segundos (Tentativa 1/5)...
    [Limite de Requisições]. Aguardando 15 segundos (Tentativa 2/5)...
    [Limite de Requisições]. Aguardando 15 segundos (Tentativa 3/5)...
    [Limite de Requisições]. Aguardando 15 segundos (Tentativa 4/5)...
    [Limite de Requisições]. Aguardando 15 segundos (Tentativa 5/5)...
    [Desistindo do ID 3067] Excedeu tentativas.
 -> Fatiando parágrafo longo (ID: 3068) via IA...
    [Limite de Requisições]. Aguardando 15 segundos (Tentativa 1/5)...
    [Limite de Requisições]. Aguardando 15 segundos (Tentativa 2/5)...
    [Limite de Requisições]. Aguardando 15 segundos (Tentativa 3/5)...
    [Limite de Requisições]. Aguardando 15 segundos (Tentativa 4/5)...
    [Limite de Requisições]. Aguardando 15 segundos (Tentativa 5/5)...
    [Desistindo do ID 3068] Excedeu tentativas.
 -> Fatiando parágrafo longo (ID: 3069) via IA...
    [Limite de Requisições]. Aguardando 15 segundos (Tentativa 1/5)...
    [Limite de Requisições]. Aguardando 15 segundos (Tentativa 2/5)...
    [Limite de Requisições]. Aguardando 15 segundos (Tentativa 3/5)...
    [Limite de Requisições]. Aguardando 15 segundos (Tentativa 4/5)...
    [Limite de Requisições]. Aguardando 15 segundos (Tentativa 5/5)...
    [Desistindo do ID 3069] Excedeu tentativas.
 -> Fatiando parágrafo longo (ID: 3072) via IA...
    [Limite de Requisições]. Aguardando 15 segundos (Tentativa 1/5)...
    [Limite de Requisições]. Aguardando 15 segundos (Tentativa 2/5)...
    [Limite de Requisições]. Aguardando 15 segundos (Tentativa 3/5)...
    [Limite de Requisições]. Aguardando 15 segundos (Tentativa 4/5)...
    [Limite de Requisições]. Aguardando 15 segundos (Tentativa 5/5)...
    [Desistindo do ID 3072] Excedeu tentativas.
 -> Fatiando parágrafo longo (ID: 3073) via IA...
    [Limite de Requisições]. Aguardando 15 segundos (Tentativa 1/5)...
    [Limite de Requisições]. Aguardando 15 segundos (Tentativa 2/5)...
    [Limite de Requisições]. Aguardando 15 segundos (Tentativa 3/5)...
    [Limite de Requisições]. Aguardando 15 segundos (Tentativa 4/5)...
    [Limite de Requisições]. Aguardando 15 segundos (Tentativa 5/5)...
    [Desistindo do ID 3073] Excedeu tentativas.
 -> Fatiando parágrafo longo (ID: 3074) via IA...
    [Limite de Requisições]. Aguardando 15 segundos (Tentativa 1/5)...
    [Limite de Requisições]. Aguardando 15 segundos (Tentativa 2/5)...
    [Limite de Requisições]. Aguardando 15 segundos (Tentativa 3/5)...
    [Limite de Requisições]. Aguardando 15 segundos (Tentativa 4/5)...
    [Limite de Requisições]. Aguardando 15 segundos (Tentativa 5/5)...
    [Desistindo do ID 3074] Excedeu tentativas.
 -> Fatiando parágrafo longo (ID: 3076) via IA...
    [Limite de Requisições]. Aguardando 15 segundos (Tentativa 1/5)...
    [Limite de Requisições]. Aguardando 15 segundos (Tentativa 2/5)...
    [Limite de Requisições]. Aguardando 15 segundos (Tentativa 3/5)...
    [Limite de Requisições]. Aguardando 15 segundos (Tentativa 4/5)...
    [Limite de Requisições]. Aguardando 15 segundos (Tentativa 5/5)...
    [Desistindo do ID 3076] Excedeu tentativas.
 -> Fatiando parágrafo longo (ID: 3078) via IA...
    [Limite de Requisições]. Aguardando 15 segundos (Tentativa 1/5)...
    [Limite de Requisições]. Aguardando 15 segundos (Tentativa 2/5)...
    [Limite de Requisições]. Aguardando 15 segundos (Tentativa 3/5)...
    [Limite de Requisições]. Aguardando 15 segundos (Tentativa 4/5)...
    [Limite de Requisições]. Aguardando 15 segundos (Tentativa 5/5)...
    [Desistindo do ID 3078] Excedeu tentativas.
 -> Fatiando parágrafo longo (ID: 3081) via IA...
    [Limite de Requisições]. Aguardando 15 segundos (Tentativa 1/5)...
    [Limite de Requisições]. Aguardando 15 segundos (Tentativa 2/5)...
    [Limite de Requisições]. Aguardando 15 segundos (Tentativa 3/5)...
    [Limite de Requisições]. Aguardando 15 segundos (Tentativa 4/5)...
    [Limite de Requisições]. Aguardando 15 segundos (Tentativa 5/5)...
    [Desistindo do ID 3081] Excedeu tentativas.
 -> Fatiando parágrafo longo (ID: 3087) via IA...
    [Limite de Requisições]. Aguardando 15 segundos (Tentativa 1/5)...
    [Limite de Requisições]. Aguardando 15 segundos (Tentativa 2/5)...
    [Limite de Requisições]. Aguardando 15 segundos (Tentativa 3/5)...
    [Limite de Requisições]. Aguardando 15 segundos (Tentativa 4/5)...
    [Limite de Requisições]. Aguardando 15 segundos (Tentativa 5/5)...
    [Desistindo do ID 3087] Excedeu tentativas.
 -> Fatiando parágrafo longo (ID: 3090) via IA...
    [Limite de Requisições]. Aguardando 15 segundos (Tentativa 1/5)...
    [Limite de Requisições]. Aguardando 15 segundos (Tentativa 2/5)...
    [Limite de Requisições]. Aguardando 15 segundos (Tentativa 3/5)...
    [Limite de Requisições]. Aguardando 15 segundos (Tentativa 4/5)...
    [Limite de Requisições]. Aguardando 15 segundos (Tentativa 5/5)...
    [Desistindo do ID 3090] Excedeu tentativas.
 -> Fatiando parágrafo longo (ID: 3094) via IA...
    [Limite de Requisições]. Aguardando 15 segundos (Tentativa 1/5)...
    [Limite de Requisições]. Aguardando 15 segundos (Tentativa 2/5)...
    [Limite de Requisições]. Aguardando 15 segundos (Tentativa 3/5)...
    [Limite de Requisições]. Aguardando 15 segundos (Tentativa 4/5)...
    [Limite de Requisições]. Aguardando 15 segundos (Tentativa 5/5)...
    [Desistindo do ID 3094] Excedeu tentativas.
 -> Fatiando parágrafo longo (ID: 3112) via IA...
    [Limite de Requisições]. Aguardando 15 segundos (Tentativa 1/5)...
    [Limite de Requisições]. Aguardando 15 segundos (Tentativa 2/5)...
    [Limite de Requisições]. Aguardando 15 segundos (Tentativa 3/5)...
    [Limite de Requisições]. Aguardando 15 segundos (Tentativa 4/5)...
    [Limite de Requisições]. Aguardando 15 segundos (Tentativa 5/5)...
    [Desistindo do ID 3112] Excedeu tentativas.
 -> Fatiando parágrafo longo (ID: 3132) via IA...
    [Limite de Requisições]. Aguardando 15 segundos (Tentativa 1/5)...
    [Limite de Requisições]. Aguardando 15 segundos (Tentativa 2/5)...
    [Limite de Requisições]. Aguardando 15 segundos (Tentativa 3/5)...
    [Limite de Requisições]. Aguardando 15 segundos (Tentativa 4/5)...
    [Limite de Requisições]. Aguardando 15 segundos (Tentativa 5/5)...
    [Desistindo do ID 3132] Excedeu tentativas.
Nenhuma quebra necessária neste arquivo.

[data/works/abhidhammavatara/mula__3.json]
 -> Fatiando parágrafo longo (ID: 3139) via IA...
    [Limite de Requisições]. Aguardando 15 segundos (Tentativa 1/5)...
    [Limite de Requisições]. Aguardando 15 segundos (Tentativa 2/5)...
    [Limite de Requisições]. Aguardando 15 segundos (Tentativa 3/5)...
    [Limite de Requisições]. Aguardando 15 segundos (Tentativa 4/5)...
    [Limite de Requisições]. Aguardando 15 segundos (Tentativa 5/5)...
    [Desistindo do ID 3139] Excedeu tentativas.
 -> Fatiando parágrafo longo (ID: 3140) via IA...
    [Limite de Requisições]. Aguardando 15 segundos (Tentativa 1/5)...
    [Limite de Requisições]. Aguardando 15 segundos (Tentativa 2/5)...
    [Limite de Requisições]. Aguardando 15 segundos (Tentativa 3/5)...
    [Limite de Requisições]. Aguardando 15 segundos (Tentativa 4/5)...
    [Limite de Requisições]. Aguardando 15 segundos (Tentativa 5/5)...
    [Desistindo do ID 3140] Excedeu tentativas.
 -> Fatiando parágrafo longo (ID: 3141) via IA...
    [Limite de Requisições]. Aguardando 15 segundos (Tentativa 1/5)...
    [Limite de Requisições]. Aguardando 15 segundos (Tentativa 2/5)...
    [Limite de Requisições]. Aguardando 15 segundos (Tentativa 3/5)...
    [Limite de Requisições]. Aguardando 15 segundos (Tentativa 4/5)...
    [Limite de Requisições]. Aguardando 15 segundos (Tentativa 5/5)...
    [Desistindo do ID 3141] Excedeu tentativas.
 -> Fatiando parágrafo longo (ID: 3142) via IA...
    [Limite de Requisições]. Aguardando 15 segundos (Tentativa 1/5)...
    [Limite de Requisições]. Aguardando 15 segundos (Tentativa 2/5)...
    [Limite de Requisições]. Aguardando 15 segundos (Tentativa 3/5)...
    [Limite de Requisições]. Aguardando 15 segundos (Tentativa 4/5)...
    [Limite de Requisições]. Aguardando 15 segundos (Tentativa 5/5)...
    [Desistindo do ID 3142] Excedeu tentativas.
 -> Fatiando parágrafo longo (ID: 3143) via IA...
    [Limite de Requisições]. Aguardando 15 segundos (Tentativa 1/5)...
    [Limite de Requisições]. Aguardando 15 segundos (Tentativa 2/5)...
    [Limite de Requisições]. Aguardando 15 segundos (Tentativa 3/5)...
    [Limite de Requisições]. Aguardando 15 segundos (Tentativa 4/5)...
    [Limite de Requisições]. Aguardando 15 segundos (Tentativa 5/5)...
    [Desistindo do ID 3143] Excedeu tentativas.
 -> Fatiando parágrafo longo (ID: 3144) via IA...
    [Limite de Requisições]. Aguardando 15 segundos (Tentativa 1/5)...
    [Limite de Requisições]. Aguardando 15 segundos (Tentativa 2/5)...
    [Limite de Requisições]. Aguardando 15 segundos (Tentativa 3/5)...
    [Limite de Requisições]. Aguardando 15 segundos (Tentativa 4/5)...
    [Limite de Requisições]. Aguardando 15 segundos (Tentativa 5/5)...
    [Desistindo do ID 3144] Excedeu tentativas.
 -> Fatiando parágrafo longo (ID: 3145) via IA...
    [Limite de Requisições]. Aguardando 15 segundos (Tentativa 1/5)...
    [Limite de Requisições]. Aguardando 15 segundos (Tentativa 2/5)...
    [Limite de Requisições]. Aguardando 15 segundos (Tentativa 3/5)...
    [Limite de Requisições]. Aguardando 15 segundos (Tentativa 4/5)...
    [Limite de Requisições]. Aguardando 15 segundos (Tentativa 5/5)...
    [Desistindo do ID 3145] Excedeu tentativas.
 -> Fatiando parágrafo longo (ID: 3146) via IA...
    [Limite de Requisições]. Aguardando 15 segundos (Tentativa 1/5)...
    [Limite de Requisições]. Aguardando 15 segundos (Tentativa 2/5)...
    [Limite de Requisições]. Aguardando 15 segundos (Tentativa 3/5)...
    [Limite de Requisições]. Aguardando 15 segundos (Tentativa 4/5)...
    [Limite de Requisições]. Aguardando 15 segundos (Tentativa 5/5)...
    [Desistindo do ID 3146] Excedeu tentativas.
 -> Fatiando parágrafo longo (ID: 3152) via IA...
    [Limite de Requisições]. Aguardando 15 segundos (Tentativa 1/5)...
    [Limite de Requisições]. Aguardando 15 segundos (Tentativa 2/5)...
    [Limite de Requisições]. Aguardando 15 segundos (Tentativa 3/5)...
    [Limite de Requisições]. Aguardando 15 segundos (Tentativa 4/5)...
    [Limite de Requisições]. Aguardando 15 segundos (Tentativa 5/5)...
    [Desistindo do ID 3152] Excedeu tentativas.
 -> Fatiando parágrafo longo (ID: 3162) via IA...
    [Limite de Requisições]. Aguardando 15 segundos (Tentativa 1/5)...
    [Limite de Requisições]. Aguardando 15 segundos (Tentativa 2/5)...
    [Limite de Requisições]. Aguardando 15 segundos (Tentativa 3/5)...
    [Limite de Requisições]. Aguardando 15 segundos (Tentativa 4/5)...
    [Limite de Requisições]. Aguardando 15 segundos (Tentativa 5/5)...
    [Desistindo do ID 3162] Excedeu tentativas.
 -> Fatiando parágrafo longo (ID: 3163) via IA...
    [Limite de Requisições]. Aguardando 15 segundos (Tentativa 1/5)...
    [Limite de Requisições]. Aguardando 15 segundos (Tentativa 2/5)...
    [Limite de Requisições]. Aguardando 15 segundos (Tentativa 3/5)...
    [Limite de Requisições]. Aguardando 15 segundos (Tentativa 4/5)...
    [Limite de Requisições]. Aguardando 15 segundos (Tentativa 5/5)...
    [Desistindo do ID 3163] Excedeu tentativas.
 -> Fatiando parágrafo longo (ID: 3165) via IA...
    [Limite de Requisições]. Aguardando 15 segundos (Tentativa 1/5)...
    [Limite de Requisições]. Aguardando 15 segundos (Tentativa 2/5)...
    [Limite de Requisições]. Aguardando 15 segundos (Tentativa 3/5)...
    [Limite de Requisições]. Aguardando 15 segundos (Tentativa 4/5)...
    [Limite de Requisições]. Aguardando 15 segundos (Tentativa 5/5)...
    [Desistindo do ID 3165] Excedeu tentativas.
 -> Fatiando parágrafo longo (ID: 3342) via IA...
    [Limite de Requisições]. Aguardando 15 segundos (Tentativa 1/5)...
    [Limite de Requisições]. Aguardando 15 segundos (Tentativa 2/5)...
    [Limite de Requisições]. Aguardando 15 segundos (Tentativa 3/5)...
    [Limite de Requisições]. Aguardando 15 segundos (Tentativa 4/5)...
    [Limite de Requisições]. Aguardando 15 segundos (Tentativa 5/5)...
    [Desistindo do ID 3342] Excedeu tentativas.
 -> Fatiando parágrafo longo (ID: 3456) via IA...
    [Limite de Requisições]. Aguardando 15 segundos (Tentativa 1/5)...
    [Limite de Requisições]. Aguardando 15 segundos (Tentativa 2/5)...
    [Limite de Requisições]. Aguardando 15 segundos (Tentativa 3/5)...
    [Limite de Requisições]. Aguardando 15 segundos (Tentativa 4/5)...
    [Limite de Requisições]. Aguardando 15 segundos (Tentativa 5/5)...
    [Desistindo do ID 3456] Excedeu tentativas.
 -> Fatiando parágrafo longo (ID: 3458) via IA...
    [Limite de Requisições]. Aguardando 15 segundos (Tentativa 1/5)...
    [Limite de Requisições]. Aguardando 15 segundos (Tentativa 2/5)...
    [Limite de Requisições]. Aguardando 15 segundos (Tentativa 3/5)...
    [Limite de Requisições]. Aguardando 15 segundos (Tentativa 4/5)...
    [Limite de Requisições]. Aguardando 15 segundos (Tentativa 5/5)...
    [Desistindo do ID 3458] Excedeu tentativas.
 -> Fatiando parágrafo longo (ID: 3876) via IA...
    [Limite de Requisições]. Aguardando 15 segundos (Tentativa 1/5)...
    [Limite de Requisições]. Aguardando 15 segundos (Tentativa 2/5)...
    [Limite de Requisições]. Aguardando 15 segundos (Tentativa 3/5)...
    [Limite de Requisições]. Aguardando 15 segundos (Tentativa 4/5)...
    [Limite de Requisições]. Aguardando 15 segundos (Tentativa 5/5)...
    [Desistindo do ID 3876] Excedeu tentativas.
 -> Fatiando parágrafo longo (ID: 3878) via IA...
    [Limite de Requisições]. Aguardando 15 segundos (Tentativa 1/5)...
    [Limite de Requisições]. Aguardando 15 segundos (Tentativa 2/5)...
    [Limite de Requisições]. Aguardando 15 segundos (Tentativa 3/5)...
    [Limite de Requisições]. Aguardando 15 segundos (Tentativa 4/5)...
    [Limite de Requisições]. Aguardando 15 segundos (Tentativa 5/5)...
    [Desistindo do ID 3878] Excedeu tentativas.
 -> Fatiando parágrafo longo (ID: 4190) via IA...
    [Limite de Requisições]. Aguardando 15 segundos (Tentativa 1/5)...
    [Limite de Requisições]. Aguardando 15 segundos (Tentativa 2/5)...
    [Limite de Requisições]. Aguardando 15 segundos (Tentativa 3/5)...
    [Limite de Requisições]. Aguardando 15 segundos (Tentativa 4/5)...
    [Limite de Requisições]. Aguardando 15 segundos (Tentativa 5/5)...
    [Desistindo do ID 4190] Excedeu tentativas.
Nenhuma quebra necessária neste arquivo.

[data/works/abhidhammavatara/mula__4.json]
 -> Fatiando parágrafo longo (ID: 4464) via IA...
    [Limite de Requisições]. Aguardando 15 segundos (Tentativa 1/5)...
    [Limite de Requisições]. Aguardando 15 segundos (Tentativa 2/5)...
    [Limite de Requisições]. Aguardando 15 segundos (Tentativa 3/5)...
    [Limite de Requisições]. Aguardando 15 segundos (Tentativa 4/5)...
    [Limite de Requisições]. Aguardando 15 segundos (Tentativa 5/5)...
    [Desistindo do ID 4464] Excedeu tentativas.
 -> Fatiando parágrafo longo (ID: 4994) via IA...
    [Limite de Requisições]. Aguardando 15 segundos (Tentativa 1/5)...
    [Limite de Requisições]. Aguardando 15 segundos (Tentativa 2/5)...
    [Limite de Requisições]. Aguardando 15 segundos (Tentativa 3/5)...
    [Limite de Requisições]. Aguardando 15 segundos (Tentativa 4/5)...
    [Limite de Requisições]. Aguardando 15 segundos (Tentativa 5/5)...
    [Desistindo do ID 4994] Excedeu tentativas.
 -> Fatiando parágrafo longo (ID: 4996) via IA...
    [Limite de Requisições]. Aguardando 15 segundos (Tentativa 1/5)...
    [Limite de Requisições]. Aguardando 15 segundos (Tentativa 2/5)...
    [Limite de Requisições]. Aguardando 15 segundos (Tentativa 3/5)...
    [Limite de Requisições]. Aguardando 15 segundos (Tentativa 4/5)...
    [Limite de Requisições]. Aguardando 15 segundos (Tentativa 5/5)...
    [Desistindo do ID 4996] Excedeu tentativas.
 -> Fatiando parágrafo longo (ID: 5440) via IA...
    [Limite de Requisições]. Aguardando 15 segundos (Tentativa 1/5)...
    [Limite de Requisições]. Aguardando 15 segundos (Tentativa 2/5)...
    [Limite de Requisições]. Aguardando 15 segundos (Tentativa 3/5)...
    [Limite de Requisições]. Aguardando 15 segundos (Tentativa 4/5)...
    [Limite de Requisições]. Aguardando 15 segundos (Tentativa 5/5)...
    [Desistindo do ID 5440] Excedeu tentativas.
 -> Fatiando parágrafo longo (ID: 5442) via IA...
    [Limite de Requisições]. Aguardando 15 segundos (Tentativa 1/5)...
    [Limite de Requisições]. Aguardando 15 segundos (Tentativa 2/5)...
    [Limite de Requisições]. Aguardando 15 segundos (Tentativa 3/5)...
    [Limite de Requisições]. Aguardando 15 segundos (Tentativa 4/5)...
    [Limite de Requisições]. Aguardando 15 segundos (Tentativa 5/5)...
    [Desistindo do ID 5442] Excedeu tentativas.
Nenhuma quebra necessária neste arquivo.

[data/works/abhidhammavatara/mula__5.json]
 -> Fatiando parágrafo longo (ID: 5840) via IA...
    [Limite de Requisições]. Aguardando 15 segundos (Tentativa 1/5)...
    [Limite de Requisições]. Aguardando 15 segundos (Tentativa 2/5)...
    [Limite de Requisições]. Aguardando 15 segundos (Tentativa 3/5)...
    [Limite de Requisições]. Aguardando 15 segundos (Tentativa 4/5)...
    [Limite de Requisições]. Aguardando 15 segundos (Tentativa 5/5)...
    [Desistindo do ID 5840] Excedeu tentativas.
 -> Fatiando parágrafo longo (ID: 5842) via IA...
    [Limite de Requisições]. Aguardando 15 segundos (Tentativa 1/5)...
    [Limite de Requisições]. Aguardando 15 segundos (Tentativa 2/5)...
    [Limite de Requisições]. Aguardando 15 segundos (Tentativa 3/5)...
    [Limite de Requisições]. Aguardando 15 segundos (Tentativa 4/5)...
    [Limite de Requisições]. Aguardando 15 segundos (Tentativa 5/5)...
    [Desistindo do ID 5842] Excedeu tentativas.
 -> Fatiando parágrafo longo (ID: 6260) via IA...
    [Limite de Requisições]. Aguardando 15 segundos (Tentativa 1/5)...
    [Limite de Requisições]. Aguardando 15 segundos (Tentativa 2/5)...
    [Limite de Requisições]. Aguardando 15 segundos (Tentativa 3/5)...
    [Limite de Requisições]. Aguardando 15 segundos (Tentativa 4/5)...
    [Limite de Requisições]. Aguardando 15 segundos (Tentativa 5/5)...
    [Desistindo do ID 6260] Excedeu tentativas.
 -> Fatiando parágrafo longo (ID: 6262) via IA...
    [Limite de Requisições]. Aguardando 15 segundos (Tentativa 1/5)...
    [Limite de Requisições]. Aguardando 15 segundos (Tentativa 2/5)...
    [Limite de Requisições]. Aguardando 15 segundos (Tentativa 3/5)...
    [Limite de Requisições]. Aguardando 15 segundos (Tentativa 4/5)...
    [Limite de Requisições]. Aguardando 15 segundos (Tentativa 5/5)...
    [Desistindo do ID 6262] Excedeu tentativas.
 -> Fatiando parágrafo longo (ID: 6538) via IA...
    [Limite de Requisições]. Aguardando 15 segundos (Tentativa 1/5)...
    [Limite de Requisições]. Aguardando 15 segundos (Tentativa 2/5)...
    [Limite de Requisições]. Aguardando 15 segundos (Tentativa 3/5)...
    [Limite de Requisições]. Aguardando 15 segundos (Tentativa 4/5)...
    [Limite de Requisições]. Aguardando 15 segundos (Tentativa 5/5)...
    [Desistindo do ID 6538] Excedeu tentativas.
 -> Fatiando parágrafo longo (ID: 6540) via IA...
    [Limite de Requisições]. Aguardando 15 segundos (Tentativa 1/5)...
    [Limite de Requisições]. Aguardando 15 segundos (Tentativa 2/5)...
    [Limite de Requisições]. Aguardando 15 segundos (Tentativa 3/5)...
    [Limite de Requisições]. Aguardando 15 segundos (Tentativa 4/5)...
    [Limite de Requisições]. Aguardando 15 segundos (Tentativa 5/5)...
    [Desistindo do ID 6540] Excedeu tentativas.
Nenhuma quebra necessária neste arquivo.

[data/works/abhidhammavatara/mula__6.json]
 -> Fatiando parágrafo longo (ID: 6842) via IA...
    [Limite de Requisições]. Aguardando 15 segundos (Tentativa 1/5)...
    [Limite de Requisições]. Aguardando 15 segundos (Tentativa 2/5)...
    [Limite de Requisições]. Aguardando 15 segundos (Tentativa 3/5)...
    [Limite de Requisições]. Aguardando 15 segundos (Tentativa 4/5)...
    [Limite de Requisições]. Aguardando 15 segundos (Tentativa 5/5)...
    [Desistindo do ID 6842] Excedeu tentativas.
 -> Fatiando parágrafo longo (ID: 6844) via IA...
    [Limite de Requisições]. Aguardando 15 segundos (Tentativa 1/5)...
    [Limite de Requisições]. Aguardando 15 segundos (Tentativa 2/5)...
    [Limite de Requisições]. Aguardando 15 segundos (Tentativa 3/5)...
    [Limite de Requisições]. Aguardando 15 segundos (Tentativa 4/5)...
    [Limite de Requisições]. Aguardando 15 segundos (Tentativa 5/5)...
    [Desistindo do ID 6844] Excedeu tentativas.
 -> Fatiando parágrafo longo (ID: 6958) via IA...
    [Limite de Requisições]. Aguardando 15 segundos (Tentativa 1/5)...
    [Limite de Requisições]. Aguardando 15 segundos (Tentativa 2/5)...
    [Limite de Requisições]. Aguardando 15 segundos (Tentativa 3/5)...
    [Limite de Requisições]. Aguardando 15 segundos (Tentativa 4/5)...
    [Limite de Requisições]. Aguardando 15 segundos (Tentativa 5/5)...
    [Desistindo do ID 6958] Excedeu tentativas.
Nenhuma quebra necessária neste arquivo.

[data/works/abhidhammavatara/mula__7.json]
Nenhuma quebra necessária neste arquivo.

[data/works/abhidhammavatara/mula__8.json]
Nenhuma quebra necessária neste arquivo.

[data/works/abhidhammavatara/mula__9.json]
Nenhuma quebra necessária neste arquivo.

[data/works/abhidhammavatara/tika__0.json]
 -> Fatiando parágrafo longo (ID: 5) via IA...
    [Limite de Requisições]. Aguardando 15 segundos (Tentativa 1/5)...
    [Limite de Requisições]. Aguardando 15 segundos (Tentativa 2/5)...
    [Limite de Requisições]. Aguardando 15 segundos (Tentativa 3/5)...
    [Limite de Requisições]. Aguardando 15 segundos (Tentativa 4/5)...
    [Limite de Requisições]. Aguardando 15 segundos (Tentativa 5/5)...
    [Desistindo do ID 5] Excedeu tentativas.
 -> Fatiando parágrafo longo (ID: 6) via IA...
    [Limite de Requisições]. Aguardando 15 segundos (Tentativa 1/5)...
    [Limite de Requisições]. Aguardando 15 segundos (Tentativa 2/5)...
    [Limite de Requisições]. Aguardando 15 segundos (Tentativa 3/5)...
    [Limite de Requisições]. Aguardando 15 segundos (Tentativa 4/5)...
    [Limite de Requisições]. Aguardando 15 segundos (Tentativa 5/5)...
    [Desistindo do ID 6] Excedeu tentativas.
 -> Fatiando parágrafo longo (ID: 7) via IA...
    [Limite de Requisições]. Aguardando 15 segundos (Tentativa 1/5)...
    [Limite de Requisições]. Aguardando 15 segundos (Tentativa 2/5)...
    [Limite de Requisições]. Aguardando 15 segundos (Tentativa 3/5)...
    [Limite de Requisições]. Aguardando 15 segundos (Tentativa 4/5)...
    [Limite de Requisições]. Aguardando 15 segundos (Tentativa 5/5)...
    [Desistindo do ID 7] Excedeu tentativas.
 -> Fatiando parágrafo longo (ID: 9) via IA...
    [Limite de Requisições]. Aguardando 15 segundos (Tentativa 1/5)...
    [Limite de Requisições]. Aguardando 15 segundos (Tentativa 2/5)...
    [Limite de Requisições]. Aguardando 15 segundos (Tentativa 3/5)...
    [Limite de Requisições]. Aguardando 15 segundos (Tentativa 4/5)...
    [Limite de Requisições]. Aguardando 15 segundos (Tentativa 5/5)...
    [Desistindo do ID 9] Excedeu tentativas.
 -> Fatiando parágrafo longo (ID: 10) via IA...
    [Limite de Requisições]. Aguardando 15 segundos (Tentativa 1/5)...
    [Limite de Requisições]. Aguardando 15 segundos (Tentativa 2/5)...
    [Limite de Requisições]. Aguardando 15 segundos (Tentativa 3/5)...
    [Limite de Requisições]. Aguardando 15 segundos (Tentativa 4/5)...
    [Limite de Requisições]. Aguardando 15 segundos (Tentativa 5/5)...
    [Desistindo do ID 10] Excedeu tentativas.
 -> Fatiando parágrafo longo (ID: 11) via IA...
    [Limite de Requisições]. Aguardando 15 segundos (Tentativa 1/5)...
    [Limite de Requisições]. Aguardando 15 segundos (Tentativa 2/5)...
    [Limite de Requisições]. Aguardando 15 segundos (Tentativa 3/5)...
    [Limite de Requisições]. Aguardando 15 segundos (Tentativa 4/5)...
    [Limite de Requisições]. Aguardando 15 segundos (Tentativa 5/5)...
    [Desistindo do ID 11] Excedeu tentativas.
 -> Fatiando parágrafo longo (ID: 16) via IA...
    [Limite de Requisições]. Aguardando 15 segundos (Tentativa 1/5)...
    [Limite de Requisições]. Aguardando 15 segundos (Tentativa 2/5)...
    [Limite de Requisições]. Aguardando 15 segundos (Tentativa 3/5)...
    [Limite de Requisições]. Aguardando 15 segundos (Tentativa 4/5)...
    [Limite de Requisições]. Aguardando 15 segundos (Tentativa 5/5)...
    [Desistindo do ID 16] Excedeu tentativas.
 -> Fatiando parágrafo longo (ID: 17) via IA...
    [Limite de Requisições]. Aguardando 15 segundos (Tentativa 1/5)...
    [Limite de Requisições]. Aguardando 15 segundos (Tentativa 2/5)...
    [Limite de Requisições]. Aguardando 15 segundos (Tentativa 3/5)...
    [Limite de Requisições]. Aguardando 15 segundos (Tentativa 4/5)...
    [Limite de Requisições]. Aguardando 15 segundos (Tentativa 5/5)...
    [Desistindo do ID 17] Excedeu tentativas.
 -> Fatiando parágrafo longo (ID: 18) via IA...
    [Limite de Requisições]. Aguardando 15 segundos (Tentativa 1/5)...
    [Limite de Requisições]. Aguardando 15 segundos (Tentativa 2/5)...
    [Limite de Requisições]. Aguardando 15 segundos (Tentativa 3/5)...
    [Limite de Requisições]. Aguardando 15 segundos (Tentativa 4/5)...
    [Limite de Requisições]. Aguardando 15 segundos (Tentativa 5/5)...
    [Desistindo do ID 18] Excedeu tentativas.
 -> Fatiando parágrafo longo (ID: 19) via IA...
    [Limite de Requisições]. Aguardando 15 segundos (Tentativa 1/5)...
    [Limite de Requisições]. Aguardando 15 segundos (Tentativa 2/5)...
    [Limite de Requisições]. Aguardando 15 segundos (Tentativa 3/5)...
    [Limite de Requisições]. Aguardando 15 segundos (Tentativa 4/5)...
    [Limite de Requisições]. Aguardando 15 segundos (Tentativa 5/5)...
    [Desistindo do ID 19] Excedeu tentativas.
 -> Fatiando parágrafo longo (ID: 20) via IA...
    [Limite de Requisições]. Aguardando 15 segundos (Tentativa 1/5)...
    [Limite de Requisições]. Aguardando 15 segundos (Tentativa 2/5)...
    [Limite de Requisições]. Aguardando 15 segundos (Tentativa 3/5)...
    [Limite de Requisições]. Aguardando 15 segundos (Tentativa 4/5)...
    [Limite de Requisições]. Aguardando 15 segundos (Tentativa 5/5)...
    [Desistindo do ID 20] Excedeu tentativas.
 -> Fatiando parágrafo longo (ID: 21) via IA...
    [Limite de Requisições]. Aguardando 15 segundos (Tentativa 1/5)...
    [Limite de Requisições]. Aguardando 15 segundos (Tentativa 2/5)...
    [Limite de Requisições]. Aguardando 15 segundos (Tentativa 3/5)...
    [Limite de Requisições]. Aguardando 15 segundos (Tentativa 4/5)...
    [Limite de Requisições]. Aguardando 15 segundos (Tentativa 5/5)...
    [Desistindo do ID 21] Excedeu tentativas.
 -> Fatiando parágrafo longo (ID: 22) via IA...
    [Limite de Requisições]. Aguardando 15 segundos (Tentativa 1/5)...
    [Limite de Requisições]. Aguardando 15 segundos (Tentativa 2/5)...
    [Limite de Requisições]. Aguardando 15 segundos (Tentativa 3/5)...
    [Limite de Requisições]. Aguardando 15 segundos (Tentativa 4/5)...
    [Limite de Requisições]. Aguardando 15 segundos (Tentativa 5/5)...
    [Desistindo do ID 22] Excedeu tentativas.
 -> Fatiando parágrafo longo (ID: 24) via IA...
    [Limite de Requisições]. Aguardando 15 segundos (Tentativa 1/5)...
    [Limite de Requisições]. Aguardando 15 segundos (Tentativa 2/5)...
    [Limite de Requisições]. Aguardando 15 segundos (Tentativa 3/5)...
    [Limite de Requisições]. Aguardando 15 segundos (Tentativa 4/5)...
    [Limite de Requisições]. Aguardando 15 segundos (Tentativa 5/5)...
    [Desistindo do ID 24] Excedeu tentativas.
 -> Fatiando parágrafo longo (ID: 25) via IA...
    [Limite de Requisições]. Aguardando 15 segundos (Tentativa 1/5)...
    [Limite de Requisições]. Aguardando 15 segundos (Tentativa 2/5)...
    [Limite de Requisições]. Aguardando 15 segundos (Tentativa 3/5)...
    [Limite de Requisições]. Aguardando 15 segundos (Tentativa 4/5)...
    [Limite de Requisições]. Aguardando 15 segundos (Tentativa 5/5)...
    [Desistindo do ID 25] Excedeu tentativas.
 -> Fatiando parágrafo longo (ID: 31) via IA...
    [Limite de Requisições]. Aguardando 15 segundos (Tentativa 1/5)...
    [Limite de Requisições]. Aguardando 15 segundos (Tentativa 2/5)...
    [Limite de Requisições]. Aguardando 15 segundos (Tentativa 3/5)...
    [Limite de Requisições]. Aguardando 15 segundos (Tentativa 4/5)...
    [Limite de Requisições]. Aguardando 15 segundos (Tentativa 5/5)...
    [Desistindo do ID 31] Excedeu tentativas.
 -> Fatiando parágrafo longo (ID: 32) via IA...
    [Limite de Requisições]. Aguardando 15 segundos (Tentativa 1/5)...
    [Limite de Requisições]. Aguardando 15 segundos (Tentativa 2/5)...
    [Limite de Requisições]. Aguardando 15 segundos (Tentativa 3/5)...
    [Limite de Requisições]. Aguardando 15 segundos (Tentativa 4/5)...
    [Limite de Requisições]. Aguardando 15 segundos (Tentativa 5/5)...
    [Desistindo do ID 32] Excedeu tentativas.
 -> Fatiando parágrafo longo (ID: 33) via IA...
    [Limite de Requisições]. Aguardando 15 segundos (Tentativa 1/5)...
    [Limite de Requisições]. Aguardando 15 segundos (Tentativa 2/5)...
    [Limite de Requisições]. Aguardando 15 segundos (Tentativa 3/5)...
    [Limite de Requisições]. Aguardando 15 segundos (Tentativa 4/5)...
    [Limite de Requisições]. Aguardando 15 segundos (Tentativa 5/5)...
    [Desistindo do ID 33] Excedeu tentativas.
 -> Fatiando parágrafo longo (ID: 34) via IA...
    [Limite de Requisições]. Aguardando 15 segundos (Tentativa 1/5)...
    [Limite de Requisições]. Aguardando 15 segundos (Tentativa 2/5)...
    [Limite de Requisições]. Aguardando 15 segundos (Tentativa 3/5)...
    [Limite de Requisições]. Aguardando 15 segundos (Tentativa 4/5)...
    [Limite de Requisições]. Aguardando 15 segundos (Tentativa 5/5)...
    [Desistindo do ID 34] Excedeu tentativas.
 -> Fatiando parágrafo longo (ID: 35) via IA...
    [Limite de Requisições]. Aguardando 15 segundos (Tentativa 1/5)...
    [Limite de Requisições]. Aguardando 15 segundos (Tentativa 2/5)...
    [Limite de Requisições]. Aguardando 15 segundos (Tentativa 3/5)...
    [Limite de Requisições]. Aguardando 15 segundos (Tentativa 4/5)...
    [Limite de Requisições]. Aguardando 15 segundos (Tentativa 5/5)...
    [Desistindo do ID 35] Excedeu tentativas.
 -> Fatiando parágrafo longo (ID: 36) via IA...
    [Limite de Requisições]. Aguardando 15 segundos (Tentativa 1/5)...
    [Limite de Requisições]. Aguardando 15 segundos (Tentativa 2/5)...
    [Limite de Requisições]. Aguardando 15 segundos (Tentativa 3/5)...
    [Limite de Requisições]. Aguardando 15 segundos (Tentativa 4/5)...
    [Limite de Requisições]. Aguardando 15 segundos (Tentativa 5/5)...
    [Desistindo do ID 36] Excedeu tentativas.
 -> Fatiando parágrafo longo (ID: 37) via IA...
    [Limite de Requisições]. Aguardando 15 segundos (Tentativa 1/5)...
    [Limite de Requisições]. Aguardando 15 segundos (Tentativa 2/5)...
    [Limite de Requisições]. Aguardando 15 segundos (Tentativa 3/5)...
    [Limite de Requisições]. Aguardando 15 segundos (Tentativa 4/5)...
    [Limite de Requisições]. Aguardando 15 segundos (Tentativa 5/5)...
    [Desistindo do ID 37] Excedeu tentativas.
 -> Fatiando parágrafo longo (ID: 38) via IA...
    [Limite de Requisições]. Aguardando 15 segundos (Tentativa 1/5)...
    [Limite de Requisições]. Aguardando 15 segundos (Tentativa 2/5)...
    [Limite de Requisições]. Aguardando 15 segundos (Tentativa 3/5)...
    [Limite de Requisições]. Aguardando 15 segundos (Tentativa 4/5)...
    [Limite de Requisições]. Aguardando 15 segundos (Tentativa 5/5)...
    [Desistindo do ID 38] Excedeu tentativas.
 -> Fatiando parágrafo longo (ID: 39) via IA...
    [Limite de Requisições]. Aguardando 15 segundos (Tentativa 1/5)...
    [Limite de Requisições]. Aguardando 15 segundos (Tentativa 2/5)...
    [Limite de Requisições]. Aguardando 15 segundos (Tentativa 3/5)...
    [Limite de Requisições]. Aguardando 15 segundos (Tentativa 4/5)...
    [Limite de Requisições]. Aguardando 15 segundos (Tentativa 5/5)...
    [Desistindo do ID 39] Excedeu tentativas.
 -> Fatiando parágrafo longo (ID: 40) via IA...
    [Limite de Requisições]. Aguardando 15 segundos (Tentativa 1/5)...
    [Limite de Requisições]. Aguardando 15 segundos (Tentativa 2/5)...
    [Limite de Requisições]. Aguardando 15 segundos (Tentativa 3/5)...
    [Limite de Requisições]. Aguardando 15 segundos (Tentativa 4/5)...
    [Limite de Requisições]. Aguardando 15 segundos (Tentativa 5/5)...
    [Desistindo do ID 40] Excedeu tentativas.
 -> Fatiando parágrafo longo (ID: 44) via IA...
    [Limite de Requisições]. Aguardando 15 segundos (Tentativa 1/5)...
    [Limite de Requisições]. Aguardando 15 segundos (Tentativa 2/5)...
    [Limite de Requisições]. Aguardando 15 segundos (Tentativa 3/5)...
    [Limite de Requisições]. Aguardando 15 segundos (Tentativa 4/5)...
    [Limite de Requisições]. Aguardando 15 segundos (Tentativa 5/5)...
    [Desistindo do ID 44] Excedeu tentativas.
 -> Fatiando parágrafo longo (ID: 45) via IA...
    [Limite de Requisições]. Aguardando 15 segundos (Tentativa 1/5)...
    [Limite de Requisições]. Aguardando 15 segundos (Tentativa 2/5)...
    [Limite de Requisições]. Aguardando 15 segundos (Tentativa 3/5)...
    [Limite de Requisições]. Aguardando 15 segundos (Tentativa 4/5)...
    [Limite de Requisições]. Aguardando 15 segundos (Tentativa 5/5)...
    [Desistindo do ID 45] Excedeu tentativas.
 -> Fatiando parágrafo longo (ID: 46) via IA...
    [Limite de Requisições]. Aguardando 15 segundos (Tentativa 1/5)...
    [Limite de Requisições]. Aguardando 15 segundos (Tentativa 2/5)...
    [Limite de Requisições]. Aguardando 15 segundos (Tentativa 3/5)...
    [Limite de Requisições]. Aguardando 15 segundos (Tentativa 4/5)...
    [Limite de Requisições]. Aguardando 15 segundos (Tentativa 5/5)...
    [Desistindo do ID 46] Excedeu tentativas.
 -> Fatiando parágrafo longo (ID: 48) via IA...
    [Limite de Requisições]. Aguardando 15 segundos (Tentativa 1/5)...
    [Limite de Requisições]. Aguardando 15 segundos (Tentativa 2/5)...
    [Limite de Requisições]. Aguardando 15 segundos (Tentativa 3/5)...
    [Limite de Requisições]. Aguardando 15 segundos (Tentativa 4/5)...
    [Limite de Requisições]. Aguardando 15 segundos (Tentativa 5/5)...
    [Desistindo do ID 48] Excedeu tentativas.
 -> Fatiando parágrafo longo (ID: 49) via IA...
    [Limite de Requisições]. Aguardando 15 segundos (Tentativa 1/5)...
    [Limite de Requisições]. Aguardando 15 segundos (Tentativa 2/5)...
    [Limite de Requisições]. Aguardando 15 segundos (Tentativa 3/5)...
    [Limite de Requisições]. Aguardando 15 segundos (Tentativa 4/5)...
    [Limite de Requisições]. Aguardando 15 segundos (Tentativa 5/5)...
    [Desistindo do ID 49] Excedeu tentativas.
 -> Fatiando parágrafo longo (ID: 50) via IA...
    [Limite de Requisições]. Aguardando 15 segundos (Tentativa 1/5)...
    [Limite de Requisições]. Aguardando 15 segundos (Tentativa 2/5)...
    [Limite de Requisições]. Aguardando 15 segundos (Tentativa 3/5)...
    [Limite de Requisições]. Aguardando 15 segundos (Tentativa 4/5)...
    [Limite de Requisições]. Aguardando 15 segundos (Tentativa 5/5)...
    [Desistindo do ID 50] Excedeu tentativas.
 -> Fatiando parágrafo longo (ID: 51) via IA...
    [Limite de Requisições]. Aguardando 15 segundos (Tentativa 1/5)...
    [Limite de Requisições]. Aguardando 15 segundos (Tentativa 2/5)...
    [Limite de Requisições]. Aguardando 15 segundos (Tentativa 3/5)...
    [Limite de Requisições]. Aguardando 15 segundos (Tentativa 4/5)...
    [Limite de Requisições]. Aguardando 15 segundos (Tentativa 5/5)...
    [Desistindo do ID 51] Excedeu tentativas.
 -> Fatiando parágrafo longo (ID: 52) via IA...
    [Limite de Requisições]. Aguardando 15 segundos (Tentativa 1/5)...
    [Limite de Requisições]. Aguardando 15 segundos (Tentativa 2/5)...
    [Limite de Requisições]. Aguardando 15 segundos (Tentativa 3/5)...
    [Limite de Requisições]. Aguardando 15 segundos (Tentativa 4/5)...
    [Limite de Requisições]. Aguardando 15 segundos (Tentativa 5/5)...
    [Desistindo do ID 52] Excedeu tentativas.
 -> Fatiando parágrafo longo (ID: 53) via IA...
    [Limite de Requisições]. Aguardando 15 segundos (Tentativa 1/5)...
    [Limite de Requisições]. Aguardando 15 segundos (Tentativa 2/5)...
    [Limite de Requisições]. Aguardando 15 segundos (Tentativa 3/5)...
    [Limite de Requisições]. Aguardando 15 segundos (Tentativa 4/5)...
    [Limite de Requisições]. Aguardando 15 segundos (Tentativa 5/5)...
    [Desistindo do ID 53] Excedeu tentativas.
 -> Fatiando parágrafo longo (ID: 54) via IA...
    [Limite de Requisições]. Aguardando 15 segundos (Tentativa 1/5)...
    [Limite de Requisições]. Aguardando 15 segundos (Tentativa 2/5)...
    [Limite de Requisições]. Aguardando 15 segundos (Tentativa 3/5)...
    [Limite de Requisições]. Aguardando 15 segundos (Tentativa 4/5)...
    [Limite de Requisições]. Aguardando 15 segundos (Tentativa 5/5)...
    [Desistindo do ID 54] Excedeu tentativas.
 -> Fatiando parágrafo longo (ID: 55) via IA...
    [Limite de Requisições]. Aguardando 15 segundos (Tentativa 1/5)...
    [Limite de Requisições]. Aguardando 15 segundos (Tentativa 2/5)...
    [Limite de Requisições]. Aguardando 15 segundos (Tentativa 3/5)...
    [Limite de Requisições]. Aguardando 15 segundos (Tentativa 4/5)...
    [Limite de Requisições]. Aguardando 15 segundos (Tentativa 5/5)...
    [Desistindo do ID 55] Excedeu tentativas.
 -> Fatiando parágrafo longo (ID: 56) via IA...
    [Limite de Requisições]. Aguardando 15 segundos (Tentativa 1/5)...
    [Limite de Requisições]. Aguardando 15 segundos (Tentativa 2/5)...
    [Limite de Requisições]. Aguardando 15 segundos (Tentativa 3/5)...
    [Limite de Requisições]. Aguardando 15 segundos (Tentativa 4/5)...
    [Limite de Requisições]. Aguardando 15 segundos (Tentativa 5/5)...
    [Desistindo do ID 56] Excedeu tentativas.
 -> Fatiando parágrafo longo (ID: 57) via IA...
    [Limite de Requisições]. Aguardando 15 segundos (Tentativa 1/5)...
    [Limite de Requisições]. Aguardando 15 segundos (Tentativa 2/5)...
    [Limite de Requisições]. Aguardando 15 segundos (Tentativa 3/5)...
    [Limite de Requisições]. Aguardando 15 segundos (Tentativa 4/5)...
    [Limite de Requisições]. Aguardando 15 segundos (Tentativa 5/5)...
    [Desistindo do ID 57] Excedeu tentativas.
 -> Fatiando parágrafo longo (ID: 59) via IA...
    [Limite de Requisições]. Aguardando 15 segundos (Tentativa 1/5)...
    [Limite de Requisições]. Aguardando 15 segundos (Tentativa 2/5)...
    [Limite de Requisições]. Aguardando 15 segundos (Tentativa 3/5)...
    [Limite de Requisições]. Aguardando 15 segundos (Tentativa 4/5)...
    [Limite de Requisições]. Aguardando 15 segundos (Tentativa 5/5)...
    [Desistindo do ID 59] Excedeu tentativas.
 -> Fatiando parágrafo longo (ID: 62) via IA...
    [Limite de Requisições]. Aguardando 15 segundos (Tentativa 1/5)...
    [Limite de Requisições]. Aguardando 15 segundos (Tentativa 2/5)...
    [Limite de Requisições]. Aguardando 15 segundos (Tentativa 3/5)...
    [Limite de Requisições]. Aguardando 15 segundos (Tentativa 4/5)...
    [Limite de Requisições]. Aguardando 15 segundos (Tentativa 5/5)...
    [Desistindo do ID 62] Excedeu tentativas.
 -> Fatiando parágrafo longo (ID: 63) via IA...
    [Limite de Requisições]. Aguardando 15 segundos (Tentativa 1/5)...
    [Limite de Requisições]. Aguardando 15 segundos (Tentativa 2/5)...
    [Limite de Requisições]. Aguardando 15 segundos (Tentativa 3/5)...
    [Limite de Requisições]. Aguardando 15 segundos (Tentativa 4/5)...
    [Limite de Requisições]. Aguardando 15 segundos (Tentativa 5/5)...
    [Desistindo do ID 63] Excedeu tentativas.
 -> Fatiando parágrafo longo (ID: 66) via IA...
    [Limite de Requisições]. Aguardando 15 segundos (Tentativa 1/5)...
    [Limite de Requisições]. Aguardando 15 segundos (Tentativa 2/5)...
    [Limite de Requisições]. Aguardando 15 segundos (Tentativa 3/5)...
    [Limite de Requisições]. Aguardando 15 segundos (Tentativa 4/5)...
    [Limite de Requisições]. Aguardando 15 segundos (Tentativa 5/5)...
    [Desistindo do ID 66] Excedeu tentativas.
 -> Fatiando parágrafo longo (ID: 67) via IA...
    [Limite de Requisições]. Aguardando 15 segundos (Tentativa 1/5)...
    [Limite de Requisições]. Aguardando 15 segundos (Tentativa 2/5)...
    [Limite de Requisições]. Aguardando 15 segundos (Tentativa 3/5)...
    [Limite de Requisições]. Aguardando 15 segundos (Tentativa 4/5)...
    [Limite de Requisições]. Aguardando 15 segundos (Tentativa 5/5)...
    [Desistindo do ID 67] Excedeu tentativas.
 -> Fatiando parágrafo longo (ID: 70) via IA...
    [Limite de Requisições]. Aguardando 15 segundos (Tentativa 1/5)...
    [Limite de Requisições]. Aguardando 15 segundos (Tentativa 2/5)...
    [Limite de Requisições]. Aguardando 15 segundos (Tentativa 3/5)...
    [Limite de Requisições]. Aguardando 15 segundos (Tentativa 4/5)...
    [Limite de Requisições]. Aguardando 15 segundos (Tentativa 5/5)...
    [Desistindo do ID 70] Excedeu tentativas.
 -> Fatiando parágrafo longo (ID: 71) via IA...
    [Limite de Requisições]. Aguardando 15 segundos (Tentativa 1/5)...
    [Limite de Requisições]. Aguardando 15 segundos (Tentativa 2/5)...
    [Limite de Requisições]. Aguardando 15 segundos (Tentativa 3/5)...
    [Limite de Requisições]. Aguardando 15 segundos (Tentativa 4/5)...
    [Limite de Requisições]. Aguardando 15 segundos (Tentativa 5/5)...
    [Desistindo do ID 71] Excedeu tentativas.
 -> Fatiando parágrafo longo (ID: 72) via IA...
    [Limite de Requisições]. Aguardando 15 segundos (Tentativa 1/5)...
    [Limite de Requisições]. Aguardando 15 segundos (Tentativa 2/5)...
    [Limite de Requisições]. Aguardando 15 segundos (Tentativa 3/5)...
    [Limite de Requisições]. Aguardando 15 segundos (Tentativa 4/5)...
    [Limite de Requisições]. Aguardando 15 segundos (Tentativa 5/5)...
    [Desistindo do ID 72] Excedeu tentativas.
 -> Fatiando parágrafo longo (ID: 74) via IA...
    [Limite de Requisições]. Aguardando 15 segundos (Tentativa 1/5)...
    [Limite de Requisições]. Aguardando 15 segundos (Tentativa 2/5)...
    [Limite de Requisições]. Aguardando 15 segundos (Tentativa 3/5)...
    [Limite de Requisições]. Aguardando 15 segundos (Tentativa 4/5)...
    [Limite de Requisições]. Aguardando 15 segundos (Tentativa 5/5)...
    [Desistindo do ID 74] Excedeu tentativas.
 -> Fatiando parágrafo longo (ID: 75) via IA...
    [Limite de Requisições]. Aguardando 15 segundos (Tentativa 1/5)...
    [Limite de Requisições]. Aguardando 15 segundos (Tentativa 2/5)...
    [Limite de Requisições]. Aguardando 15 segundos (Tentativa 3/5)...
    [Limite de Requisições]. Aguardando 15 segundos (Tentativa 4/5)...
    [Limite de Requisições]. Aguardando 15 segundos (Tentativa 5/5)...
    [Desistindo do ID 75] Excedeu tentativas.
 -> Fatiando parágrafo longo (ID: 77) via IA...
    [Limite de Requisições]. Aguardando 15 segundos (Tentativa 1/5)...
    [Limite de Requisições]. Aguardando 15 segundos (Tentativa 2/5)...
    [Limite de Requisições]. Aguardando 15 segundos (Tentativa 3/5)...
    [Limite de Requisições]. Aguardando 15 segundos (Tentativa 4/5)...
    [Limite de Requisições]. Aguardando 15 segundos (Tentativa 5/5)...
    [Desistindo do ID 77] Excedeu tentativas.
 -> Fatiando parágrafo longo (ID: 78) via IA...
    [Limite de Requisições]. Aguardando 15 segundos (Tentativa 1/5)...
    [Limite de Requisições]. Aguardando 15 segundos (Tentativa 2/5)...
    [Limite de Requisições]. Aguardando 15 segundos (Tentativa 3/5)...
    [Limite de Requisições]. Aguardando 15 segundos (Tentativa 4/5)...
    [Limite de Requisições]. Aguardando 15 segundos (Tentativa 5/5)...
    [Desistindo do ID 78] Excedeu tentativas.
 -> Fatiando parágrafo longo (ID: 85) via IA...
    [Limite de Requisições]. Aguardando 15 segundos (Tentativa 1/5)...
    [Limite de Requisições]. Aguardando 15 segundos (Tentativa 2/5)...
    [Limite de Requisições]. Aguardando 15 segundos (Tentativa 3/5)...
    [Limite de Requisições]. Aguardando 15 segundos (Tentativa 4/5)...
    [Limite de Requisições]. Aguardando 15 segundos (Tentativa 5/5)...
    [Desistindo do ID 85] Excedeu tentativas.
 -> Fatiando parágrafo longo (ID: 86) via IA...
    [Limite de Requisições]. Aguardando 15 segundos (Tentativa 1/5)...
    [Limite de Requisições]. Aguardando 15 segundos (Tentativa 2/5)...
    [Limite de Requisições]. Aguardando 15 segundos (Tentativa 3/5)...
    [Limite de Requisições]. Aguardando 15 segundos (Tentativa 4/5)...
    [Limite de Requisições]. Aguardando 15 segundos (Tentativa 5/5)...
    [Desistindo do ID 86] Excedeu tentativas.
 -> Fatiando parágrafo longo (ID: 87) via IA...
    [Limite de Requisições]. Aguardando 15 segundos (Tentativa 1/5)...
    [Limite de Requisições]. Aguardando 15 segundos (Tentativa 2/5)...
    [Limite de Requisições]. Aguardando 15 segundos (Tentativa 3/5)...
    [Limite de Requisições]. Aguardando 15 segundos (Tentativa 4/5)...
    [Limite de Requisições]. Aguardando 15 segundos (Tentativa 5/5)...
    [Desistindo do ID 87] Excedeu tentativas.
 -> Fatiando parágrafo longo (ID: 89) via IA...
    [Limite de Requisições]. Aguardando 15 segundos (Tentativa 1/5)...
    [Limite de Requisições]. Aguardando 15 segundos (Tentativa 2/5)...
    [Limite de Requisições]. Aguardando 15 segundos (Tentativa 3/5)...
    [Limite de Requisições]. Aguardando 15 segundos (Tentativa 4/5)...
    [Limite de Requisições]. Aguardando 15 segundos (Tentativa 5/5)...
    [Desistindo do ID 89] Excedeu tentativas.
 -> Fatiando parágrafo longo (ID: 90) via IA...
    [Limite de Requisições]. Aguardando 15 segundos (Tentativa 1/5)...
    [Limite de Requisições]. Aguardando 15 segundos (Tentativa 2/5)...
    [Limite de Requisições]. Aguardando 15 segundos (Tentativa 3/5)...
    [Limite de Requisições]. Aguardando 15 segundos (Tentativa 4/5)...
    [Limite de Requisições]. Aguardando 15 segundos (Tentativa 5/5)...
    [Desistindo do ID 90] Excedeu tentativas.
 -> Fatiando parágrafo longo (ID: 94) via IA...
    [Limite de Requisições]. Aguardando 15 segundos (Tentativa 1/5)...
    [Limite de Requisições]. Aguardando 15 segundos (Tentativa 2/5)...
    [Limite de Requisições]. Aguardando 15 segundos (Tentativa 3/5)...
    [Limite de Requisições]. Aguardando 15 segundos (Tentativa 4/5)...
    [Limite de Requisições]. Aguardando 15 segundos (Tentativa 5/5)...
    [Desistindo do ID 94] Excedeu tentativas.
 -> Fatiando parágrafo longo (ID: 96) via IA...
    [Limite de Requisições]. Aguardando 15 segundos (Tentativa 1/5)...
    [Limite de Requisições]. Aguardando 15 segundos (Tentativa 2/5)...
    [Limite de Requisições]. Aguardando 15 segundos (Tentativa 3/5)...
    [Limite de Requisições]. Aguardando 15 segundos (Tentativa 4/5)...
    [Limite de Requisições]. Aguardando 15 segundos (Tentativa 5/5)...
    [Desistindo do ID 96] Excedeu tentativas.
 -> Fatiando parágrafo longo (ID: 97) via IA...
    [Limite de Requisições]. Aguardando 15 segundos (Tentativa 1/5)...
    [Limite de Requisições]. Aguardando 15 segundos (Tentativa 2/5)...
    [Limite de Requisições]. Aguardando 15 segundos (Tentativa 3/5)...
    [Limite de Requisições]. Aguardando 15 segundos (Tentativa 4/5)...
    [Limite de Requisições]. Aguardando 15 segundos (Tentativa 5/5)...
    [Desistindo do ID 97] Excedeu tentativas.
 -> Fatiando parágrafo longo (ID: 100) via IA...
    [Limite de Requisições]. Aguardando 15 segundos (Tentativa 1/5)...
    [Limite de Requisições]. Aguardando 15 segundos (Tentativa 2/5)...
    [Limite de Requisições]. Aguardando 15 segundos (Tentativa 3/5)...
    [Limite de Requisições]. Aguardando 15 segundos (Tentativa 4/5)...
    [Limite de Requisições]. Aguardando 15 segundos (Tentativa 5/5)...
    [Desistindo do ID 100] Excedeu tentativas.
 -> Fatiando parágrafo longo (ID: 103) via IA...
    [Limite de Requisições]. Aguardando 15 segundos (Tentativa 1/5)...
    [Limite de Requisições]. Aguardando 15 segundos (Tentativa 2/5)...
    [Limite de Requisições]. Aguardando 15 segundos (Tentativa 3/5)...
    [Limite de Requisições]. Aguardando 15 segundos (Tentativa 4/5)...
    [Limite de Requisições]. Aguardando 15 segundos (Tentativa 5/5)...
    [Desistindo do ID 103] Excedeu tentativas.
 -> Fatiando parágrafo longo (ID: 112) via IA...
    [Limite de Requisições]. Aguardando 15 segundos (Tentativa 1/5)...
    [Limite de Requisições]. Aguardando 15 segundos (Tentativa 2/5)...
    [Limite de Requisições]. Aguardando 15 segundos (Tentativa 3/5)...
    [Limite de Requisições]. Aguardando 15 segundos (Tentativa 4/5)...
    [Limite de Requisições]. Aguardando 15 segundos (Tentativa 5/5)...
    [Desistindo do ID 112] Excedeu tentativas.
 -> Fatiando parágrafo longo (ID: 113) via IA...
    [Limite de Requisições]. Aguardando 15 segundos (Tentativa 1/5)...
    [Limite de Requisições]. Aguardando 15 segundos (Tentativa 2/5)...
    [Limite de Requisições]. Aguardando 15 segundos (Tentativa 3/5)...
    [Limite de Requisições]. Aguardando 15 segundos (Tentativa 4/5)...
    [Limite de Requisições]. Aguardando 15 segundos (Tentativa 5/5)...
    [Desistindo do ID 113] Excedeu tentativas.
 -> Fatiando parágrafo longo (ID: 114) via IA...
    [Limite de Requisições]. Aguardando 15 segundos (Tentativa 1/5)...
    [Limite de Requisições]. Aguardando 15 segundos (Tentativa 2/5)...
    [Limite de Requisições]. Aguardando 15 segundos (Tentativa 3/5)...
    [Limite de Requisições]. Aguardando 15 segundos (Tentativa 4/5)...
    [Limite de Requisições]. Aguardando 15 segundos (Tentativa 5/5)...
    [Desistindo do ID 114] Excedeu tentativas.
 -> Fatiando parágrafo longo (ID: 116) via IA...
    [Limite de Requisições]. Aguardando 15 segundos (Tentativa 1/5)...
    [Limite de Requisições]. Aguardando 15 segundos (Tentativa 2/5)...
    [Limite de Requisições]. Aguardando 15 segundos (Tentativa 3/5)...
    [Limite de Requisições]. Aguardando 15 segundos (Tentativa 4/5)...
    [Limite de Requisições]. Aguardando 15 segundos (Tentativa 5/5)...
    [Desistindo do ID 116] Excedeu tentativas.
 -> Fatiando parágrafo longo (ID: 117) via IA...
    [Limite de Requisições]. Aguardando 15 segundos (Tentativa 1/5)...
    [Limite de Requisições]. Aguardando 15 segundos (Tentativa 2/5)...
    [Limite de Requisições]. Aguardando 15 segundos (Tentativa 3/5)...
    [Limite de Requisições]. Aguardando 15 segundos (Tentativa 4/5)...
    [Limite de Requisições]. Aguardando 15 segundos (Tentativa 5/5)...
    [Desistindo do ID 117] Excedeu tentativas.
 -> Fatiando parágrafo longo (ID: 118) via IA...
    [Limite de Requisições]. Aguardando 15 segundos (Tentativa 1/5)...
    [Limite de Requisições]. Aguardando 15 segundos (Tentativa 2/5)...
    [Limite de Requisições]. Aguardando 15 segundos (Tentativa 3/5)...
    [Limite de Requisições]. Aguardando 15 segundos (Tentativa 4/5)...
    [Limite de Requisições]. Aguardando 15 segundos (Tentativa 5/5)...
    [Desistindo do ID 118] Excedeu tentativas.
 -> Fatiando parágrafo longo (ID: 119) via IA...
    [Limite de Requisições]. Aguardando 15 segundos (Tentativa 1/5)...
    [Limite de Requisições]. Aguardando 15 segundos (Tentativa 2/5)...
    [Limite de Requisições]. Aguardando 15 segundos (Tentativa 3/5)...
    [Limite de Requisições]. Aguardando 15 segundos (Tentativa 4/5)...
    [Limite de Requisições]. Aguardando 15 segundos (Tentativa 5/5)...
    [Desistindo do ID 119] Excedeu tentativas.
 -> Fatiando parágrafo longo (ID: 120) via IA...
    [Limite de Requisições]. Aguardando 15 segundos (Tentativa 1/5)...
    [Limite de Requisições]. Aguardando 15 segundos (Tentativa 2/5)...
    [Limite de Requisições]. Aguardando 15 segundos (Tentativa 3/5)...
    [Limite de Requisições]. Aguardando 15 segundos (Tentativa 4/5)...
    [Limite de Requisições]. Aguardando 15 segundos (Tentativa 5/5)...
    [Desistindo do ID 120] Excedeu tentativas.
 -> Fatiando parágrafo longo (ID: 122) via IA...
    [Limite de Requisições]. Aguardando 15 segundos (Tentativa 1/5)...
    [Limite de Requisições]. Aguardando 15 segundos (Tentativa 2/5)...
    [Limite de Requisições]. Aguardando 15 segundos (Tentativa 3/5)...
    [Limite de Requisições]. Aguardando 15 segundos (Tentativa 4/5)...
    [Limite de Requisições]. Aguardando 15 segundos (Tentativa 5/5)...
    [Desistindo do ID 122] Excedeu tentativas.
 -> Fatiando parágrafo longo (ID: 123) via IA...
    [Limite de Requisições]. Aguardando 15 segundos (Tentativa 1/5)...
    [Limite de Requisições]. Aguardando 15 segundos (Tentativa 2/5)...
    [Limite de Requisições]. Aguardando 15 segundos (Tentativa 3/5)...
    [Limite de Requisições]. Aguardando 15 segundos (Tentativa 4/5)...
    [Limite de Requisições]. Aguardando 15 segundos (Tentativa 5/5)...
    [Desistindo do ID 123] Excedeu tentativas.
 -> Fatiando parágrafo longo (ID: 128) via IA...
    [Limite de Requisições]. Aguardando 15 segundos (Tentativa 1/5)...
    [Limite de Requisições]. Aguardando 15 segundos (Tentativa 2/5)...
    [Limite de Requisições]. Aguardando 15 segundos (Tentativa 3/5)...
    [Limite de Requisições]. Aguardando 15 segundos (Tentativa 4/5)...
    [Limite de Requisições]. Aguardando 15 segundos (Tentativa 5/5)...
    [Desistindo do ID 128] Excedeu tentativas.
 -> Fatiando parágrafo longo (ID: 129) via IA...
    [Limite de Requisições]. Aguardando 15 segundos (Tentativa 1/5)...
    [Limite de Requisições]. Aguardando 15 segundos (Tentativa 2/5)...
    [Limite de Requisições]. Aguardando 15 segundos (Tentativa 3/5)...
    [Limite de Requisições]. Aguardando 15 segundos (Tentativa 4/5)...
    [Limite de Requisições]. Aguardando 15 segundos (Tentativa 5/5)...
    [Desistindo do ID 129] Excedeu tentativas.
 -> Fatiando parágrafo longo (ID: 130) via IA...
    [Limite de Requisições]. Aguardando 15 segundos (Tentativa 1/5)...
    [Limite de Requisições]. Aguardando 15 segundos (Tentativa 2/5)...
    [Limite de Requisições]. Aguardando 15 segundos (Tentativa 3/5)...
    [Limite de Requisições]. Aguardando 15 segundos (Tentativa 4/5)...
    [Limite de Requisições]. Aguardando 15 segundos (Tentativa 5/5)...
    [Desistindo do ID 130] Excedeu tentativas.
 -> Fatiando parágrafo longo (ID: 131) via IA...
    [Limite de Requisições]. Aguardando 15 segundos (Tentativa 1/5)...
    [Limite de Requisições]. Aguardando 15 segundos (Tentativa 2/5)...
    [Limite de Requisições]. Aguardando 15 segundos (Tentativa 3/5)...
    [Limite de Requisições]. Aguardando 15 segundos (Tentativa 4/5)...
    [Limite de Requisições]. Aguardando 15 segundos (Tentativa 5/5)...
    [Desistindo do ID 131] Excedeu tentativas.
 -> Fatiando parágrafo longo (ID: 132) via IA...
    [Limite de Requisições]. Aguardando 15 segundos (Tentativa 1/5)...
    [Limite de Requisições]. Aguardando 15 segundos (Tentativa 2/5)...
    [Limite de Requisições]. Aguardando 15 segundos (Tentativa 3/5)...
    [Limite de Requisições]. Aguardando 15 segundos (Tentativa 4/5)...
    [Limite de Requisições]. Aguardando 15 segundos (Tentativa 5/5)...
    [Desistindo do ID 132] Excedeu tentativas.
 -> Fatiando parágrafo longo (ID: 133) via IA...
    [Limite de Requisições]. Aguardando 15 segundos (Tentativa 1/5)...
    [Limite de Requisições]. Aguardando 15 segundos (Tentativa 2/5)...
    [Limite de Requisições]. Aguardando 15 segundos (Tentativa 3/5)...
    [Limite de Requisições]. Aguardando 15 segundos (Tentativa 4/5)...
    [Limite de Requisições]. Aguardando 15 segundos (Tentativa 5/5)...
    [Desistindo do ID 133] Excedeu tentativas.
 -> Fatiando parágrafo longo (ID: 134) via IA...
    [Limite de Requisições]. Aguardando 15 segundos (Tentativa 1/5)...
    [Limite de Requisições]. Aguardando 15 segundos (Tentativa 2/5)...
    [Limite de Requisições]. Aguardando 15 segundos (Tentativa 3/5)...
    [Limite de Requisições]. Aguardando 15 segundos (Tentativa 4/5)...
    [Limite de Requisições]. Aguardando 15 segundos (Tentativa 5/5)...
    [Desistindo do ID 134] Excedeu tentativas.
 -> Fatiando parágrafo longo (ID: 135) via IA...
    [Limite de Requisições]. Aguardando 15 segundos (Tentativa 1/5)...
    [Limite de Requisições]. Aguardando 15 segundos (Tentativa 2/5)...
    [Limite de Requisições]. Aguardando 15 segundos (Tentativa 3/5)...
    [Limite de Requisições]. Aguardando 15 segundos (Tentativa 4/5)...
    [Limite de Requisições]. Aguardando 15 segundos (Tentativa 5/5)...
    [Desistindo do ID 135] Excedeu tentativas.
 -> Fatiando parágrafo longo (ID: 136) via IA...
    [Limite de Requisições]. Aguardando 15 segundos (Tentativa 1/5)...
    [Limite de Requisições]. Aguardando 15 segundos (Tentativa 2/5)...
    [Limite de Requisições]. Aguardando 15 segundos (Tentativa 3/5)...
    [Limite de Requisições]. Aguardando 15 segundos (Tentativa 4/5)...
    [Limite de Requisições]. Aguardando 15 segundos (Tentativa 5/5)...
    [Desistindo do ID 136] Excedeu tentativas.
 -> Fatiando parágrafo longo (ID: 137) via IA...
    [Limite de Requisições]. Aguardando 15 segundos (Tentativa 1/5)...
    [Limite de Requisições]. Aguardando 15 segundos (Tentativa 2/5)...
    [Limite de Requisições]. Aguardando 15 segundos (Tentativa 3/5)...
    [Limite de Requisições]. Aguardando 15 segundos (Tentativa 4/5)...
    [Limite de Requisições]. Aguardando 15 segundos (Tentativa 5/5)...
    [Desistindo do ID 137] Excedeu tentativas.
 -> Fatiando parágrafo longo (ID: 138) via IA...
    [Limite de Requisições]. Aguardando 15 segundos (Tentativa 1/5)...
    [Limite de Requisições]. Aguardando 15 segundos (Tentativa 2/5)...
    [Limite de Requisições]. Aguardando 15 segundos (Tentativa 3/5)...
    [Limite de Requisições]. Aguardando 15 segundos (Tentativa 4/5)...
    [Limite de Requisições]. Aguardando 15 segundos (Tentativa 5/5)...
    [Desistindo do ID 138] Excedeu tentativas.
 -> Fatiando parágrafo longo (ID: 139) via IA...
    [Limite de Requisições]. Aguardando 15 segundos (Tentativa 1/5)...
    [Limite de Requisições]. Aguardando 15 segundos (Tentativa 2/5)...
    [Limite de Requisições]. Aguardando 15 segundos (Tentativa 3/5)...
    [Limite de Requisições]. Aguardando 15 segundos (Tentativa 4/5)...
    [Limite de Requisições]. Aguardando 15 segundos (Tentativa 5/5)...
    [Desistindo do ID 139] Excedeu tentativas.
 -> Fatiando parágrafo longo (ID: 140) via IA...
    [Limite de Requisições]. Aguardando 15 segundos (Tentativa 1/5)...
    [Limite de Requisições]. Aguardando 15 segundos (Tentativa 2/5)...
    [Limite de Requisições]. Aguardando 15 segundos (Tentativa 3/5)...
    [Limite de Requisições]. Aguardando 15 segundos (Tentativa 4/5)...
    [Limite de Requisições]. Aguardando 15 segundos (Tentativa 5/5)...
    [Desistindo do ID 140] Excedeu tentativas.
 -> Fatiando parágrafo longo (ID: 141) via IA...
    [Limite de Requisições]. Aguardando 15 segundos (Tentativa 1/5)...
    [Limite de Requisições]. Aguardando 15 segundos (Tentativa 2/5)...
    [Limite de Requisições]. Aguardando 15 segundos (Tentativa 3/5)...
    [Limite de Requisições]. Aguardando 15 segundos (Tentativa 4/5)...
    [Limite de Requisições]. Aguardando 15 segundos (Tentativa 5/5)...
    [Desistindo do ID 141] Excedeu tentativas.
 -> Fatiando parágrafo longo (ID: 142) via IA...
    [Limite de Requisições]. Aguardando 15 segundos (Tentativa 1/5)...
    [Limite de Requisições]. Aguardando 15 segundos (Tentativa 2/5)...
    [Limite de Requisições]. Aguardando 15 segundos (Tentativa 3/5)...
    [Limite de Requisições]. Aguardando 15 segundos (Tentativa 4/5)...
    [Limite de Requisições]. Aguardando 15 segundos (Tentativa 5/5)...
    [Desistindo do ID 142] Excedeu tentativas.
 -> Fatiando parágrafo longo (ID: 143) via IA...
    [Limite de Requisições]. Aguardando 15 segundos (Tentativa 1/5)...
    [Limite de Requisições]. Aguardando 15 segundos (Tentativa 2/5)...
    [Limite de Requisições]. Aguardando 15 segundos (Tentativa 3/5)...
    [Limite de Requisições]. Aguardando 15 segundos (Tentativa 4/5)...
    [Limite de Requisições]. Aguardando 15 segundos (Tentativa 5/5)...
    [Desistindo do ID 143] Excedeu tentativas.
 -> Fatiando parágrafo longo (ID: 144) via IA...
    [Limite de Requisições]. Aguardando 15 segundos (Tentativa 1/5)...
    [Limite de Requisições]. Aguardando 15 segundos (Tentativa 2/5)...
    [Limite de Requisições]. Aguardando 15 segundos (Tentativa 3/5)...
    [Limite de Requisições]. Aguardando 15 segundos (Tentativa 4/5)...
    [Limite de Requisições]. Aguardando 15 segundos (Tentativa 5/5)...
    [Desistindo do ID 144] Excedeu tentativas.
 -> Fatiando parágrafo longo (ID: 157) via IA...
    [Limite de Requisições]. Aguardando 15 segundos (Tentativa 1/5)...
    [Limite de Requisições]. Aguardando 15 segundos (Tentativa 2/5)...
    [Limite de Requisições]. Aguardando 15 segundos (Tentativa 3/5)...
    [Limite de Requisições]. Aguardando 15 segundos (Tentativa 4/5)...
    [Limite de Requisições]. Aguardando 15 segundos (Tentativa 5/5)...
    [Desistindo do ID 157] Excedeu tentativas.
 -> Fatiando parágrafo longo (ID: 159) via IA...
    [Limite de Requisições]. Aguardando 15 segundos (Tentativa 1/5)...
    [Limite de Requisições]. Aguardando 15 segundos (Tentativa 2/5)...
    [Limite de Requisições]. Aguardando 15 segundos (Tentativa 3/5)...
    [Limite de Requisições]. Aguardando 15 segundos (Tentativa 4/5)...
    [Limite de Requisições]. Aguardando 15 segundos (Tentativa 5/5)...
    [Desistindo do ID 159] Excedeu tentativas.
 -> Fatiando parágrafo longo (ID: 161) via IA...
    [Limite de Requisições]. Aguardando 15 segundos (Tentativa 1/5)...
    [Limite de Requisições]. Aguardando 15 segundos (Tentativa 2/5)...
    [Limite de Requisições]. Aguardando 15 segundos (Tentativa 3/5)...
    [Limite de Requisições]. Aguardando 15 segundos (Tentativa 4/5)...
    [Limite de Requisições]. Aguardando 15 segundos (Tentativa 5/5)...
    [Desistindo do ID 161] Excedeu tentativas.
 -> Fatiando parágrafo longo (ID: 162) via IA...
    [Limite de Requisições]. Aguardando 15 segundos (Tentativa 1/5)...
    [Limite de Requisições]. Aguardando 15 segundos (Tentativa 2/5)...
    [Limite de Requisições]. Aguardando 15 segundos (Tentativa 3/5)...
    [Limite de Requisições]. Aguardando 15 segundos (Tentativa 4/5)...
    [Limite de Requisições]. Aguardando 15 segundos (Tentativa 5/5)...
    [Desistindo do ID 162] Excedeu tentativas.
 -> Fatiando parágrafo longo (ID: 163) via IA...
    [Limite de Requisições]. Aguardando 15 segundos (Tentativa 1/5)...
    [Limite de Requisições]. Aguardando 15 segundos (Tentativa 2/5)...
    [Limite de Requisições]. Aguardando 15 segundos (Tentativa 3/5)...
    [Limite de Requisições]. Aguardando 15 segundos (Tentativa 4/5)...
    [Limite de Requisições]. Aguardando 15 segundos (Tentativa 5/5)...
    [Desistindo do ID 163] Excedeu tentativas.
 -> Fatiando parágrafo longo (ID: 166) via IA...
    [Limite de Requisições]. Aguardando 15 segundos (Tentativa 1/5)...
    [Limite de Requisições]. Aguardando 15 segundos (Tentativa 2/5)...
    [Limite de Requisições]. Aguardando 15 segundos (Tentativa 3/5)...
    [Limite de Requisições]. Aguardando 15 segundos (Tentativa 4/5)...
    [Limite de Requisições]. Aguardando 15 segundos (Tentativa 5/5)...
    [Desistindo do ID 166] Excedeu tentativas.
 -> Fatiando parágrafo longo (ID: 169) via IA...
    [Limite de Requisições]. Aguardando 15 segundos (Tentativa 1/5)...
    [Limite de Requisições]. Aguardando 15 segundos (Tentativa 2/5)...
    [Limite de Requisições]. Aguardando 15 segundos (Tentativa 3/5)...
    [Limite de Requisições]. Aguardando 15 segundos (Tentativa 4/5)...
    [Limite de Requisições]. Aguardando 15 segundos (Tentativa 5/5)...
    [Desistindo do ID 169] Excedeu tentativas.
 -> Fatiando parágrafo longo (ID: 170) via IA...
    [Limite de Requisições]. Aguardando 15 segundos (Tentativa 1/5)...
    [Limite de Requisições]. Aguardando 15 segundos (Tentativa 2/5)...
    [Limite de Requisições]. Aguardando 15 segundos (Tentativa 3/5)...
    [Limite de Requisições]. Aguardando 15 segundos (Tentativa 4/5)...
    [Limite de Requisições]. Aguardando 15 segundos (Tentativa 5/5)...
    [Desistindo do ID 170] Excedeu tentativas.
 -> Fatiando parágrafo longo (ID: 171) via IA...
    [Limite de Requisições]. Aguardando 15 segundos (Tentativa 1/5)...
    [Limite de Requisições]. Aguardando 15 segundos (Tentativa 2/5)...
    [Limite de Requisições]. Aguardando 15 segundos (Tentativa 3/5)...
    [Limite de Requisições]. Aguardando 15 segundos (Tentativa 4/5)...
    [Limite de Requisições]. Aguardando 15 segundos (Tentativa 5/5)...
    [Desistindo do ID 171] Excedeu tentativas.
 -> Fatiando parágrafo longo (ID: 175) via IA...
    [Limite de Requisições]. Aguardando 15 segundos (Tentativa 1/5)...
    [Limite de Requisições]. Aguardando 15 segundos (Tentativa 2/5)...
    [Limite de Requisições]. Aguardando 15 segundos (Tentativa 3/5)...
    [Limite de Requisições]. Aguardando 15 segundos (Tentativa 4/5)...
    [Limite de Requisições]. Aguardando 15 segundos (Tentativa 5/5)...
    [Desistindo do ID 175] Excedeu tentativas.
 -> Fatiando parágrafo longo (ID: 184) via IA...
    [Limite de Requisições]. Aguardando 15 segundos (Tentativa 1/5)...
    [Limite de Requisições]. Aguardando 15 segundos (Tentativa 2/5)...
    [Limite de Requisições]. Aguardando 15 segundos (Tentativa 3/5)...
    [Limite de Requisições]. Aguardando 15 segundos (Tentativa 4/5)...
    [Limite de Requisições]. Aguardando 15 segundos (Tentativa 5/5)...
    [Desistindo do ID 184] Excedeu tentativas.
 -> Fatiando parágrafo longo (ID: 185) via IA...
    [Limite de Requisições]. Aguardando 15 segundos (Tentativa 1/5)...
    [Limite de Requisições]. Aguardando 15 segundos (Tentativa 2/5)...
    [Limite de Requisições]. Aguardando 15 segundos (Tentativa 3/5)...
    [Limite de Requisições]. Aguardando 15 segundos (Tentativa 4/5)...
    [Limite de Requisições]. Aguardando 15 segundos (Tentativa 5/5)...
    [Desistindo do ID 185] Excedeu tentativas.
 -> Fatiando parágrafo longo (ID: 186) via IA...
    [Limite de Requisições]. Aguardando 15 segundos (Tentativa 1/5)...
    [Limite de Requisições]. Aguardando 15 segundos (Tentativa 2/5)...
    [Limite de Requisições]. Aguardando 15 segundos (Tentativa 3/5)...
    [Limite de Requisições]. Aguardando 15 segundos (Tentativa 4/5)...
    [Limite de Requisições]. Aguardando 15 segundos (Tentativa 5/5)...
    [Desistindo do ID 186] Excedeu tentativas.
 -> Fatiando parágrafo longo (ID: 188) via IA...
    [Limite de Requisições]. Aguardando 15 segundos (Tentativa 1/5)...
    [Limite de Requisições]. Aguardando 15 segundos (Tentativa 2/5)...
    [Limite de Requisições]. Aguardando 15 segundos (Tentativa 3/5)...
    [Limite de Requisições]. Aguardando 15 segundos (Tentativa 4/5)...
    [Limite de Requisições]. Aguardando 15 segundos (Tentativa 5/5)...
    [Desistindo do ID 188] Excedeu tentativas.
 -> Fatiando parágrafo longo (ID: 196) via IA...
    [Limite de Requisições]. Aguardando 15 segundos (Tentativa 1/5)...
    [Limite de Requisições]. Aguardando 15 segundos (Tentativa 2/5)...
    [Limite de Requisições]. Aguardando 15 segundos (Tentativa 3/5)...
    [Limite de Requisições]. Aguardando 15 segundos (Tentativa 4/5)...
    [Limite de Requisições]. Aguardando 15 segundos (Tentativa 5/5)...
    [Desistindo do ID 196] Excedeu tentativas.
 -> Fatiando parágrafo longo (ID: 197) via IA...
    [Limite de Requisições]. Aguardando 15 segundos (Tentativa 1/5)...
    [Limite de Requisições]. Aguardando 15 segundos (Tentativa 2/5)...
    [Limite de Requisições]. Aguardando 15 segundos (Tentativa 3/5)...
    [Limite de Requisições]. Aguardando 15 segundos (Tentativa 4/5)...
    [Limite de Requisições]. Aguardando 15 segundos (Tentativa 5/5)...
    [Desistindo do ID 197] Excedeu tentativas.
 -> Fatiando parágrafo longo (ID: 198) via IA...
    [Limite de Requisições]. Aguardando 15 segundos (Tentativa 1/5)...
    [Limite de Requisições]. Aguardando 15 segundos (Tentativa 2/5)...
    [Limite de Requisições]. Aguardando 15 segundos (Tentativa 3/5)...
    [Limite de Requisições]. Aguardando 15 segundos (Tentativa 4/5)...
    [Limite de Requisições]. Aguardando 15 segundos (Tentativa 5/5)...
    [Desistindo do ID 198] Excedeu tentativas.
 -> Fatiando parágrafo longo (ID: 199) via IA...
    [Limite de Requisições]. Aguardando 15 segundos (Tentativa 1/5)...
    [Limite de Requisições]. Aguardando 15 segundos (Tentativa 2/5)...
    [Limite de Requisições]. Aguardando 15 segundos (Tentativa 3/5)...
    [Limite de Requisições]. Aguardando 15 segundos (Tentativa 4/5)...
    [Limite de Requisições]. Aguardando 15 segundos (Tentativa 5/5)...
    [Desistindo do ID 199] Excedeu tentativas.
 -> Fatiando parágrafo longo (ID: 200) via IA...
    [Limite de Requisições]. Aguardando 15 segundos (Tentativa 1/5)...
    [Limite de Requisições]. Aguardando 15 segundos (Tentativa 2/5)...
    [Limite de Requisições]. Aguardando 15 segundos (Tentativa 3/5)...
    [Limite de Requisições]. Aguardando 15 segundos (Tentativa 4/5)...
    [Limite de Requisições]. Aguardando 15 segundos (Tentativa 5/5)...
    [Desistindo do ID 200] Excedeu tentativas.
 -> Fatiando parágrafo longo (ID: 201) via IA...
    [Limite de Requisições]. Aguardando 15 segundos (Tentativa 1/5)...
    [Limite de Requisições]. Aguardando 15 segundos (Tentativa 2/5)...
    [Limite de Requisições]. Aguardando 15 segundos (Tentativa 3/5)...
    [Limite de Requisições]. Aguardando 15 segundos (Tentativa 4/5)...
    [Limite de Requisições]. Aguardando 15 segundos (Tentativa 5/5)...
    [Desistindo do ID 201] Excedeu tentativas.
 -> Fatiando parágrafo longo (ID: 202) via IA...
    [Limite de Requisições]. Aguardando 15 segundos (Tentativa 1/5)...
    [Limite de Requisições]. Aguardando 15 segundos (Tentativa 2/5)...
    [Limite de Requisições]. Aguardando 15 segundos (Tentativa 3/5)...
    [Limite de Requisições]. Aguardando 15 segundos (Tentativa 4/5)...
    [Limite de Requisições]. Aguardando 15 segundos (Tentativa 5/5)...
    [Desistindo do ID 202] Excedeu tentativas.
 -> Fatiando parágrafo longo (ID: 207) via IA...
    [Limite de Requisições]. Aguardando 15 segundos (Tentativa 1/5)...
    [Limite de Requisições]. Aguardando 15 segundos (Tentativa 2/5)...
    [Limite de Requisições]. Aguardando 15 segundos (Tentativa 3/5)...
    [Limite de Requisições]. Aguardando 15 segundos (Tentativa 4/5)...
    [Limite de Requisições]. Aguardando 15 segundos (Tentativa 5/5)...
    [Desistindo do ID 207] Excedeu tentativas.
 -> Fatiando parágrafo longo (ID: 243) via IA...
    [Limite de Requisições]. Aguardando 15 segundos (Tentativa 1/5)...
    [Limite de Requisições]. Aguardando 15 segundos (Tentativa 2/5)...
    [Limite de Requisições]. Aguardando 15 segundos (Tentativa 3/5)...
    [Limite de Requisições]. Aguardando 15 segundos (Tentativa 4/5)...
    [Limite de Requisições]. Aguardando 15 segundos (Tentativa 5/5)...
    [Desistindo do ID 243] Excedeu tentativas.
 -> Fatiando parágrafo longo (ID: 244) via IA...
    [Limite de Requisições]. Aguardando 15 segundos (Tentativa 1/5)...
    [Limite de Requisições]. Aguardando 15 segundos (Tentativa 2/5)...
    [Limite de Requisições]. Aguardando 15 segundos (Tentativa 3/5)...
    [Limite de Requisições]. Aguardando 15 segundos (Tentativa 4/5)...
    [Limite de Requisições]. Aguardando 15 segundos (Tentativa 5/5)...
    [Desistindo do ID 244] Excedeu tentativas.
 -> Fatiando parágrafo longo (ID: 245) via IA...
    [Limite de Requisições]. Aguardando 15 segundos (Tentativa 1/5)...
    [Limite de Requisições]. Aguardando 15 segundos (Tentativa 2/5)...
    [Limite de Requisições]. Aguardando 15 segundos (Tentativa 3/5)...
    [Limite de Requisições]. Aguardando 15 segundos (Tentativa 4/5)...
    [Limite de Requisições]. Aguardando 15 segundos (Tentativa 5/5)...
    [Desistindo do ID 245] Excedeu tentativas.
 -> Fatiando parágrafo longo (ID: 251) via IA...
    [Limite de Requisições]. Aguardando 15 segundos (Tentativa 1/5)...
    [Limite de Requisições]. Aguardando 15 segundos (Tentativa 2/5)...
    [Limite de Requisições]. Aguardando 15 segundos (Tentativa 3/5)...
    [Limite de Requisições]. Aguardando 15 segundos (Tentativa 4/5)...
    [Limite de Requisições]. Aguardando 15 segundos (Tentativa 5/5)...
    [Desistindo do ID 251] Excedeu tentativas.
 -> Fatiando parágrafo longo (ID: 252) via IA...
    [Limite de Requisições]. Aguardando 15 segundos (Tentativa 1/5)...
    [Limite de Requisições]. Aguardando 15 segundos (Tentativa 2/5)...
    [Limite de Requisições]. Aguardando 15 segundos (Tentativa 3/5)...
    [Limite de Requisições]. Aguardando 15 segundos (Tentativa 4/5)...
    [Limite de Requisições]. Aguardando 15 segundos (Tentativa 5/5)...
    [Desistindo do ID 252] Excedeu tentativas.
 -> Fatiando parágrafo longo (ID: 257) via IA...
    [Limite de Requisições]. Aguardando 15 segundos (Tentativa 1/5)...
    [Limite de Requisições]. Aguardando 15 segundos (Tentativa 2/5)...
    [Limite de Requisições]. Aguardando 15 segundos (Tentativa 3/5)...
    [Limite de Requisições]. Aguardando 15 segundos (Tentativa 4/5)...
    [Limite de Requisições]. Aguardando 15 segundos (Tentativa 5/5)...
    [Desistindo do ID 257] Excedeu tentativas.
 -> Fatiando parágrafo longo (ID: 258) via IA...
    [Limite de Requisições]. Aguardando 15 segundos (Tentativa 1/5)...
    [Limite de Requisições]. Aguardando 15 segundos (Tentativa 2/5)...
    [Limite de Requisições]. Aguardando 15 segundos (Tentativa 3/5)...
    [Limite de Requisições]. Aguardando 15 segundos (Tentativa 4/5)...
    [Limite de Requisições]. Aguardando 15 segundos (Tentativa 5/5)...
    [Desistindo do ID 258] Excedeu tentativas.
 -> Fatiando parágrafo longo (ID: 262) via IA...
    [Limite de Requisições]. Aguardando 15 segundos (Tentativa 1/5)...
    [Limite de Requisições]. Aguardando 15 segundos (Tentativa 2/5)...
    [Limite de Requisições]. Aguardando 15 segundos (Tentativa 3/5)...
    [Limite de Requisições]. Aguardando 15 segundos (Tentativa 4/5)...
    [Limite de Requisições]. Aguardando 15 segundos (Tentativa 5/5)...
    [Desistindo do ID 262] Excedeu tentativas.
 -> Fatiando parágrafo longo (ID: 264) via IA...
    [Limite de Requisições]. Aguardando 15 segundos (Tentativa 1/5)...
    [Limite de Requisições]. Aguardando 15 segundos (Tentativa 2/5)...
    [Limite de Requisições]. Aguardando 15 segundos (Tentativa 3/5)...
    [Limite de Requisições]. Aguardando 15 segundos (Tentativa 4/5)...
    [Limite de Requisições]. Aguardando 15 segundos (Tentativa 5/5)...
    [Desistindo do ID 264] Excedeu tentativas.
 -> Fatiando parágrafo longo (ID: 265.1) via IA...
    [Limite de Requisições]. Aguardando 15 segundos (Tentativa 1/5)...
    [Limite de Requisições]. Aguardando 15 segundos (Tentativa 2/5)...
    [Limite de Requisições]. Aguardando 15 segundos (Tentativa 3/5)...
    [Limite de Requisições]. Aguardando 15 segundos (Tentativa 4/5)...
    [Limite de Requisições]. Aguardando 15 segundos (Tentativa 5/5)...
    [Desistindo do ID 265.1] Excedeu tentativas.
 -> Fatiando parágrafo longo (ID: 275) via IA...
    [Limite de Requisições]. Aguardando 15 segundos (Tentativa 1/5)...
    [Limite de Requisições]. Aguardando 15 segundos (Tentativa 2/5)...
    [Limite de Requisições]. Aguardando 15 segundos (Tentativa 3/5)...
    [Limite de Requisições]. Aguardando 15 segundos (Tentativa 4/5)...
    [Limite de Requisições]. Aguardando 15 segundos (Tentativa 5/5)...
    [Desistindo do ID 275] Excedeu tentativas.
 -> Fatiando parágrafo longo (ID: 276) via IA...
    [Limite de Requisições]. Aguardando 15 segundos (Tentativa 1/5)...
    [Limite de Requisições]. Aguardando 15 segundos (Tentativa 2/5)...
    [Limite de Requisições]. Aguardando 15 segundos (Tentativa 3/5)...
    [Limite de Requisições]. Aguardando 15 segundos (Tentativa 4/5)...
    [Limite de Requisições]. Aguardando 15 segundos (Tentativa 5/5)...
    [Desistindo do ID 276] Excedeu tentativas.
 -> Fatiando parágrafo longo (ID: 278) via IA...
    [Limite de Requisições]. Aguardando 15 segundos (Tentativa 1/5)...
    [Limite de Requisições]. Aguardando 15 segundos (Tentativa 2/5)...
    [Limite de Requisições]. Aguardando 15 segundos (Tentativa 3/5)...
    [Limite de Requisições]. Aguardando 15 segundos (Tentativa 4/5)...
    [Limite de Requisições]. Aguardando 15 segundos (Tentativa 5/5)...
    [Desistindo do ID 278] Excedeu tentativas.
 -> Fatiando parágrafo longo (ID: 279) via IA...
    [Limite de Requisições]. Aguardando 15 segundos (Tentativa 1/5)...
    [Limite de Requisições]. Aguardando 15 segundos (Tentativa 2/5)...
    [Limite de Requisições]. Aguardando 15 segundos (Tentativa 3/5)...
    [Limite de Requisições]. Aguardando 15 segundos (Tentativa 4/5)...
    [Limite de Requisições]. Aguardando 15 segundos (Tentativa 5/5)...
    [Desistindo do ID 279] Excedeu tentativas.
 -> Fatiando parágrafo longo (ID: 282.1) via IA...
    [Limite de Requisições]. Aguardando 15 segundos (Tentativa 1/5)...
    [Limite de Requisições]. Aguardando 15 segundos (Tentativa 2/5)...
    [Limite de Requisições]. Aguardando 15 segundos (Tentativa 3/5)...
    [Limite de Requisições]. Aguardando 15 segundos (Tentativa 4/5)...
    [Limite de Requisições]. Aguardando 15 segundos (Tentativa 5/5)...
    [Desistindo do ID 282.1] Excedeu tentativas.
 -> Fatiando parágrafo longo (ID: 282.2) via IA...
    [Limite de Requisições]. Aguardando 15 segundos (Tentativa 1/5)...
    [Limite de Requisições]. Aguardando 15 segundos (Tentativa 2/5)...
    [Limite de Requisições]. Aguardando 15 segundos (Tentativa 3/5)...
    [Limite de Requisições]. Aguardando 15 segundos (Tentativa 4/5)...
    [Limite de Requisições]. Aguardando 15 segundos (Tentativa 5/5)...
    [Desistindo do ID 282.2] Excedeu tentativas.
 -> Fatiando parágrafo longo (ID: 285) via IA...
    [Limite de Requisições]. Aguardando 15 segundos (Tentativa 1/5)...
    [Limite de Requisições]. Aguardando 15 segundos (Tentativa 2/5)...
    [Limite de Requisições]. Aguardando 15 segundos (Tentativa 3/5)...
    [Limite de Requisições]. Aguardando 15 segundos (Tentativa 4/5)...
    [Limite de Requisições]. Aguardando 15 segundos (Tentativa 5/5)...
    [Desistindo do ID 285] Excedeu tentativas.
 -> Fatiando parágrafo longo (ID: 289) via IA...
    [Limite de Requisições]. Aguardando 15 segundos (Tentativa 1/5)...
    [Limite de Requisições]. Aguardando 15 segundos (Tentativa 2/5)...
    [Limite de Requisições]. Aguardando 15 segundos (Tentativa 3/5)...
    [Limite de Requisições]. Aguardando 15 segundos (Tentativa 4/5)...
    [Limite de Requisições]. Aguardando 15 segundos (Tentativa 5/5)...
    [Desistindo do ID 289] Excedeu tentativas.
 -> Fatiando parágrafo longo (ID: 292) via IA...
    [Limite de Requisições]. Aguardando 15 segundos (Tentativa 1/5)...
    [Limite de Requisições]. Aguardando 15 segundos (Tentativa 2/5)...
    [Limite de Requisições]. Aguardando 15 segundos (Tentativa 3/5)...
    [Limite de Requisições]. Aguardando 15 segundos (Tentativa 4/5)...
    [Limite de Requisições]. Aguardando 15 segundos (Tentativa 5/5)...
    [Desistindo do ID 292] Excedeu tentativas.
 -> Fatiando parágrafo longo (ID: 295) via IA...
    [Limite de Requisições]. Aguardando 15 segundos (Tentativa 1/5)...
    [Limite de Requisições]. Aguardando 15 segundos (Tentativa 2/5)...
    [Limite de Requisições]. Aguardando 15 segundos (Tentativa 3/5)...
    [Limite de Requisições]. Aguardando 15 segundos (Tentativa 4/5)...
    [Limite de Requisições]. Aguardando 15 segundos (Tentativa 5/5)...
    [Desistindo do ID 295] Excedeu tentativas.
 -> Fatiando parágrafo longo (ID: 312) via IA...
    [Limite de Requisições]. Aguardando 15 segundos (Tentativa 1/5)...
    [Limite de Requisições]. Aguardando 15 segundos (Tentativa 2/5)...
    [Limite de Requisições]. Aguardando 15 segundos (Tentativa 3/5)...
    [Limite de Requisições]. Aguardando 15 segundos (Tentativa 4/5)...
    [Limite de Requisições]. Aguardando 15 segundos (Tentativa 5/5)...
    [Desistindo do ID 312] Excedeu tentativas.
 -> Fatiando parágrafo longo (ID: 316) via IA...
    [Limite de Requisições]. Aguardando 15 segundos (Tentativa 1/5)...
    [Limite de Requisições]. Aguardando 15 segundos (Tentativa 2/5)...
    [Limite de Requisições]. Aguardando 15 segundos (Tentativa 3/5)...
    [Limite de Requisições]. Aguardando 15 segundos (Tentativa 4/5)...
    [Limite de Requisições]. Aguardando 15 segundos (Tentativa 5/5)...
    [Desistindo do ID 316] Excedeu tentativas.
 -> Fatiando parágrafo longo (ID: 319) via IA...
    [Limite de Requisições]. Aguardando 15 segundos (Tentativa 1/5)...
    [Limite de Requisições]. Aguardando 15 segundos (Tentativa 2/5)...
    [Limite de Requisições]. Aguardando 15 segundos (Tentativa 3/5)...
    [Limite de Requisições]. Aguardando 15 segundos (Tentativa 4/5)...
    [Limite de Requisições]. Aguardando 15 segundos (Tentativa 5/5)...
    [Desistindo do ID 319] Excedeu tentativas.
 -> Fatiando parágrafo longo (ID: 320.1) via IA...
    [Limite de Requisições]. Aguardando 15 segundos (Tentativa 1/5)...
    [Limite de Requisições]. Aguardando 15 segundos (Tentativa 2/5)...
    [Limite de Requisições]. Aguardando 15 segundos (Tentativa 3/5)...
    [Limite de Requisições]. Aguardando 15 segundos (Tentativa 4/5)...
    [Limite de Requisições]. Aguardando 15 segundos (Tentativa 5/5)...
    [Desistindo do ID 320.1] Excedeu tentativas.
 -> Fatiando parágrafo longo (ID: 321) via IA...
    [Limite de Requisições]. Aguardando 15 segundos (Tentativa 1/5)...
    [Limite de Requisições]. Aguardando 15 segundos (Tentativa 2/5)...
    [Limite de Requisições]. Aguardando 15 segundos (Tentativa 3/5)...
    [Limite de Requisições]. Aguardando 15 segundos (Tentativa 4/5)...
    [Limite de Requisições]. Aguardando 15 segundos (Tentativa 5/5)...
    [Desistindo do ID 321] Excedeu tentativas.
 -> Fatiando parágrafo longo (ID: 322) via IA...
    [Limite de Requisições]. Aguardando 15 segundos (Tentativa 1/5)...
    [Limite de Requisições]. Aguardando 15 segundos (Tentativa 2/5)...
    [Limite de Requisições]. Aguardando 15 segundos (Tentativa 3/5)...
    [Limite de Requisições]. Aguardando 15 segundos (Tentativa 4/5)...
    [Limite de Requisições]. Aguardando 15 segundos (Tentativa 5/5)...
    [Desistindo do ID 322] Excedeu tentativas.
 -> Fatiando parágrafo longo (ID: 323) via IA...
    [Limite de Requisições]. Aguardando 15 segundos (Tentativa 1/5)...
    [Limite de Requisições]. Aguardando 15 segundos (Tentativa 2/5)...
    [Limite de Requisições]. Aguardando 15 segundos (Tentativa 3/5)...
    [Limite de Requisições]. Aguardando 15 segundos (Tentativa 4/5)...
    [Limite de Requisições]. Aguardando 15 segundos (Tentativa 5/5)...
    [Desistindo do ID 323] Excedeu tentativas.
 -> Fatiando parágrafo longo (ID: 326) via IA...
    [Limite de Requisições]. Aguardando 15 segundos (Tentativa 1/5)...
    [Limite de Requisições]. Aguardando 15 segundos (Tentativa 2/5)...
    [Limite de Requisições]. Aguardando 15 segundos (Tentativa 3/5)...
    [Limite de Requisições]. Aguardando 15 segundos (Tentativa 4/5)...
    [Limite de Requisições]. Aguardando 15 segundos (Tentativa 5/5)...
    [Desistindo do ID 326] Excedeu tentativas.
 -> Fatiando parágrafo longo (ID: 327) via IA...
    [Limite de Requisições]. Aguardando 15 segundos (Tentativa 1/5)...
    [Limite de Requisições]. Aguardando 15 segundos (Tentativa 2/5)...
    [Limite de Requisições]. Aguardando 15 segundos (Tentativa 3/5)...
    [Limite de Requisições]. Aguardando 15 segundos (Tentativa 4/5)...
    [Limite de Requisições]. Aguardando 15 segundos (Tentativa 5/5)...
    [Desistindo do ID 327] Excedeu tentativas.
 -> Fatiando parágrafo longo (ID: 328) via IA...
    [Limite de Requisições]. Aguardando 15 segundos (Tentativa 1/5)...
    [Limite de Requisições]. Aguardando 15 segundos (Tentativa 2/5)...
    [Limite de Requisições]. Aguardando 15 segundos (Tentativa 3/5)...
    [Limite de Requisições]. Aguardando 15 segundos (Tentativa 4/5)...
    [Limite de Requisições]. Aguardando 15 segundos (Tentativa 5/5)...
    [Desistindo do ID 328] Excedeu tentativas.
 -> Fatiando parágrafo longo (ID: 329) via IA...
    [Limite de Requisições]. Aguardando 15 segundos (Tentativa 1/5)...
    [Limite de Requisições]. Aguardando 15 segundos (Tentativa 2/5)...
    [Limite de Requisições]. Aguardando 15 segundos (Tentativa 3/5)...
    [Limite de Requisições]. Aguardando 15 segundos (Tentativa 4/5)...
    [Limite de Requisições]. Aguardando 15 segundos (Tentativa 5/5)...
    [Desistindo do ID 329] Excedeu tentativas.
 -> Fatiando parágrafo longo (ID: 331) via IA...
    [Limite de Requisições]. Aguardando 15 segundos (Tentativa 1/5)...
    [Limite de Requisições]. Aguardando 15 segundos (Tentativa 2/5)...
    [Limite de Requisições]. Aguardando 15 segundos (Tentativa 3/5)...
    [Limite de Requisições]. Aguardando 15 segundos (Tentativa 4/5)...
    [Limite de Requisições]. Aguardando 15 segundos (Tentativa 5/5)...
    [Desistindo do ID 331] Excedeu tentativas.
 -> Fatiando parágrafo longo (ID: 332) via IA...
    [Limite de Requisições]. Aguardando 15 segundos (Tentativa 1/5)...
    [Limite de Requisições]. Aguardando 15 segundos (Tentativa 2/5)...
    [Limite de Requisições]. Aguardando 15 segundos (Tentativa 3/5)...
    [Limite de Requisições]. Aguardando 15 segundos (Tentativa 4/5)...
    [Limite de Requisições]. Aguardando 15 segundos (Tentativa 5/5)...
    [Desistindo do ID 332] Excedeu tentativas.
 -> Fatiando parágrafo longo (ID: 333) via IA...
    [Limite de Requisições]. Aguardando 15 segundos (Tentativa 1/5)...
    [Limite de Requisições]. Aguardando 15 segundos (Tentativa 2/5)...
    [Limite de Requisições]. Aguardando 15 segundos (Tentativa 3/5)...
    [Limite de Requisições]. Aguardando 15 segundos (Tentativa 4/5)...
    [Limite de Requisições]. Aguardando 15 segundos (Tentativa 5/5)...
    [Desistindo do ID 333] Excedeu tentativas.
 -> Fatiando parágrafo longo (ID: 341) via IA...
    [Limite de Requisições]. Aguardando 15 segundos (Tentativa 1/5)...
    [Limite de Requisições]. Aguardando 15 segundos (Tentativa 2/5)...
    [Limite de Requisições]. Aguardando 15 segundos (Tentativa 3/5)...
    [Limite de Requisições]. Aguardando 15 segundos (Tentativa 4/5)...
    [Limite de Requisições]. Aguardando 15 segundos (Tentativa 5/5)...
    [Desistindo do ID 341] Excedeu tentativas.
 -> Fatiando parágrafo longo (ID: 345) via IA...
    [Limite de Requisições]. Aguardando 15 segundos (Tentativa 1/5)...
    [Limite de Requisições]. Aguardando 15 segundos (Tentativa 2/5)...
    [Limite de Requisições]. Aguardando 15 segundos (Tentativa 3/5)...
    [Limite de Requisições]. Aguardando 15 segundos (Tentativa 4/5)...
    [Limite de Requisições]. Aguardando 15 segundos (Tentativa 5/5)...
    [Desistindo do ID 345] Excedeu tentativas.
 -> Fatiando parágrafo longo (ID: 346) via IA...
    [Limite de Requisições]. Aguardando 15 segundos (Tentativa 1/5)...
    [Limite de Requisições]. Aguardando 15 segundos (Tentativa 2/5)...
    [Limite de Requisições]. Aguardando 15 segundos (Tentativa 3/5)...
    [Limite de Requisições]. Aguardando 15 segundos (Tentativa 4/5)...
    [Limite de Requisições]. Aguardando 15 segundos (Tentativa 5/5)...
    [Desistindo do ID 346] Excedeu tentativas.
 -> Fatiando parágrafo longo (ID: 348) via IA...
    [Limite de Requisições]. Aguardando 15 segundos (Tentativa 1/5)...
    [Limite de Requisições]. Aguardando 15 segundos (Tentativa 2/5)...
    [Limite de Requisições]. Aguardando 15 segundos (Tentativa 3/5)...
    [Limite de Requisições]. Aguardando 15 segundos (Tentativa 4/5)...
    [Limite de Requisições]. Aguardando 15 segundos (Tentativa 5/5)...
    [Desistindo do ID 348] Excedeu tentativas.
 -> Fatiando parágrafo longo (ID: 349) via IA...
    [Limite de Requisições]. Aguardando 15 segundos (Tentativa 1/5)...
    [Limite de Requisições]. Aguardando 15 segundos (Tentativa 2/5)...
    [Limite de Requisições]. Aguardando 15 segundos (Tentativa 3/5)...
    [Limite de Requisições]. Aguardando 15 segundos (Tentativa 4/5)...
    [Limite de Requisições]. Aguardando 15 segundos (Tentativa 5/5)...
    [Desistindo do ID 349] Excedeu tentativas.
 -> Fatiando parágrafo longo (ID: 351) via IA...
    [Limite de Requisições]. Aguardando 15 segundos (Tentativa 1/5)...
    [Limite de Requisições]. Aguardando 15 segundos (Tentativa 2/5)...
    [Limite de Requisições]. Aguardando 15 segundos (Tentativa 3/5)...
    [Limite de Requisições]. Aguardando 15 segundos (Tentativa 4/5)...
    [Limite de Requisições]. Aguardando 15 segundos (Tentativa 5/5)...
    [Desistindo do ID 351] Excedeu tentativas.
 -> Fatiando parágrafo longo (ID: 352) via IA...
    [Limite de Requisições]. Aguardando 15 segundos (Tentativa 1/5)...
    [Limite de Requisições]. Aguardando 15 segundos (Tentativa 2/5)...
    [Limite de Requisições]. Aguardando 15 segundos (Tentativa 3/5)...
    [Limite de Requisições]. Aguardando 15 segundos (Tentativa 4/5)...
    [Limite de Requisições]. Aguardando 15 segundos (Tentativa 5/5)...
    [Desistindo do ID 352] Excedeu tentativas.
 -> Fatiando parágrafo longo (ID: 353) via IA...
    [Limite de Requisições]. Aguardando 15 segundos (Tentativa 1/5)...
    [Limite de Requisições]. Aguardando 15 segundos (Tentativa 2/5)...
    [Limite de Requisições]. Aguardando 15 segundos (Tentativa 3/5)...
    [Limite de Requisições]. Aguardando 15 segundos (Tentativa 4/5)...
    [Limite de Requisições]. Aguardando 15 segundos (Tentativa 5/5)...
    [Desistindo do ID 353] Excedeu tentativas.
 -> Fatiando parágrafo longo (ID: 354) via IA...
    [Limite de Requisições]. Aguardando 15 segundos (Tentativa 1/5)...
    [Limite de Requisições]. Aguardando 15 segundos (Tentativa 2/5)...
    [Limite de Requisições]. Aguardando 15 segundos (Tentativa 3/5)...
    [Limite de Requisições]. Aguardando 15 segundos (Tentativa 4/5)...
    [Limite de Requisições]. Aguardando 15 segundos (Tentativa 5/5)...
    [Desistindo do ID 354] Excedeu tentativas.
 -> Fatiando parágrafo longo (ID: 355) via IA...
    [Limite de Requisições]. Aguardando 15 segundos (Tentativa 1/5)...
    [Limite de Requisições]. Aguardando 15 segundos (Tentativa 2/5)...
    [Limite de Requisições]. Aguardando 15 segundos (Tentativa 3/5)...
    [Limite de Requisições]. Aguardando 15 segundos (Tentativa 4/5)...
    [Limite de Requisições]. Aguardando 15 segundos (Tentativa 5/5)...
    [Desistindo do ID 355] Excedeu tentativas.
 -> Fatiando parágrafo longo (ID: 356) via IA...
    [Limite de Requisições]. Aguardando 15 segundos (Tentativa 1/5)...
    [Limite de Requisições]. Aguardando 15 segundos (Tentativa 2/5)...
    [Limite de Requisições]. Aguardando 15 segundos (Tentativa 3/5)...
    [Limite de Requisições]. Aguardando 15 segundos (Tentativa 4/5)...
    [Limite de Requisições]. Aguardando 15 segundos (Tentativa 5/5)...
    [Desistindo do ID 356] Excedeu tentativas.
 -> Fatiando parágrafo longo (ID: 357) via IA...
    [Limite de Requisições]. Aguardando 15 segundos (Tentativa 1/5)...
    [Limite de Requisições]. Aguardando 15 segundos (Tentativa 2/5)...
    [Limite de Requisições]. Aguardando 15 segundos (Tentativa 3/5)...
    [Limite de Requisições]. Aguardando 15 segundos (Tentativa 4/5)...
    [Limite de Requisições]. Aguardando 15 segundos (Tentativa 5/5)...
    [Desistindo do ID 357] Excedeu tentativas.
 -> Fatiando parágrafo longo (ID: 358) via IA...
    [Limite de Requisições]. Aguardando 15 segundos (Tentativa 1/5)...
    [Limite de Requisições]. Aguardando 15 segundos (Tentativa 2/5)...
    [Limite de Requisições]. Aguardando 15 segundos (Tentativa 3/5)...
    [Limite de Requisições]. Aguardando 15 segundos (Tentativa 4/5)...
    [Limite de Requisições]. Aguardando 15 segundos (Tentativa 5/5)...
    [Desistindo do ID 358] Excedeu tentativas.
 -> Fatiando parágrafo longo (ID: 359) via IA...
    [Limite de Requisições]. Aguardando 15 segundos (Tentativa 1/5)...
    [Limite de Requisições]. Aguardando 15 segundos (Tentativa 2/5)...
    [Limite de Requisições]. Aguardando 15 segundos (Tentativa 3/5)...
    [Limite de Requisições]. Aguardando 15 segundos (Tentativa 4/5)...
    [Limite de Requisições]. Aguardando 15 segundos (Tentativa 5/5)...
    [Desistindo do ID 359] Excedeu tentativas.
 -> Fatiando parágrafo longo (ID: 360) via IA...
    [Limite de Requisições]. Aguardando 15 segundos (Tentativa 1/5)...
    [Limite de Requisições]. Aguardando 15 segundos (Tentativa 2/5)...
    [Limite de Requisições]. Aguardando 15 segundos (Tentativa 3/5)...
    [Limite de Requisições]. Aguardando 15 segundos (Tentativa 4/5)...
    [Limite de Requisições]. Aguardando 15 segundos (Tentativa 5/5)...
    [Desistindo do ID 360] Excedeu tentativas.
 -> Fatiando parágrafo longo (ID: 364) via IA...
    [Limite de Requisições]. Aguardando 15 segundos (Tentativa 1/5)...
    [Limite de Requisições]. Aguardando 15 segundos (Tentativa 2/5)...
    [Limite de Requisições]. Aguardando 15 segundos (Tentativa 3/5)...
    [Limite de Requisições]. Aguardando 15 segundos (Tentativa 4/5)...
    [Limite de Requisições]. Aguardando 15 segundos (Tentativa 5/5)...
    [Desistindo do ID 364] Excedeu tentativas.
 -> Fatiando parágrafo longo (ID: 365) via IA...
    [Limite de Requisições]. Aguardando 15 segundos (Tentativa 1/5)...
    [Limite de Requisições]. Aguardando 15 segundos (Tentativa 2/5)...
    [Limite de Requisições]. Aguardando 15 segundos (Tentativa 3/5)...
    [Limite de Requisições]. Aguardando 15 segundos (Tentativa 4/5)...
    [Limite de Requisições]. Aguardando 15 segundos (Tentativa 5/5)...
    [Desistindo do ID 365] Excedeu tentativas.
 -> Fatiando parágrafo longo (ID: 367) via IA...
    [Limite de Requisições]. Aguardando 15 segundos (Tentativa 1/5)...
    [Limite de Requisições]. Aguardando 15 segundos (Tentativa 2/5)...
    [Limite de Requisições]. Aguardando 15 segundos (Tentativa 3/5)...
    [Limite de Requisições]. Aguardando 15 segundos (Tentativa 4/5)...
    [Limite de Requisições]. Aguardando 15 segundos (Tentativa 5/5)...
    [Desistindo do ID 367] Excedeu tentativas.
 -> Fatiando parágrafo longo (ID: 368) via IA...
    [Limite de Requisições]. Aguardando 15 segundos (Tentativa 1/5)...
    [Limite de Requisições]. Aguardando 15 segundos (Tentativa 2/5)...
    [Limite de Requisições]. Aguardando 15 segundos (Tentativa 3/5)...
    [Limite de Requisições]. Aguardando 15 segundos (Tentativa 4/5)...
    [Limite de Requisições]. Aguardando 15 segundos (Tentativa 5/5)...
    [Desistindo do ID 368] Excedeu tentativas.
 -> Fatiando parágrafo longo (ID: 369) via IA...
    [Limite de Requisições]. Aguardando 15 segundos (Tentativa 1/5)...
    [Limite de Requisições]. Aguardando 15 segundos (Tentativa 2/5)...
    [Limite de Requisições]. Aguardando 15 segundos (Tentativa 3/5)...
    [Limite de Requisições]. Aguardando 15 segundos (Tentativa 4/5)...
    [Limite de Requisições]. Aguardando 15 segundos (Tentativa 5/5)...
    [Desistindo do ID 369] Excedeu tentativas.
 -> Fatiando parágrafo longo (ID: 370) via IA...
    [Limite de Requisições]. Aguardando 15 segundos (Tentativa 1/5)...
    [Limite de Requisições]. Aguardando 15 segundos (Tentativa 2/5)...
    [Limite de Requisições]. Aguardando 15 segundos (Tentativa 3/5)...
    [Limite de Requisições]. Aguardando 15 segundos (Tentativa 4/5)...
    [Limite de Requisições]. Aguardando 15 segundos (Tentativa 5/5)...
    [Desistindo do ID 370] Excedeu tentativas.
 -> Fatiando parágrafo longo (ID: 371) via IA...
    [Limite de Requisições]. Aguardando 15 segundos (Tentativa 1/5)...
    [Limite de Requisições]. Aguardando 15 segundos (Tentativa 2/5)...
    [Limite de Requisições]. Aguardando 15 segundos (Tentativa 3/5)...
    [Limite de Requisições]. Aguardando 15 segundos (Tentativa 4/5)...
    [Limite de Requisições]. Aguardando 15 segundos (Tentativa 5/5)...
    [Desistindo do ID 371] Excedeu tentativas.
 -> Fatiando parágrafo longo (ID: 372) via IA...
    [Limite de Requisições]. Aguardando 15 segundos (Tentativa 1/5)...
    [Limite de Requisições]. Aguardando 15 segundos (Tentativa 2/5)...
    [Limite de Requisições]. Aguardando 15 segundos (Tentativa 3/5)...
    [Limite de Requisições]. Aguardando 15 segundos (Tentativa 4/5)...
    [Limite de Requisições]. Aguardando 15 segundos (Tentativa 5/5)...
    [Desistindo do ID 372] Excedeu tentativas.
 -> Fatiando parágrafo longo (ID: 373) via IA...
    [Limite de Requisições]. Aguardando 15 segundos (Tentativa 1/5)...
    [Limite de Requisições]. Aguardando 15 segundos (Tentativa 2/5)...
    [Limite de Requisições]. Aguardando 15 segundos (Tentativa 3/5)...
    [Limite de Requisições]. Aguardando 15 segundos (Tentativa 4/5)...
    [Limite de Requisições]. Aguardando 15 segundos (Tentativa 5/5)...
    [Desistindo do ID 373] Excedeu tentativas.
 -> Fatiando parágrafo longo (ID: 374) via IA...
    [Limite de Requisições]. Aguardando 15 segundos (Tentativa 1/5)...
    [Limite de Requisições]. Aguardando 15 segundos (Tentativa 2/5)...
    [Limite de Requisições]. Aguardando 15 segundos (Tentativa 3/5)...
    [Limite de Requisições]. Aguardando 15 segundos (Tentativa 4/5)...
    [Limite de Requisições]. Aguardando 15 segundos (Tentativa 5/5)...
    [Desistindo do ID 374] Excedeu tentativas.
 -> Fatiando parágrafo longo (ID: 375) via IA...
    [Limite de Requisições]. Aguardando 15 segundos (Tentativa 1/5)...
    [Limite de Requisições]. Aguardando 15 segundos (Tentativa 2/5)...
    [Limite de Requisições]. Aguardando 15 segundos (Tentativa 3/5)...
    [Limite de Requisições]. Aguardando 15 segundos (Tentativa 4/5)...
    [Limite de Requisições]. Aguardando 15 segundos (Tentativa 5/5)...
    [Desistindo do ID 375] Excedeu tentativas.
 -> Fatiando parágrafo longo (ID: 377) via IA...
    [Limite de Requisições]. Aguardando 15 segundos (Tentativa 1/5)...
    [Limite de Requisições]. Aguardando 15 segundos (Tentativa 2/5)...
    [Limite de Requisições]. Aguardando 15 segundos (Tentativa 3/5)...
    [Limite de Requisições]. Aguardando 15 segundos (Tentativa 4/5)...
    [Limite de Requisições]. Aguardando 15 segundos (Tentativa 5/5)...
    [Desistindo do ID 377] Excedeu tentativas.
 -> Fatiando parágrafo longo (ID: 379) via IA...
    [Limite de Requisições]. Aguardando 15 segundos (Tentativa 1/5)...
    [Limite de Requisições]. Aguardando 15 segundos (Tentativa 2/5)...
    [Limite de Requisições]. Aguardando 15 segundos (Tentativa 3/5)...
    [Limite de Requisições]. Aguardando 15 segundos (Tentativa 4/5)...
    [Limite de Requisições]. Aguardando 15 segundos (Tentativa 5/5)...
    [Desistindo do ID 379] Excedeu tentativas.
 -> Fatiando parágrafo longo (ID: 380) via IA...
    [Limite de Requisições]. Aguardando 15 segundos (Tentativa 1/5)...
    [Limite de Requisições]. Aguardando 15 segundos (Tentativa 2/5)...
    [Limite de Requisições]. Aguardando 15 segundos (Tentativa 3/5)...
    [Limite de Requisições]. Aguardando 15 segundos (Tentativa 4/5)...
    [Limite de Requisições]. Aguardando 15 segundos (Tentativa 5/5)...
    [Desistindo do ID 380] Excedeu tentativas.
 -> Fatiando parágrafo longo (ID: 381) via IA...
    [Limite de Requisições]. Aguardando 15 segundos (Tentativa 1/5)...
    [Limite de Requisições]. Aguardando 15 segundos (Tentativa 2/5)...
    [Limite de Requisições]. Aguardando 15 segundos (Tentativa 3/5)...
    [Limite de Requisições]. Aguardando 15 segundos (Tentativa 4/5)...
    [Limite de Requisições]. Aguardando 15 segundos (Tentativa 5/5)...
    [Desistindo do ID 381] Excedeu tentativas.
 -> Fatiando parágrafo longo (ID: 382) via IA...
    [Limite de Requisições]. Aguardando 15 segundos (Tentativa 1/5)...
    [Limite de Requisições]. Aguardando 15 segundos (Tentativa 2/5)...
    [Limite de Requisições]. Aguardando 15 segundos (Tentativa 3/5)...
    [Limite de Requisições]. Aguardando 15 segundos (Tentativa 4/5)...
    [Limite de Requisições]. Aguardando 15 segundos (Tentativa 5/5)...
    [Desistindo do ID 382] Excedeu tentativas.
 -> Fatiando parágrafo longo (ID: 383) via IA...
    [Limite de Requisições]. Aguardando 15 segundos (Tentativa 1/5)...
    [Limite de Requisições]. Aguardando 15 segundos (Tentativa 2/5)...
    [Limite de Requisições]. Aguardando 15 segundos (Tentativa 3/5)...
    [Limite de Requisições]. Aguardando 15 segundos (Tentativa 4/5)...
    [Limite de Requisições]. Aguardando 15 segundos (Tentativa 5/5)...
    [Desistindo do ID 383] Excedeu tentativas.
 -> Fatiando parágrafo longo (ID: 384) via IA...
    [Limite de Requisições]. Aguardando 15 segundos (Tentativa 1/5)...
    [Limite de Requisições]. Aguardando 15 segundos (Tentativa 2/5)...
    [Limite de Requisições]. Aguardando 15 segundos (Tentativa 3/5)...
    [Limite de Requisições]. Aguardando 15 segundos (Tentativa 4/5)...
    [Limite de Requisições]. Aguardando 15 segundos (Tentativa 5/5)...
    [Desistindo do ID 384] Excedeu tentativas.
 -> Fatiando parágrafo longo (ID: 392) via IA...
    [Limite de Requisições]. Aguardando 15 segundos (Tentativa 1/5)...
    [Limite de Requisições]. Aguardando 15 segundos (Tentativa 2/5)...
    [Limite de Requisições]. Aguardando 15 segundos (Tentativa 3/5)...
    [Limite de Requisições]. Aguardando 15 segundos (Tentativa 4/5)...
    [Limite de Requisições]. Aguardando 15 segundos (Tentativa 5/5)...
    [Desistindo do ID 392] Excedeu tentativas.
 -> Fatiando parágrafo longo (ID: 393) via IA...
    [Limite de Requisições]. Aguardando 15 segundos (Tentativa 1/5)...
    [Limite de Requisições]. Aguardando 15 segundos (Tentativa 2/5)...
    [Limite de Requisições]. Aguardando 15 segundos (Tentativa 3/5)...
    [Limite de Requisições]. Aguardando 15 segundos (Tentativa 4/5)...
    [Limite de Requisições]. Aguardando 15 segundos (Tentativa 5/5)...
    [Desistindo do ID 393] Excedeu tentativas.
 -> Fatiando parágrafo longo (ID: 395) via IA...
    [Limite de Requisições]. Aguardando 15 segundos (Tentativa 1/5)...
    [Limite de Requisições]. Aguardando 15 segundos (Tentativa 2/5)...
    [Limite de Requisições]. Aguardando 15 segundos (Tentativa 3/5)...
    [Limite de Requisições]. Aguardando 15 segundos (Tentativa 4/5)...
    [Limite de Requisições]. Aguardando 15 segundos (Tentativa 5/5)...
    [Desistindo do ID 395] Excedeu tentativas.
 -> Fatiando parágrafo longo (ID: 396) via IA...
    [Limite de Requisições]. Aguardando 15 segundos (Tentativa 1/5)...
    [Limite de Requisições]. Aguardando 15 segundos (Tentativa 2/5)...
    [Limite de Requisições]. Aguardando 15 segundos (Tentativa 3/5)...
    [Limite de Requisições]. Aguardando 15 segundos (Tentativa 4/5)...
    [Limite de Requisições]. Aguardando 15 segundos (Tentativa 5/5)...
    [Desistindo do ID 396] Excedeu tentativas.
 -> Fatiando parágrafo longo (ID: 397) via IA...
    [Limite de Requisições]. Aguardando 15 segundos (Tentativa 1/5)...
    [Limite de Requisições]. Aguardando 15 segundos (Tentativa 2/5)...
    [Limite de Requisições]. Aguardando 15 segundos (Tentativa 3/5)...
    [Limite de Requisições]. Aguardando 15 segundos (Tentativa 4/5)...
    [Limite de Requisições]. Aguardando 15 segundos (Tentativa 5/5)...
    [Desistindo do ID 397] Excedeu tentativas.
 -> Fatiando parágrafo longo (ID: 400) via IA...
    [Limite de Requisições]. Aguardando 15 segundos (Tentativa 1/5)...
    [Limite de Requisições]. Aguardando 15 segundos (Tentativa 2/5)...
    [Limite de Requisições]. Aguardando 15 segundos (Tentativa 3/5)...
    [Limite de Requisições]. Aguardando 15 segundos (Tentativa 4/5)...
    [Limite de Requisições]. Aguardando 15 segundos (Tentativa 5/5)...
    [Desistindo do ID 400] Excedeu tentativas.
 -> Fatiando parágrafo longo (ID: 401) via IA...
    [Limite de Requisições]. Aguardando 15 segundos (Tentativa 1/5)...
    [Limite de Requisições]. Aguardando 15 segundos (Tentativa 2/5)...
    [Limite de Requisições]. Aguardando 15 segundos (Tentativa 3/5)...
    [Limite de Requisições]. Aguardando 15 segundos (Tentativa 4/5)...
    [Limite de Requisições]. Aguardando 15 segundos (Tentativa 5/5)...
    [Desistindo do ID 401] Excedeu tentativas.
 -> Fatiando parágrafo longo (ID: 402) via IA...
    [Limite de Requisições]. Aguardando 15 segundos (Tentativa 1/5)...
    [Limite de Requisições]. Aguardando 15 segundos (Tentativa 2/5)...
    [Limite de Requisições]. Aguardando 15 segundos (Tentativa 3/5)...
    [Limite de Requisições]. Aguardando 15 segundos (Tentativa 4/5)...
    [Limite de Requisições]. Aguardando 15 segundos (Tentativa 5/5)...
    [Desistindo do ID 402] Excedeu tentativas.
 -> Fatiando parágrafo longo (ID: 403) via IA...
    [Limite de Requisições]. Aguardando 15 segundos (Tentativa 1/5)...
    [Limite de Requisições]. Aguardando 15 segundos (Tentativa 2/5)...
    [Limite de Requisições]. Aguardando 15 segundos (Tentativa 3/5)...
    [Limite de Requisições]. Aguardando 15 segundos (Tentativa 4/5)...
    [Limite de Requisições]. Aguardando 15 segundos (Tentativa 5/5)...
    [Desistindo do ID 403] Excedeu tentativas.
 -> Fatiando parágrafo longo (ID: 404) via IA...
    [Limite de Requisições]. Aguardando 15 segundos (Tentativa 1/5)...
    [Limite de Requisições]. Aguardando 15 segundos (Tentativa 2/5)...
    [Limite de Requisições]. Aguardando 15 segundos (Tentativa 3/5)...
    [Limite de Requisições]. Aguardando 15 segundos (Tentativa 4/5)...
    [Limite de Requisições]. Aguardando 15 segundos (Tentativa 5/5)...
    [Desistindo do ID 404] Excedeu tentativas.
 -> Fatiando parágrafo longo (ID: 405) via IA...
    [Limite de Requisições]. Aguardando 15 segundos (Tentativa 1/5)...
    [Limite de Requisições]. Aguardando 15 segundos (Tentativa 2/5)...
    [Limite de Requisições]. Aguardando 15 segundos (Tentativa 3/5)...
    [Limite de Requisições]. Aguardando 15 segundos (Tentativa 4/5)...
    [Limite de Requisições]. Aguardando 15 segundos (Tentativa 5/5)...
    [Desistindo do ID 405] Excedeu tentativas.
 -> Fatiando parágrafo longo (ID: 406) via IA...
    [Limite de Requisições]. Aguardando 15 segundos (Tentativa 1/5)...
    [Limite de Requisições]. Aguardando 15 segundos (Tentativa 2/5)...
    [Limite de Requisições]. Aguardando 15 segundos (Tentativa 3/5)...
    [Limite de Requisições]. Aguardando 15 segundos (Tentativa 4/5)...
    [Limite de Requisições]. Aguardando 15 segundos (Tentativa 5/5)...
    [Desistindo do ID 406] Excedeu tentativas.
 -> Fatiando parágrafo longo (ID: 407) via IA...
    [Limite de Requisições]. Aguardando 15 segundos (Tentativa 1/5)...
    [Limite de Requisições]. Aguardando 15 segundos (Tentativa 2/5)...
    [Limite de Requisições]. Aguardando 15 segundos (Tentativa 3/5)...
    [Limite de Requisições]. Aguardando 15 segundos (Tentativa 4/5)...
    [Limite de Requisições]. Aguardando 15 segundos (Tentativa 5/5)...
    [Desistindo do ID 407] Excedeu tentativas.
 -> Fatiando parágrafo longo (ID: 408) via IA...
    [Limite de Requisições]. Aguardando 15 segundos (Tentativa 1/5)...
    [Limite de Requisições]. Aguardando 15 segundos (Tentativa 2/5)...
    [Limite de Requisições]. Aguardando 15 segundos (Tentativa 3/5)...
    [Limite de Requisições]. Aguardando 15 segundos (Tentativa 4/5)...
    [Limite de Requisições]. Aguardando 15 segundos (Tentativa 5/5)...
    [Desistindo do ID 408] Excedeu tentativas.
 -> Fatiando parágrafo longo (ID: 409) via IA...
    [Limite de Requisições]. Aguardando 15 segundos (Tentativa 1/5)...
    [Limite de Requisições]. Aguardando 15 segundos (Tentativa 2/5)...
    [Limite de Requisições]. Aguardando 15 segundos (Tentativa 3/5)...
    [Limite de Requisições]. Aguardando 15 segundos (Tentativa 4/5)...
    [Limite de Requisições]. Aguardando 15 segundos (Tentativa 5/5)...
    [Desistindo do ID 409] Excedeu tentativas.
 -> Fatiando parágrafo longo (ID: 410) via IA...
    [Limite de Requisições]. Aguardando 15 segundos (Tentativa 1/5)...
    [Limite de Requisições]. Aguardando 15 segundos (Tentativa 2/5)...
    [Limite de Requisições]. Aguardando 15 segundos (Tentativa 3/5)...
    [Limite de Requisições]. Aguardando 15 segundos (Tentativa 4/5)...
    [Limite de Requisições]. Aguardando 15 segundos (Tentativa 5/5)...
    [Desistindo do ID 410] Excedeu tentativas.
 -> Fatiando parágrafo longo (ID: 411) via IA...
    [Limite de Requisições]. Aguardando 15 segundos (Tentativa 1/5)...
    [Limite de Requisições]. Aguardando 15 segundos (Tentativa 2/5)...
    [Limite de Requisições]. Aguardando 15 segundos (Tentativa 3/5)...
    [Limite de Requisições]. Aguardando 15 segundos (Tentativa 4/5)...
    [Limite de Requisições]. Aguardando 15 segundos (Tentativa 5/5)...
    [Desistindo do ID 411] Excedeu tentativas.
 -> Fatiando parágrafo longo (ID: 412) via IA...
    [Limite de Requisições]. Aguardando 15 segundos (Tentativa 1/5)...
    [Limite de Requisições]. Aguardando 15 segundos (Tentativa 2/5)...
    [Limite de Requisições]. Aguardando 15 segundos (Tentativa 3/5)...
    [Limite de Requisições]. Aguardando 15 segundos (Tentativa 4/5)...
    [Limite de Requisições]. Aguardando 15 segundos (Tentativa 5/5)...
    [Desistindo do ID 412] Excedeu tentativas.
 -> Fatiando parágrafo longo (ID: 413) via IA...
    [Limite de Requisições]. Aguardando 15 segundos (Tentativa 1/5)...
    [Limite de Requisições]. Aguardando 15 segundos (Tentativa 2/5)...
    [Limite de Requisições]. Aguardando 15 segundos (Tentativa 3/5)...
    [Limite de Requisições]. Aguardando 15 segundos (Tentativa 4/5)...
    [Limite de Requisições]. Aguardando 15 segundos (Tentativa 5/5)...
    [Desistindo do ID 413] Excedeu tentativas.
 -> Fatiando parágrafo longo (ID: 414) via IA...
    [Limite de Requisições]. Aguardando 15 segundos (Tentativa 1/5)...
    [Limite de Requisições]. Aguardando 15 segundos (Tentativa 2/5)...
    [Limite de Requisições]. Aguardando 15 segundos (Tentativa 3/5)...
    [Limite de Requisições]. Aguardando 15 segundos (Tentativa 4/5)...
    [Limite de Requisições]. Aguardando 15 segundos (Tentativa 5/5)...
    [Desistindo do ID 414] Excedeu tentativas.
 -> Fatiando parágrafo longo (ID: 415) via IA...
    [Limite de Requisições]. Aguardando 15 segundos (Tentativa 1/5)...
    [Limite de Requisições]. Aguardando 15 segundos (Tentativa 2/5)...
    [Limite de Requisições]. Aguardando 15 segundos (Tentativa 3/5)...
    [Limite de Requisições]. Aguardando 15 segundos (Tentativa 4/5)...
    [Limite de Requisições]. Aguardando 15 segundos (Tentativa 5/5)...
    [Desistindo do ID 415] Excedeu tentativas.
 -> Fatiando parágrafo longo (ID: 416) via IA...
    [Limite de Requisições]. Aguardando 15 segundos (Tentativa 1/5)...
    [Limite de Requisições]. Aguardando 15 segundos (Tentativa 2/5)...
    [Limite de Requisições]. Aguardando 15 segundos (Tentativa 3/5)...
    [Limite de Requisições]. Aguardando 15 segundos (Tentativa 4/5)...
    [Limite de Requisições]. Aguardando 15 segundos (Tentativa 5/5)...
    [Desistindo do ID 416] Excedeu tentativas.
 -> Fatiando parágrafo longo (ID: 417) via IA...
    [Limite de Requisições]. Aguardando 15 segundos (Tentativa 1/5)...
    [Limite de Requisições]. Aguardando 15 segundos (Tentativa 2/5)...
    [Limite de Requisições]. Aguardando 15 segundos (Tentativa 3/5)...
    [Limite de Requisições]. Aguardando 15 segundos (Tentativa 4/5)...
    [Limite de Requisições]. Aguardando 15 segundos (Tentativa 5/5)...
    [Desistindo do ID 417] Excedeu tentativas.
 -> Fatiando parágrafo longo (ID: 418) via IA...
    [Limite de Requisições]. Aguardando 15 segundos (Tentativa 1/5)...
    [Limite de Requisições]. Aguardando 15 segundos (Tentativa 2/5)...
    [Limite de Requisições]. Aguardando 15 segundos (Tentativa 3/5)...
    [Limite de Requisições]. Aguardando 15 segundos (Tentativa 4/5)...
    [Limite de Requisições]. Aguardando 15 segundos (Tentativa 5/5)...
    [Desistindo do ID 418] Excedeu tentativas.
 -> Fatiando parágrafo longo (ID: 426) via IA...
    [Limite de Requisições]. Aguardando 15 segundos (Tentativa 1/5)...
    [Limite de Requisições]. Aguardando 15 segundos (Tentativa 2/5)...
    [Limite de Requisições]. Aguardando 15 segundos (Tentativa 3/5)...
    [Limite de Requisições]. Aguardando 15 segundos (Tentativa 4/5)...
    [Limite de Requisições]. Aguardando 15 segundos (Tentativa 5/5)...
    [Desistindo do ID 426] Excedeu tentativas.
 -> Fatiando parágrafo longo (ID: 427) via IA...
    [Limite de Requisições]. Aguardando 15 segundos (Tentativa 1/5)...
    [Limite de Requisições]. Aguardando 15 segundos (Tentativa 2/5)...
    [Limite de Requisições]. Aguardando 15 segundos (Tentativa 3/5)...
    [Limite de Requisições]. Aguardando 15 segundos (Tentativa 4/5)...
    [Limite de Requisições]. Aguardando 15 segundos (Tentativa 5/5)...
    [Desistindo do ID 427] Excedeu tentativas.
 -> Fatiando parágrafo longo (ID: 428) via IA...
    [Limite de Requisições]. Aguardando 15 segundos (Tentativa 1/5)...
    [Limite de Requisições]. Aguardando 15 segundos (Tentativa 2/5)...
    [Limite de Requisições]. Aguardando 15 segundos (Tentativa 3/5)...
    [Limite de Requisições]. Aguardando 15 segundos (Tentativa 4/5)...
    [Limite de Requisições]. Aguardando 15 segundos (Tentativa 5/5)...
    [Desistindo do ID 428] Excedeu tentativas.
 -> Fatiando parágrafo longo (ID: 429) via IA...
    [Limite de Requisições]. Aguardando 15 segundos (Tentativa 1/5)...
    [Limite de Requisições]. Aguardando 15 segundos (Tentativa 2/5)...
    [Limite de Requisições]. Aguardando 15 segundos (Tentativa 3/5)...
    [Limite de Requisições]. Aguardando 15 segundos (Tentativa 4/5)...
    [Limite de Requisições]. Aguardando 15 segundos (Tentativa 5/5)...
    [Desistindo do ID 429] Excedeu tentativas.
 -> Fatiando parágrafo longo (ID: 430) via IA...
    [Limite de Requisições]. Aguardando 15 segundos (Tentativa 1/5)...
    [Limite de Requisições]. Aguardando 15 segundos (Tentativa 2/5)...
    [Limite de Requisições]. Aguardando 15 segundos (Tentativa 3/5)...
    [Limite de Requisições]. Aguardando 15 segundos (Tentativa 4/5)...
    [Limite de Requisições]. Aguardando 15 segundos (Tentativa 5/5)...
    [Desistindo do ID 430] Excedeu tentativas.
 -> Fatiando parágrafo longo (ID: 431) via IA...
    [Limite de Requisições]. Aguardando 15 segundos (Tentativa 1/5)...
    [Limite de Requisições]. Aguardando 15 segundos (Tentativa 2/5)...
    [Limite de Requisições]. Aguardando 15 segundos (Tentativa 3/5)...
    [Limite de Requisições]. Aguardando 15 segundos (Tentativa 4/5)...
    [Limite de Requisições]. Aguardando 15 segundos (Tentativa 5/5)...
    [Desistindo do ID 431] Excedeu tentativas.
 -> Fatiando parágrafo longo (ID: 432) via IA...
    [Limite de Requisições]. Aguardando 15 segundos (Tentativa 1/5)...
    [Limite de Requisições]. Aguardando 15 segundos (Tentativa 2/5)...
    [Limite de Requisições]. Aguardando 15 segundos (Tentativa 3/5)...
    [Limite de Requisições]. Aguardando 15 segundos (Tentativa 4/5)...
    [Limite de Requisições]. Aguardando 15 segundos (Tentativa 5/5)...
    [Desistindo do ID 432] Excedeu tentativas.
 -> Fatiando parágrafo longo (ID: 433) via IA...
    [Limite de Requisições]. Aguardando 15 segundos (Tentativa 1/5)...
    [Limite de Requisições]. Aguardando 15 segundos (Tentativa 2/5)...
    [Limite de Requisições]. Aguardando 15 segundos (Tentativa 3/5)...
    [Limite de Requisições]. Aguardando 15 segundos (Tentativa 4/5)...
    [Limite de Requisições]. Aguardando 15 segundos (Tentativa 5/5)...
    [Desistindo do ID 433] Excedeu tentativas.
 -> Fatiando parágrafo longo (ID: 434) via IA...
    [Limite de Requisições]. Aguardando 15 segundos (Tentativa 1/5)...
    [Limite de Requisições]. Aguardando 15 segundos (Tentativa 2/5)...
    [Limite de Requisições]. Aguardando 15 segundos (Tentativa 3/5)...
    [Limite de Requisições]. Aguardando 15 segundos (Tentativa 4/5)...
    [Limite de Requisições]. Aguardando 15 segundos (Tentativa 5/5)...
    [Desistindo do ID 434] Excedeu tentativas.
 -> Fatiando parágrafo longo (ID: 435) via IA...
    [Limite de Requisições]. Aguardando 15 segundos (Tentativa 1/5)...
    [Limite de Requisições]. Aguardando 15 segundos (Tentativa 2/5)...
    [Limite de Requisições]. Aguardando 15 segundos (Tentativa 3/5)...
    [Limite de Requisições]. Aguardando 15 segundos (Tentativa 4/5)...
    [Limite de Requisições]. Aguardando 15 segundos (Tentativa 5/5)...
    [Desistindo do ID 435] Excedeu tentativas.
 -> Fatiando parágrafo longo (ID: 436) via IA...
    [Limite de Requisições]. Aguardando 15 segundos (Tentativa 1/5)...
    [Limite de Requisições]. Aguardando 15 segundos (Tentativa 2/5)...
    [Limite de Requisições]. Aguardando 15 segundos (Tentativa 3/5)...
    [Limite de Requisições]. Aguardando 15 segundos (Tentativa 4/5)...
    [Limite de Requisições]. Aguardando 15 segundos (Tentativa 5/5)...
    [Desistindo do ID 436] Excedeu tentativas.
 -> Fatiando parágrafo longo (ID: 437) via IA...
    [Limite de Requisições]. Aguardando 15 segundos (Tentativa 1/5)...
    [Limite de Requisições]. Aguardando 15 segundos (Tentativa 2/5)...
    [Limite de Requisições]. Aguardando 15 segundos (Tentativa 3/5)...
    [Limite de Requisições]. Aguardando 15 segundos (Tentativa 4/5)...
    [Limite de Requisições]. Aguardando 15 segundos (Tentativa 5/5)...
    [Desistindo do ID 437] Excedeu tentativas.
 -> Fatiando parágrafo longo (ID: 438) via IA...
    [Limite de Requisições]. Aguardando 15 segundos (Tentativa 1/5)...
    [Limite de Requisições]. Aguardando 15 segundos (Tentativa 2/5)...
    [Limite de Requisições]. Aguardando 15 segundos (Tentativa 3/5)...
    [Limite de Requisições]. Aguardando 15 segundos (Tentativa 4/5)...
    [Limite de Requisições]. Aguardando 15 segundos (Tentativa 5/5)...
    [Desistindo do ID 438] Excedeu tentativas.
 -> Fatiando parágrafo longo (ID: 439) via IA...
    [Limite de Requisições]. Aguardando 15 segundos (Tentativa 1/5)...
    [Limite de Requisições]. Aguardando 15 segundos (Tentativa 2/5)...
    [Limite de Requisições]. Aguardando 15 segundos (Tentativa 3/5)...
    [Limite de Requisições]. Aguardando 15 segundos (Tentativa 4/5)...
    [Limite de Requisições]. Aguardando 15 segundos (Tentativa 5/5)...
    [Desistindo do ID 439] Excedeu tentativas.
 -> Fatiando parágrafo longo (ID: 440) via IA...
    [Limite de Requisições]. Aguardando 15 segundos (Tentativa 1/5)...
    [Limite de Requisições]. Aguardando 15 segundos (Tentativa 2/5)...
    [Limite de Requisições]. Aguardando 15 segundos (Tentativa 3/5)...
    [Limite de Requisições]. Aguardando 15 segundos (Tentativa 4/5)...
    [Limite de Requisições]. Aguardando 15 segundos (Tentativa 5/5)...
    [Desistindo do ID 440] Excedeu tentativas.
 -> Fatiando parágrafo longo (ID: 441) via IA...
    [Limite de Requisições]. Aguardando 15 segundos (Tentativa 1/5)...
    [Limite de Requisições]. Aguardando 15 segundos (Tentativa 2/5)...
    [Limite de Requisições]. Aguardando 15 segundos (Tentativa 3/5)...
    [Limite de Requisições]. Aguardando 15 segundos (Tentativa 4/5)...
    [Limite de Requisições]. Aguardando 15 segundos (Tentativa 5/5)...
    [Desistindo do ID 441] Excedeu tentativas.
 -> Fatiando parágrafo longo (ID: 442) via IA...
    [Limite de Requisições]. Aguardando 15 segundos (Tentativa 1/5)...
    [Limite de Requisições]. Aguardando 15 segundos (Tentativa 2/5)...
    [Limite de Requisições]. Aguardando 15 segundos (Tentativa 3/5)...
    [Limite de Requisições]. Aguardando 15 segundos (Tentativa 4/5)...
    [Limite de Requisições]. Aguardando 15 segundos (Tentativa 5/5)...
    [Desistindo do ID 442] Excedeu tentativas.
 -> Fatiando parágrafo longo (ID: 443) via IA...
    [Limite de Requisições]. Aguardando 15 segundos (Tentativa 1/5)...
    [Limite de Requisições]. Aguardando 15 segundos (Tentativa 2/5)...
    [Limite de Requisições]. Aguardando 15 segundos (Tentativa 3/5)...
    [Limite de Requisições]. Aguardando 15 segundos (Tentativa 4/5)...
    [Limite de Requisições]. Aguardando 15 segundos (Tentativa 5/5)...
    [Desistindo do ID 443] Excedeu tentativas.
 -> Fatiando parágrafo longo (ID: 444) via IA...
    [Limite de Requisições]. Aguardando 15 segundos (Tentativa 1/5)...
    [Limite de Requisições]. Aguardando 15 segundos (Tentativa 2/5)...
    [Limite de Requisições]. Aguardando 15 segundos (Tentativa 3/5)...
    [Limite de Requisições]. Aguardando 15 segundos (Tentativa 4/5)...
    [Limite de Requisições]. Aguardando 15 segundos (Tentativa 5/5)...
    [Desistindo do ID 444] Excedeu tentativas.
 -> Fatiando parágrafo longo (ID: 445) via IA...
    [Limite de Requisições]. Aguardando 15 segundos (Tentativa 1/5)...
    [Limite de Requisições]. Aguardando 15 segundos (Tentativa 2/5)...
    [Limite de Requisições]. Aguardando 15 segundos (Tentativa 3/5)...
    [Limite de Requisições]. Aguardando 15 segundos (Tentativa 4/5)...
    [Limite de Requisições]. Aguardando 15 segundos (Tentativa 5/5)...
    [Desistindo do ID 445] Excedeu tentativas.
 -> Fatiando parágrafo longo (ID: 446) via IA...
    [Limite de Requisições]. Aguardando 15 segundos (Tentativa 1/5)...
    [Limite de Requisições]. Aguardando 15 segundos (Tentativa 2/5)...
    [Limite de Requisições]. Aguardando 15 segundos (Tentativa 3/5)...
    [Limite de Requisições]. Aguardando 15 segundos (Tentativa 4/5)...
    [Limite de Requisições]. Aguardando 15 segundos (Tentativa 5/5)...
    [Desistindo do ID 446] Excedeu tentativas.
 -> Fatiando parágrafo longo (ID: 447) via IA...
    [Limite de Requisições]. Aguardando 15 segundos (Tentativa 1/5)...
    [Limite de Requisições]. Aguardando 15 segundos (Tentativa 2/5)...
    [Limite de Requisições]. Aguardando 15 segundos (Tentativa 3/5)...
    [Limite de Requisições]. Aguardando 15 segundos (Tentativa 4/5)...
    [Limite de Requisições]. Aguardando 15 segundos (Tentativa 5/5)...
    [Desistindo do ID 447] Excedeu tentativas.
 -> Fatiando parágrafo longo (ID: 448) via IA...
    [Limite de Requisições]. Aguardando 15 segundos (Tentativa 1/5)...
    [Limite de Requisições]. Aguardando 15 segundos (Tentativa 2/5)...
    [Limite de Requisições]. Aguardando 15 segundos (Tentativa 3/5)...
    [Limite de Requisições]. Aguardando 15 segundos (Tentativa 4/5)...
    [Limite de Requisições]. Aguardando 15 segundos (Tentativa 5/5)...
    [Desistindo do ID 448] Excedeu tentativas.
 -> Fatiando parágrafo longo (ID: 449) via IA...
    [Limite de Requisições]. Aguardando 15 segundos (Tentativa 1/5)...
    [Limite de Requisições]. Aguardando 15 segundos (Tentativa 2/5)...
    [Limite de Requisições]. Aguardando 15 segundos (Tentativa 3/5)...
    [Limite de Requisições]. Aguardando 15 segundos (Tentativa 4/5)...
    [Limite de Requisições]. Aguardando 15 segundos (Tentativa 5/5)...
    [Desistindo do ID 449] Excedeu tentativas.
 -> Fatiando parágrafo longo (ID: 450) via IA...
    [Limite de Requisições]. Aguardando 15 segundos (Tentativa 1/5)...
    [Limite de Requisições]. Aguardando 15 segundos (Tentativa 2/5)...
    [Limite de Requisições]. Aguardando 15 segundos (Tentativa 3/5)...
    [Limite de Requisições]. Aguardando 15 segundos (Tentativa 4/5)...
    [Limite de Requisições]. Aguardando 15 segundos (Tentativa 5/5)...
    [Desistindo do ID 450] Excedeu tentativas.
 -> Fatiando parágrafo longo (ID: 451) via IA...
    [Limite de Requisições]. Aguardando 15 segundos (Tentativa 1/5)...
    [Limite de Requisições]. Aguardando 15 segundos (Tentativa 2/5)...
    [Limite de Requisições]. Aguardando 15 segundos (Tentativa 3/5)...
    [Limite de Requisições]. Aguardando 15 segundos (Tentativa 4/5)...
    [Limite de Requisições]. Aguardando 15 segundos (Tentativa 5/5)...
    [Desistindo do ID 451] Excedeu tentativas.
 -> Fatiando parágrafo longo (ID: 452) via IA...
    [Limite de Requisições]. Aguardando 15 segundos (Tentativa 1/5)...
    [Limite de Requisições]. Aguardando 15 segundos (Tentativa 2/5)...
    [Limite de Requisições]. Aguardando 15 segundos (Tentativa 3/5)...
    [Limite de Requisições]. Aguardando 15 segundos (Tentativa 4/5)...
    [Limite de Requisições]. Aguardando 15 segundos (Tentativa 5/5)...
    [Desistindo do ID 452] Excedeu tentativas.
 -> Fatiando parágrafo longo (ID: 454) via IA...
    [Limite de Requisições]. Aguardando 15 segundos (Tentativa 1/5)...
    [Limite de Requisições]. Aguardando 15 segundos (Tentativa 2/5)...
    [Limite de Requisições]. Aguardando 15 segundos (Tentativa 3/5)...
    [Limite de Requisições]. Aguardando 15 segundos (Tentativa 4/5)...
    [Limite de Requisições]. Aguardando 15 segundos (Tentativa 5/5)...
    [Desistindo do ID 454] Excedeu tentativas.
 -> Fatiando parágrafo longo (ID: 455) via IA...
    [Limite de Requisições]. Aguardando 15 segundos (Tentativa 1/5)...
    [Limite de Requisições]. Aguardando 15 segundos (Tentativa 2/5)...
    [Limite de Requisições]. Aguardando 15 segundos (Tentativa 3/5)...
    [Limite de Requisições]. Aguardando 15 segundos (Tentativa 4/5)...
    [Limite de Requisições]. Aguardando 15 segundos (Tentativa 5/5)...
    [Desistindo do ID 455] Excedeu tentativas.
 -> Fatiando parágrafo longo (ID: 463) via IA...
    [Limite de Requisições]. Aguardando 15 segundos (Tentativa 1/5)...
    [Limite de Requisições]. Aguardando 15 segundos (Tentativa 2/5)...
    [Limite de Requisições]. Aguardando 15 segundos (Tentativa 3/5)...
    [Limite de Requisições]. Aguardando 15 segundos (Tentativa 4/5)...
    [Limite de Requisições]. Aguardando 15 segundos (Tentativa 5/5)...
    [Desistindo do ID 463] Excedeu tentativas.
 -> Fatiando parágrafo longo (ID: 464) via IA...
    [Limite de Requisições]. Aguardando 15 segundos (Tentativa 1/5)...
    [Limite de Requisições]. Aguardando 15 segundos (Tentativa 2/5)...
    [Limite de Requisições]. Aguardando 15 segundos (Tentativa 3/5)...
    [Limite de Requisições]. Aguardando 15 segundos (Tentativa 4/5)...
    [Limite de Requisições]. Aguardando 15 segundos (Tentativa 5/5)...
    [Desistindo do ID 464] Excedeu tentativas.
 -> Fatiando parágrafo longo (ID: 465) via IA...
    [Limite de Requisições]. Aguardando 15 segundos (Tentativa 1/5)...
    [Limite de Requisições]. Aguardando 15 segundos (Tentativa 2/5)...
    [Limite de Requisições]. Aguardando 15 segundos (Tentativa 3/5)...
    [Limite de Requisições]. Aguardando 15 segundos (Tentativa 4/5)...
    [Limite de Requisições]. Aguardando 15 segundos (Tentativa 5/5)...
    [Desistindo do ID 465] Excedeu tentativas.
 -> Fatiando parágrafo longo (ID: 466) via IA...
    [Limite de Requisições]. Aguardando 15 segundos (Tentativa 1/5)...
    [Limite de Requisições]. Aguardando 15 segundos (Tentativa 2/5)...
    [Limite de Requisições]. Aguardando 15 segundos (Tentativa 3/5)...
    [Limite de Requisições]. Aguardando 15 segundos (Tentativa 4/5)...
    [Limite de Requisições]. Aguardando 15 segundos (Tentativa 5/5)...
    [Desistindo do ID 466] Excedeu tentativas.
 -> Fatiando parágrafo longo (ID: 467) via IA...
    [Limite de Requisições]. Aguardando 15 segundos (Tentativa 1/5)...
    [Limite de Requisições]. Aguardando 15 segundos (Tentativa 2/5)...
    [Limite de Requisições]. Aguardando 15 segundos (Tentativa 3/5)...
    [Limite de Requisições]. Aguardando 15 segundos (Tentativa 4/5)...
    [Limite de Requisições]. Aguardando 15 segundos (Tentativa 5/5)...
    [Desistindo do ID 467] Excedeu tentativas.
 -> Fatiando parágrafo longo (ID: 468) via IA...
    [Limite de Requisições]. Aguardando 15 segundos (Tentativa 1/5)...
    [Limite de Requisições]. Aguardando 15 segundos (Tentativa 2/5)...
    [Limite de Requisições]. Aguardando 15 segundos (Tentativa 3/5)...
    [Limite de Requisições]. Aguardando 15 segundos (Tentativa 4/5)...
    [Limite de Requisições]. Aguardando 15 segundos (Tentativa 5/5)...
    [Desistindo do ID 468] Excedeu tentativas.
 -> Fatiando parágrafo longo (ID: 469) via IA...
    [Limite de Requisições]. Aguardando 15 segundos (Tentativa 1/5)...
    [Limite de Requisições]. Aguardando 15 segundos (Tentativa 2/5)...
    [Limite de Requisições]. Aguardando 15 segundos (Tentativa 3/5)...
    [Limite de Requisições]. Aguardando 15 segundos (Tentativa 4/5)...
    [Limite de Requisições]. Aguardando 15 segundos (Tentativa 5/5)...
    [Desistindo do ID 469] Excedeu tentativas.
 -> Fatiando parágrafo longo (ID: 470) via IA...
    [Limite de Requisições]. Aguardando 15 segundos (Tentativa 1/5)...
    [Limite de Requisições]. Aguardando 15 segundos (Tentativa 2/5)...
    [Limite de Requisições]. Aguardando 15 segundos (Tentativa 3/5)...
    [Limite de Requisições]. Aguardando 15 segundos (Tentativa 4/5)...
    [Limite de Requisições]. Aguardando 15 segundos (Tentativa 5/5)...
    [Desistindo do ID 470] Excedeu tentativas.
 -> Fatiando parágrafo longo (ID: 471) via IA...
    [Limite de Requisições]. Aguardando 15 segundos (Tentativa 1/5)...
    [Limite de Requisições]. Aguardando 15 segundos (Tentativa 2/5)...
    [Limite de Requisições]. Aguardando 15 segundos (Tentativa 3/5)...
    [Limite de Requisições]. Aguardando 15 segundos (Tentativa 4/5)...
    [Limite de Requisições]. Aguardando 15 segundos (Tentativa 5/5)...
    [Desistindo do ID 471] Excedeu tentativas.
 -> Fatiando parágrafo longo (ID: 472) via IA...
    [Limite de Requisições]. Aguardando 15 segundos (Tentativa 1/5)...
    [Limite de Requisições]. Aguardando 15 segundos (Tentativa 2/5)...
    [Limite de Requisições]. Aguardando 15 segundos (Tentativa 3/5)...
    [Limite de Requisições]. Aguardando 15 segundos (Tentativa 4/5)...
    [Limite de Requisições]. Aguardando 15 segundos (Tentativa 5/5)...
    [Desistindo do ID 472] Excedeu tentativas.
 -> Fatiando parágrafo longo (ID: 473) via IA...
    [Limite de Requisições]. Aguardando 15 segundos (Tentativa 1/5)...
    [Limite de Requisições]. Aguardando 15 segundos (Tentativa 2/5)...
    [Limite de Requisições]. Aguardando 15 segundos (Tentativa 3/5)...
    [Limite de Requisições]. Aguardando 15 segundos (Tentativa 4/5)...
    [Limite de Requisições]. Aguardando 15 segundos (Tentativa 5/5)...
    [Desistindo do ID 473] Excedeu tentativas.
 -> Fatiando parágrafo longo (ID: 474) via IA...
    [Limite de Requisições]. Aguardando 15 segundos (Tentativa 1/5)...
    [Limite de Requisições]. Aguardando 15 segundos (Tentativa 2/5)...
    [Limite de Requisições]. Aguardando 15 segundos (Tentativa 3/5)...
    [Limite de Requisições]. Aguardando 15 segundos (Tentativa 4/5)...
    [Limite de Requisições]. Aguardando 15 segundos (Tentativa 5/5)...
    [Desistindo do ID 474] Excedeu tentativas.
 -> Fatiando parágrafo longo (ID: 475) via IA...
    [Limite de Requisições]. Aguardando 15 segundos (Tentativa 1/5)...
    [Limite de Requisições]. Aguardando 15 segundos (Tentativa 2/5)...
    [Limite de Requisições]. Aguardando 15 segundos (Tentativa 3/5)...
    [Limite de Requisições]. Aguardando 15 segundos (Tentativa 4/5)...
    [Limite de Requisições]. Aguardando 15 segundos (Tentativa 5/5)...
    [Desistindo do ID 475] Excedeu tentativas.
 -> Fatiando parágrafo longo (ID: 476) via IA...
    [Limite de Requisições]. Aguardando 15 segundos (Tentativa 1/5)...
    [Limite de Requisições]. Aguardando 15 segundos (Tentativa 2/5)...
    [Limite de Requisições]. Aguardando 15 segundos (Tentativa 3/5)...
    [Limite de Requisições]. Aguardando 15 segundos (Tentativa 4/5)...
    [Limite de Requisições]. Aguardando 15 segundos (Tentativa 5/5)...
    [Desistindo do ID 476] Excedeu tentativas.
 -> Fatiando parágrafo longo (ID: 477) via IA...
    [Limite de Requisições]. Aguardando 15 segundos (Tentativa 1/5)...
    [Limite de Requisições]. Aguardando 15 segundos (Tentativa 2/5)...
    [Limite de Requisições]. Aguardando 15 segundos (Tentativa 3/5)...
    [Limite de Requisições]. Aguardando 15 segundos (Tentativa 4/5)...
    [Limite de Requisições]. Aguardando 15 segundos (Tentativa 5/5)...
    [Desistindo do ID 477] Excedeu tentativas.
 -> Fatiando parágrafo longo (ID: 483) via IA...
    [Limite de Requisições]. Aguardando 15 segundos (Tentativa 1/5)...
    [Limite de Requisições]. Aguardando 15 segundos (Tentativa 2/5)...
    [Limite de Requisições]. Aguardando 15 segundos (Tentativa 3/5)...
    [Limite de Requisições]. Aguardando 15 segundos (Tentativa 4/5)...
    [Limite de Requisições]. Aguardando 15 segundos (Tentativa 5/5)...
    [Desistindo do ID 483] Excedeu tentativas.
 -> Fatiando parágrafo longo (ID: 484) via IA...
    [Limite de Requisições]. Aguardando 15 segundos (Tentativa 1/5)...
    [Limite de Requisições]. Aguardando 15 segundos (Tentativa 2/5)...
    [Limite de Requisições]. Aguardando 15 segundos (Tentativa 3/5)...
    [Limite de Requisições]. Aguardando 15 segundos (Tentativa 4/5)...
    [Limite de Requisições]. Aguardando 15 segundos (Tentativa 5/5)...
    [Desistindo do ID 484] Excedeu tentativas.
 -> Fatiando parágrafo longo (ID: 491) via IA...
    [Limite de Requisições]. Aguardando 15 segundos (Tentativa 1/5)...
    [Limite de Requisições]. Aguardando 15 segundos (Tentativa 2/5)...
    [Limite de Requisições]. Aguardando 15 segundos (Tentativa 3/5)...
    [Limite de Requisições]. Aguardando 15 segundos (Tentativa 4/5)...
    [Limite de Requisições]. Aguardando 15 segundos (Tentativa 5/5)...
    [Desistindo do ID 491] Excedeu tentativas.
 -> Fatiando parágrafo longo (ID: 504) via IA...
    [Limite de Requisições]. Aguardando 15 segundos (Tentativa 1/5)...
    [Limite de Requisições]. Aguardando 15 segundos (Tentativa 2/5)...
    [Limite de Requisições]. Aguardando 15 segundos (Tentativa 3/5)...
    [Limite de Requisições]. Aguardando 15 segundos (Tentativa 4/5)...
    [Limite de Requisições]. Aguardando 15 segundos (Tentativa 5/5)...
    [Desistindo do ID 504] Excedeu tentativas.
 -> Fatiando parágrafo longo (ID: 507) via IA...
    [Limite de Requisições]. Aguardando 15 segundos (Tentativa 1/5)...
    [Limite de Requisições]. Aguardando 15 segundos (Tentativa 2/5)...
    [Limite de Requisições]. Aguardando 15 segundos (Tentativa 3/5)...
    [Limite de Requisições]. Aguardando 15 segundos (Tentativa 4/5)...
    [Limite de Requisições]. Aguardando 15 segundos (Tentativa 5/5)...
    [Desistindo do ID 507] Excedeu tentativas.
 -> Fatiando parágrafo longo (ID: 508) via IA...
    [Limite de Requisições]. Aguardando 15 segundos (Tentativa 1/5)...
    [Limite de Requisições]. Aguardando 15 segundos (Tentativa 2/5)...
    [Limite de Requisições]. Aguardando 15 segundos (Tentativa 3/5)...
    [Limite de Requisições]. Aguardando 15 segundos (Tentativa 4/5)...
    [Limite de Requisições]. Aguardando 15 segundos (Tentativa 5/5)...
    [Desistindo do ID 508] Excedeu tentativas.
 -> Fatiando parágrafo longo (ID: 510) via IA...
    [Limite de Requisições]. Aguardando 15 segundos (Tentativa 1/5)...
    [Limite de Requisições]. Aguardando 15 segundos (Tentativa 2/5)...
    [Limite de Requisições]. Aguardando 15 segundos (Tentativa 3/5)...
    [Limite de Requisições]. Aguardando 15 segundos (Tentativa 4/5)...
    [Limite de Requisições]. Aguardando 15 segundos (Tentativa 5/5)...
    [Desistindo do ID 510] Excedeu tentativas.
 -> Fatiando parágrafo longo (ID: 511) via IA...
    [Limite de Requisições]. Aguardando 15 segundos (Tentativa 1/5)...
    [Limite de Requisições]. Aguardando 15 segundos (Tentativa 2/5)...
    [Limite de Requisições]. Aguardando 15 segundos (Tentativa 3/5)...
    [Limite de Requisições]. Aguardando 15 segundos (Tentativa 4/5)...
    [Limite de Requisições]. Aguardando 15 segundos (Tentativa 5/5)...
    [Desistindo do ID 511] Excedeu tentativas.
 -> Fatiando parágrafo longo (ID: 512) via IA...
    [Limite de Requisições]. Aguardando 15 segundos (Tentativa 1/5)...
    [Limite de Requisições]. Aguardando 15 segundos (Tentativa 2/5)...
    [Limite de Requisições]. Aguardando 15 segundos (Tentativa 3/5)...
    [Limite de Requisições]. Aguardando 15 segundos (Tentativa 4/5)...
    [Limite de Requisições]. Aguardando 15 segundos (Tentativa 5/5)...
    [Desistindo do ID 512] Excedeu tentativas.
 -> Fatiando parágrafo longo (ID: 513) via IA...
    [Limite de Requisições]. Aguardando 15 segundos (Tentativa 1/5)...
    [Limite de Requisições]. Aguardando 15 segundos (Tentativa 2/5)...
    [Limite de Requisições]. Aguardando 15 segundos (Tentativa 3/5)...
    [Limite de Requisições]. Aguardando 15 segundos (Tentativa 4/5)...
    [Limite de Requisições]. Aguardando 15 segundos (Tentativa 5/5)...
    [Desistindo do ID 513] Excedeu tentativas.
 -> Fatiando parágrafo longo (ID: 514) via IA...
    [Limite de Requisições]. Aguardando 15 segundos (Tentativa 1/5)...
    [Limite de Requisições]. Aguardando 15 segundos (Tentativa 2/5)...
    [Limite de Requisições]. Aguardando 15 segundos (Tentativa 3/5)...
    [Limite de Requisições]. Aguardando 15 segundos (Tentativa 4/5)...
    [Limite de Requisições]. Aguardando 15 segundos (Tentativa 5/5)...
    [Desistindo do ID 514] Excedeu tentativas.
 -> Fatiando parágrafo longo (ID: 516) via IA...
    [Limite de Requisições]. Aguardando 15 segundos (Tentativa 1/5)...
    [Limite de Requisições]. Aguardando 15 segundos (Tentativa 2/5)...
    [Limite de Requisições]. Aguardando 15 segundos (Tentativa 3/5)...
    [Limite de Requisições]. Aguardando 15 segundos (Tentativa 4/5)...
    [Limite de Requisições]. Aguardando 15 segundos (Tentativa 5/5)...
    [Desistindo do ID 516] Excedeu tentativas.
 -> Fatiando parágrafo longo (ID: 517) via IA...
    [Limite de Requisições]. Aguardando 15 segundos (Tentativa 1/5)...
    [Limite de Requisições]. Aguardando 15 segundos (Tentativa 2/5)...
    [Limite de Requisições]. Aguardando 15 segundos (Tentativa 3/5)...
    [Limite de Requisições]. Aguardando 15 segundos (Tentativa 4/5)...
    [Limite de Requisições]. Aguardando 15 segundos (Tentativa 5/5)...
    [Desistindo do ID 517] Excedeu tentativas.
 -> Fatiando parágrafo longo (ID: 523) via IA...
    [Limite de Requisições]. Aguardando 15 segundos (Tentativa 1/5)...
    [Limite de Requisições]. Aguardando 15 segundos (Tentativa 2/5)...
    [Limite de Requisições]. Aguardando 15 segundos (Tentativa 3/5)...
    [Limite de Requisições]. Aguardando 15 segundos (Tentativa 4/5)...
    [Limite de Requisições]. Aguardando 15 segundos (Tentativa 5/5)...
    [Desistindo do ID 523] Excedeu tentativas.
 -> Fatiando parágrafo longo (ID: 525) via IA...
    [Limite de Requisições]. Aguardando 15 segundos (Tentativa 1/5)...
    [Limite de Requisições]. Aguardando 15 segundos (Tentativa 2/5)...
    [Limite de Requisições]. Aguardando 15 segundos (Tentativa 3/5)...
    [Limite de Requisições]. Aguardando 15 segundos (Tentativa 4/5)...
    [Limite de Requisições]. Aguardando 15 segundos (Tentativa 5/5)...
    [Desistindo do ID 525] Excedeu tentativas.
 -> Fatiando parágrafo longo (ID: 528) via IA...
    [Limite de Requisições]. Aguardando 15 segundos (Tentativa 1/5)...
    [Limite de Requisições]. Aguardando 15 segundos (Tentativa 2/5)...
    [Limite de Requisições]. Aguardando 15 segundos (Tentativa 3/5)...
    [Limite de Requisições]. Aguardando 15 segundos (Tentativa 4/5)...
    [Limite de Requisições]. Aguardando 15 segundos (Tentativa 5/5)...
    [Desistindo do ID 528] Excedeu tentativas.
 -> Fatiando parágrafo longo (ID: 536) via IA...
    [Limite de Requisições]. Aguardando 15 segundos (Tentativa 1/5)...
    [Limite de Requisições]. Aguardando 15 segundos (Tentativa 2/5)...
    [Limite de Requisições]. Aguardando 15 segundos (Tentativa 3/5)...
    [Limite de Requisições]. Aguardando 15 segundos (Tentativa 4/5)...
    [Limite de Requisições]. Aguardando 15 segundos (Tentativa 5/5)...
    [Desistindo do ID 536] Excedeu tentativas.
 -> Fatiando parágrafo longo (ID: 537) via IA...
    [Limite de Requisições]. Aguardando 15 segundos (Tentativa 1/5)...
    [Limite de Requisições]. Aguardando 15 segundos (Tentativa 2/5)...
    [Limite de Requisições]. Aguardando 15 segundos (Tentativa 3/5)...
    [Limite de Requisições]. Aguardando 15 segundos (Tentativa 4/5)...
    [Limite de Requisições]. Aguardando 15 segundos (Tentativa 5/5)...
    [Desistindo do ID 537] Excedeu tentativas.
 -> Fatiando parágrafo longo (ID: 545) via IA...
    [Limite de Requisições]. Aguardando 15 segundos (Tentativa 1/5)...
    [Limite de Requisições]. Aguardando 15 segundos (Tentativa 2/5)...
    [Limite de Requisições]. Aguardando 15 segundos (Tentativa 3/5)...
    [Limite de Requisições]. Aguardando 15 segundos (Tentativa 4/5)...
    [Limite de Requisições]. Aguardando 15 segundos (Tentativa 5/5)...
    [Desistindo do ID 545] Excedeu tentativas.
 -> Fatiando parágrafo longo (ID: 546) via IA...
    [Limite de Requisições]. Aguardando 15 segundos (Tentativa 1/5)...
    [Limite de Requisições]. Aguardando 15 segundos (Tentativa 2/5)...
    [Limite de Requisições]. Aguardando 15 segundos (Tentativa 3/5)...
    [Limite de Requisições]. Aguardando 15 segundos (Tentativa 4/5)...
    [Limite de Requisições]. Aguardando 15 segundos (Tentativa 5/5)...
    [Desistindo do ID 546] Excedeu tentativas.
 -> Fatiando parágrafo longo (ID: 547) via IA...
    [Limite de Requisições]. Aguardando 15 segundos (Tentativa 1/5)...
    [Limite de Requisições]. Aguardando 15 segundos (Tentativa 2/5)...
    [Limite de Requisições]. Aguardando 15 segundos (Tentativa 3/5)...
    [Limite de Requisições]. Aguardando 15 segundos (Tentativa 4/5)...
    [Limite de Requisições]. Aguardando 15 segundos (Tentativa 5/5)...
    [Desistindo do ID 547] Excedeu tentativas.
 -> Fatiando parágrafo longo (ID: 548) via IA...
    [Limite de Requisições]. Aguardando 15 segundos (Tentativa 1/5)...
    [Limite de Requisições]. Aguardando 15 segundos (Tentativa 2/5)...
    [Limite de Requisições]. Aguardando 15 segundos (Tentativa 3/5)...
    [Limite de Requisições]. Aguardando 15 segundos (Tentativa 4/5)...
    [Limite de Requisições]. Aguardando 15 segundos (Tentativa 5/5)...
    [Desistindo do ID 548] Excedeu tentativas.
 -> Fatiando parágrafo longo (ID: 554) via IA...
    [Limite de Requisições]. Aguardando 15 segundos (Tentativa 1/5)...
    [Limite de Requisições]. Aguardando 15 segundos (Tentativa 2/5)...
    [Limite de Requisições]. Aguardando 15 segundos (Tentativa 3/5)...
    [Limite de Requisições]. Aguardando 15 segundos (Tentativa 4/5)...
    [Limite de Requisições]. Aguardando 15 segundos (Tentativa 5/5)...
    [Desistindo do ID 554] Excedeu tentativas.
 -> Fatiando parágrafo longo (ID: 560) via IA...
    [Limite de Requisições]. Aguardando 15 segundos (Tentativa 1/5)...
    [Limite de Requisições]. Aguardando 15 segundos (Tentativa 2/5)...
    [Limite de Requisições]. Aguardando 15 segundos (Tentativa 3/5)...
    [Limite de Requisições]. Aguardando 15 segundos (Tentativa 4/5)...
    [Limite de Requisições]. Aguardando 15 segundos (Tentativa 5/5)...
    [Desistindo do ID 560] Excedeu tentativas.
 -> Fatiando parágrafo longo (ID: 566) via IA...
    [Limite de Requisições]. Aguardando 15 segundos (Tentativa 1/5)...
    [Limite de Requisições]. Aguardando 15 segundos (Tentativa 2/5)...
    [Limite de Requisições]. Aguardando 15 segundos (Tentativa 3/5)...
    [Limite de Requisições]. Aguardando 15 segundos (Tentativa 4/5)...
    [Limite de Requisições]. Aguardando 15 segundos (Tentativa 5/5)...
    [Desistindo do ID 566] Excedeu tentativas.
 -> Fatiando parágrafo longo (ID: 572) via IA...
    [Limite de Requisições]. Aguardando 15 segundos (Tentativa 1/5)...
    [Limite de Requisições]. Aguardando 15 segundos (Tentativa 2/5)...
    [Limite de Requisições]. Aguardando 15 segundos (Tentativa 3/5)...
    [Limite de Requisições]. Aguardando 15 segundos (Tentativa 4/5)...
    [Limite de Requisições]. Aguardando 15 segundos (Tentativa 5/5)...
    [Desistindo do ID 572] Excedeu tentativas.
 -> Fatiando parágrafo longo (ID: 575) via IA...
    [Limite de Requisições]. Aguardando 15 segundos (Tentativa 1/5)...
    [Limite de Requisições]. Aguardando 15 segundos (Tentativa 2/5)...
    [Limite de Requisições]. Aguardando 15 segundos (Tentativa 3/5)...
    [Limite de Requisições]. Aguardando 15 segundos (Tentativa 4/5)...
    [Limite de Requisições]. Aguardando 15 segundos (Tentativa 5/5)...
    [Desistindo do ID 575] Excedeu tentativas.
 -> Fatiando parágrafo longo (ID: 580) via IA...
    [Limite de Requisições]. Aguardando 15 segundos (Tentativa 1/5)...
    [Limite de Requisições]. Aguardando 15 segundos (Tentativa 2/5)...
    [Limite de Requisições]. Aguardando 15 segundos (Tentativa 3/5)...
    [Limite de Requisições]. Aguardando 15 segundos (Tentativa 4/5)...
    [Limite de Requisições]. Aguardando 15 segundos (Tentativa 5/5)...
    [Desistindo do ID 580] Excedeu tentativas.
 -> Fatiando parágrafo longo (ID: 586) via IA...
    [Limite de Requisições]. Aguardando 15 segundos (Tentativa 1/5)...
    [Limite de Requisições]. Aguardando 15 segundos (Tentativa 2/5)...
    [Limite de Requisições]. Aguardando 15 segundos (Tentativa 3/5)...
    [Limite de Requisições]. Aguardando 15 segundos (Tentativa 4/5)...
    [Limite de Requisições]. Aguardando 15 segundos (Tentativa 5/5)...
    [Desistindo do ID 586] Excedeu tentativas.
 -> Fatiando parágrafo longo (ID: 588) via IA...
    [Limite de Requisições]. Aguardando 15 segundos (Tentativa 1/5)...
    [Limite de Requisições]. Aguardando 15 segundos (Tentativa 2/5)...
    [Limite de Requisições]. Aguardando 15 segundos (Tentativa 3/5)...
    [Limite de Requisições]. Aguardando 15 segundos (Tentativa 4/5)...
    [Limite de Requisições]. Aguardando 15 segundos (Tentativa 5/5)...
    [Desistindo do ID 588] Excedeu tentativas.
 -> Fatiando parágrafo longo (ID: 594) via IA...
    [Limite de Requisições]. Aguardando 15 segundos (Tentativa 1/5)...
    [Limite de Requisições]. Aguardando 15 segundos (Tentativa 2/5)...
    [Limite de Requisições]. Aguardando 15 segundos (Tentativa 3/5)...
    [Limite de Requisições]. Aguardando 15 segundos (Tentativa 4/5)...
    [Limite de Requisições]. Aguardando 15 segundos (Tentativa 5/5)...
    [Desistindo do ID 594] Excedeu tentativas.
 -> Fatiando parágrafo longo (ID: 602) via IA...
    [Limite de Requisições]. Aguardando 15 segundos (Tentativa 1/5)...
    [Limite de Requisições]. Aguardando 15 segundos (Tentativa 2/5)...
    [Limite de Requisições]. Aguardando 15 segundos (Tentativa 3/5)...
    [Limite de Requisições]. Aguardando 15 segundos (Tentativa 4/5)...
    [Limite de Requisições]. Aguardando 15 segundos (Tentativa 5/5)...
    [Desistindo do ID 602] Excedeu tentativas.
 -> Fatiando parágrafo longo (ID: 605) via IA...
    [Limite de Requisições]. Aguardando 15 segundos (Tentativa 1/5)...
    [Limite de Requisições]. Aguardando 15 segundos (Tentativa 2/5)...
    [Limite de Requisições]. Aguardando 15 segundos (Tentativa 3/5)...
    [Limite de Requisições]. Aguardando 15 segundos (Tentativa 4/5)...
    [Limite de Requisições]. Aguardando 15 segundos (Tentativa 5/5)...
    [Desistindo do ID 605] Excedeu tentativas.
 -> Fatiando parágrafo longo (ID: 614) via IA...
    [Limite de Requisições]. Aguardando 15 segundos (Tentativa 1/5)...
    [Limite de Requisições]. Aguardando 15 segundos (Tentativa 2/5)...
    [Limite de Requisições]. Aguardando 15 segundos (Tentativa 3/5)...
    [Limite de Requisições]. Aguardando 15 segundos (Tentativa 4/5)...
    [Limite de Requisições]. Aguardando 15 segundos (Tentativa 5/5)...
    [Desistindo do ID 614] Excedeu tentativas.
 -> Fatiando parágrafo longo (ID: 617) via IA...
    [Limite de Requisições]. Aguardando 15 segundos (Tentativa 1/5)...
    [Limite de Requisições]. Aguardando 15 segundos (Tentativa 2/5)...
    [Limite de Requisições]. Aguardando 15 segundos (Tentativa 3/5)...
    [Limite de Requisições]. Aguardando 15 segundos (Tentativa 4/5)...
    [Limite de Requisições]. Aguardando 15 segundos (Tentativa 5/5)...
    [Desistindo do ID 617] Excedeu tentativas.
 -> Fatiando parágrafo longo (ID: 621) via IA...
    [Limite de Requisições]. Aguardando 15 segundos (Tentativa 1/5)...
    [Limite de Requisições]. Aguardando 15 segundos (Tentativa 2/5)...
    [Limite de Requisições]. Aguardando 15 segundos (Tentativa 3/5)...
    [Limite de Requisições]. Aguardando 15 segundos (Tentativa 4/5)...
    [Limite de Requisições]. Aguardando 15 segundos (Tentativa 5/5)...
    [Desistindo do ID 621] Excedeu tentativas.
 -> Fatiando parágrafo longo (ID: 624) via IA...
    [Limite de Requisições]. Aguardando 15 segundos (Tentativa 1/5)...
    [Limite de Requisições]. Aguardando 15 segundos (Tentativa 2/5)...
    [Limite de Requisições]. Aguardando 15 segundos (Tentativa 3/5)...
    [Limite de Requisições]. Aguardando 15 segundos (Tentativa 4/5)...
    [Limite de Requisições]. Aguardando 15 segundos (Tentativa 5/5)...
    [Desistindo do ID 624] Excedeu tentativas.
 -> Fatiando parágrafo longo (ID: 626) via IA...
    [Limite de Requisições]. Aguardando 15 segundos (Tentativa 1/5)...
    [Limite de Requisições]. Aguardando 15 segundos (Tentativa 2/5)...
    [Limite de Requisições]. Aguardando 15 segundos (Tentativa 3/5)...
    [Limite de Requisições]. Aguardando 15 segundos (Tentativa 4/5)...
    [Limite de Requisições]. Aguardando 15 segundos (Tentativa 5/5)...
    [Desistindo do ID 626] Excedeu tentativas.
 -> Fatiando parágrafo longo (ID: 635) via IA...
    [Limite de Requisições]. Aguardando 15 segundos (Tentativa 1/5)...
    [Limite de Requisições]. Aguardando 15 segundos (Tentativa 2/5)...
    [Limite de Requisições]. Aguardando 15 segundos (Tentativa 3/5)...
    [Limite de Requisições]. Aguardando 15 segundos (Tentativa 4/5)...
    [Limite de Requisições]. Aguardando 15 segundos (Tentativa 5/5)...
    [Desistindo do ID 635] Excedeu tentativas.
 -> Fatiando parágrafo longo (ID: 639) via IA...
    [Limite de Requisições]. Aguardando 15 segundos (Tentativa 1/5)...
    [Limite de Requisições]. Aguardando 15 segundos (Tentativa 2/5)...
    [Limite de Requisições]. Aguardando 15 segundos (Tentativa 3/5)...
    [Limite de Requisições]. Aguardando 15 segundos (Tentativa 4/5)...
    [Limite de Requisições]. Aguardando 15 segundos (Tentativa 5/5)...
    [Desistindo do ID 639] Excedeu tentativas.
 -> Fatiando parágrafo longo (ID: 640) via IA...
    [Limite de Requisições]. Aguardando 15 segundos (Tentativa 1/5)...
    [Limite de Requisições]. Aguardando 15 segundos (Tentativa 2/5)...
    [Limite de Requisições]. Aguardando 15 segundos (Tentativa 3/5)...
    [Limite de Requisições]. Aguardando 15 segundos (Tentativa 4/5)...
    [Limite de Requisições]. Aguardando 15 segundos (Tentativa 5/5)...
    [Desistindo do ID 640] Excedeu tentativas.
 -> Fatiando parágrafo longo (ID: 641) via IA...
    [Limite de Requisições]. Aguardando 15 segundos (Tentativa 1/5)...
    [Limite de Requisições]. Aguardando 15 segundos (Tentativa 2/5)...
    [Limite de Requisições]. Aguardando 15 segundos (Tentativa 3/5)...
    [Limite de Requisições]. Aguardando 15 segundos (Tentativa 4/5)...
    [Limite de Requisições]. Aguardando 15 segundos (Tentativa 5/5)...
    [Desistindo do ID 641] Excedeu tentativas.
 -> Fatiando parágrafo longo (ID: 643) via IA...
    [Limite de Requisições]. Aguardando 15 segundos (Tentativa 1/5)...
    [Limite de Requisições]. Aguardando 15 segundos (Tentativa 2/5)...
    [Limite de Requisições]. Aguardando 15 segundos (Tentativa 3/5)...
    [Limite de Requisições]. Aguardando 15 segundos (Tentativa 4/5)...
    [Limite de Requisições]. Aguardando 15 segundos (Tentativa 5/5)...
    [Desistindo do ID 643] Excedeu tentativas.
 -> Fatiando parágrafo longo (ID: 649) via IA...
    [Limite de Requisições]. Aguardando 15 segundos (Tentativa 1/5)...
    [Limite de Requisições]. Aguardando 15 segundos (Tentativa 2/5)...
    [Limite de Requisições]. Aguardando 15 segundos (Tentativa 3/5)...
    [Limite de Requisições]. Aguardando 15 segundos (Tentativa 4/5)...
    [Limite de Requisições]. Aguardando 15 segundos (Tentativa 5/5)...
    [Desistindo do ID 649] Excedeu tentativas.
 -> Fatiando parágrafo longo (ID: 650) via IA...
    [Limite de Requisições]. Aguardando 15 segundos (Tentativa 1/5)...
    [Limite de Requisições]. Aguardando 15 segundos (Tentativa 2/5)...
    [Limite de Requisições]. Aguardando 15 segundos (Tentativa 3/5)...
    [Limite de Requisições]. Aguardando 15 segundos (Tentativa 4/5)...
    [Limite de Requisições]. Aguardando 15 segundos (Tentativa 5/5)...
    [Desistindo do ID 650] Excedeu tentativas.
 -> Fatiando parágrafo longo (ID: 651) via IA...
    [Limite de Requisições]. Aguardando 15 segundos (Tentativa 1/5)...
    [Limite de Requisições]. Aguardando 15 segundos (Tentativa 2/5)...
    [Limite de Requisições]. Aguardando 15 segundos (Tentativa 3/5)...
    [Limite de Requisições]. Aguardando 15 segundos (Tentativa 4/5)...
    [Limite de Requisições]. Aguardando 15 segundos (Tentativa 5/5)...
    [Desistindo do ID 651] Excedeu tentativas.
 -> Fatiando parágrafo longo (ID: 652) via IA...
    [Limite de Requisições]. Aguardando 15 segundos (Tentativa 1/5)...
    [Limite de Requisições]. Aguardando 15 segundos (Tentativa 2/5)...
    [Limite de Requisições]. Aguardando 15 segundos (Tentativa 3/5)...
    [Limite de Requisições]. Aguardando 15 segundos (Tentativa 4/5)...
    [Limite de Requisições]. Aguardando 15 segundos (Tentativa 5/5)...
    [Desistindo do ID 652] Excedeu tentativas.
 -> Fatiando parágrafo longo (ID: 656) via IA...
    [Limite de Requisições]. Aguardando 15 segundos (Tentativa 1/5)...
    [Limite de Requisições]. Aguardando 15 segundos (Tentativa 2/5)...
    [Limite de Requisições]. Aguardando 15 segundos (Tentativa 3/5)...
    [Limite de Requisições]. Aguardando 15 segundos (Tentativa 4/5)...
    [Limite de Requisições]. Aguardando 15 segundos (Tentativa 5/5)...
    [Desistindo do ID 656] Excedeu tentativas.
 -> Fatiando parágrafo longo (ID: 657) via IA...
    [Limite de Requisições]. Aguardando 15 segundos (Tentativa 1/5)...
    [Limite de Requisições]. Aguardando 15 segundos (Tentativa 2/5)...
    [Limite de Requisições]. Aguardando 15 segundos (Tentativa 3/5)...
    [Limite de Requisições]. Aguardando 15 segundos (Tentativa 4/5)...
    [Limite de Requisições]. Aguardando 15 segundos (Tentativa 5/5)...
    [Desistindo do ID 657] Excedeu tentativas.
 -> Fatiando parágrafo longo (ID: 658) via IA...
    [Limite de Requisições]. Aguardando 15 segundos (Tentativa 1/5)...
    [Limite de Requisições]. Aguardando 15 segundos (Tentativa 2/5)...
    [Limite de Requisições]. Aguardando 15 segundos (Tentativa 3/5)...
    [Limite de Requisições]. Aguardando 15 segundos (Tentativa 4/5)...
    [Limite de Requisições]. Aguardando 15 segundos (Tentativa 5/5)...
    [Desistindo do ID 658] Excedeu tentativas.
 -> Fatiando parágrafo longo (ID: 672) via IA...
    [Limite de Requisições]. Aguardando 15 segundos (Tentativa 1/5)...
    [Limite de Requisições]. Aguardando 15 segundos (Tentativa 2/5)...
    [Limite de Requisições]. Aguardando 15 segundos (Tentativa 3/5)...
    [Limite de Requisições]. Aguardando 15 segundos (Tentativa 4/5)...
    [Limite de Requisições]. Aguardando 15 segundos (Tentativa 5/5)...
    [Desistindo do ID 672] Excedeu tentativas.
 -> Fatiando parágrafo longo (ID: 696) via IA...
    [Limite de Requisições]. Aguardando 15 segundos (Tentativa 1/5)...
    [Limite de Requisições]. Aguardando 15 segundos (Tentativa 2/5)...
    [Limite de Requisições]. Aguardando 15 segundos (Tentativa 3/5)...
    [Limite de Requisições]. Aguardando 15 segundos (Tentativa 4/5)...
    [Limite de Requisições]. Aguardando 15 segundos (Tentativa 5/5)...
    [Desistindo do ID 696] Excedeu tentativas.
 -> Fatiando parágrafo longo (ID: 707) via IA...
    [Limite de Requisições]. Aguardando 15 segundos (Tentativa 1/5)...
    [Limite de Requisições]. Aguardando 15 segundos (Tentativa 2/5)...
    [Limite de Requisições]. Aguardando 15 segundos (Tentativa 3/5)...
    [Limite de Requisições]. Aguardando 15 segundos (Tentativa 4/5)...
    [Limite de Requisições]. Aguardando 15 segundos (Tentativa 5/5)...
    [Desistindo do ID 707] Excedeu tentativas.
 -> Fatiando parágrafo longo (ID: 708) via IA...
    [Limite de Requisições]. Aguardando 15 segundos (Tentativa 1/5)...
    [Limite de Requisições]. Aguardando 15 segundos (Tentativa 2/5)...
    [Limite de Requisições]. Aguardando 15 segundos (Tentativa 3/5)...
    [Limite de Requisições]. Aguardando 15 segundos (Tentativa 4/5)...
    [Limite de Requisições]. Aguardando 15 segundos (Tentativa 5/5)...
    [Desistindo do ID 708] Excedeu tentativas.
 -> Fatiando parágrafo longo (ID: 723) via IA...
    [Limite de Requisições]. Aguardando 15 segundos (Tentativa 1/5)...
    [Limite de Requisições]. Aguardando 15 segundos (Tentativa 2/5)...
    [Limite de Requisições]. Aguardando 15 segundos (Tentativa 3/5)...
    [Limite de Requisições]. Aguardando 15 segundos (Tentativa 4/5)...
    [Limite de Requisições]. Aguardando 15 segundos (Tentativa 5/5)...
    [Desistindo do ID 723] Excedeu tentativas.
 -> Fatiando parágrafo longo (ID: 730) via IA...
    [Limite de Requisições]. Aguardando 15 segundos (Tentativa 1/5)...
    [Limite de Requisições]. Aguardando 15 segundos (Tentativa 2/5)...
    [Limite de Requisições]. Aguardando 15 segundos (Tentativa 3/5)...
    [Limite de Requisições]. Aguardando 15 segundos (Tentativa 4/5)...
    [Limite de Requisições]. Aguardando 15 segundos (Tentativa 5/5)...
    [Desistindo do ID 730] Excedeu tentativas.
 -> Fatiando parágrafo longo (ID: 732) via IA...
    [Limite de Requisições]. Aguardando 15 segundos (Tentativa 1/5)...
    [Limite de Requisições]. Aguardando 15 segundos (Tentativa 2/5)...
    [Limite de Requisições]. Aguardando 15 segundos (Tentativa 3/5)...
    [Limite de Requisições]. Aguardando 15 segundos (Tentativa 4/5)...
    [Limite de Requisições]. Aguardando 15 segundos (Tentativa 5/5)...
    [Desistindo do ID 732] Excedeu tentativas.
 -> Fatiando parágrafo longo (ID: 733) via IA...
    [Limite de Requisições]. Aguardando 15 segundos (Tentativa 1/5)...
    [Limite de Requisições]. Aguardando 15 segundos (Tentativa 2/5)...
    [Limite de Requisições]. Aguardando 15 segundos (Tentativa 3/5)...
    [Limite de Requisições]. Aguardando 15 segundos (Tentativa 4/5)...
    [Limite de Requisições]. Aguardando 15 segundos (Tentativa 5/5)...
    [Desistindo do ID 733] Excedeu tentativas.
 -> Fatiando parágrafo longo (ID: 736) via IA...
    [Limite de Requisições]. Aguardando 15 segundos (Tentativa 1/5)...
    [Limite de Requisições]. Aguardando 15 segundos (Tentativa 2/5)...
    [Limite de Requisições]. Aguardando 15 segundos (Tentativa 3/5)...
    [Limite de Requisições]. Aguardando 15 segundos (Tentativa 4/5)...
    [Limite de Requisições]. Aguardando 15 segundos (Tentativa 5/5)...
    [Desistindo do ID 736] Excedeu tentativas.
 -> Fatiando parágrafo longo (ID: 737) via IA...
    [Limite de Requisições]. Aguardando 15 segundos (Tentativa 1/5)...
    [Limite de Requisições]. Aguardando 15 segundos (Tentativa 2/5)...
    [Limite de Requisições]. Aguardando 15 segundos (Tentativa 3/5)...
    [Limite de Requisições]. Aguardando 15 segundos (Tentativa 4/5)...
    [Limite de Requisições]. Aguardando 15 segundos (Tentativa 5/5)...
    [Desistindo do ID 737] Excedeu tentativas.
 -> Fatiando parágrafo longo (ID: 748) via IA...
    [Limite de Requisições]. Aguardando 15 segundos (Tentativa 1/5)...
    [Limite de Requisições]. Aguardando 15 segundos (Tentativa 2/5)...
    [Limite de Requisições]. Aguardando 15 segundos (Tentativa 3/5)...
    [Limite de Requisições]. Aguardando 15 segundos (Tentativa 4/5)...
    [Limite de Requisições]. Aguardando 15 segundos (Tentativa 5/5)...
    [Desistindo do ID 748] Excedeu tentativas.
 -> Fatiando parágrafo longo (ID: 750) via IA...
    [Limite de Requisições]. Aguardando 15 segundos (Tentativa 1/5)...
    [Limite de Requisições]. Aguardando 15 segundos (Tentativa 2/5)...
    [Limite de Requisições]. Aguardando 15 segundos (Tentativa 3/5)...
    [Limite de Requisições]. Aguardando 15 segundos (Tentativa 4/5)...
    [Limite de Requisições]. Aguardando 15 segundos (Tentativa 5/5)...
    [Desistindo do ID 750] Excedeu tentativas.
 -> Fatiando parágrafo longo (ID: 764) via IA...
    [Limite de Requisições]. Aguardando 15 segundos (Tentativa 1/5)...
    [Limite de Requisições]. Aguardando 15 segundos (Tentativa 2/5)...
    [Limite de Requisições]. Aguardando 15 segundos (Tentativa 3/5)...
    [Limite de Requisições]. Aguardando 15 segundos (Tentativa 4/5)...
    [Limite de Requisições]. Aguardando 15 segundos (Tentativa 5/5)...
    [Desistindo do ID 764] Excedeu tentativas.
 -> Fatiando parágrafo longo (ID: 765) via IA...
    [Limite de Requisições]. Aguardando 15 segundos (Tentativa 1/5)...
    [Limite de Requisições]. Aguardando 15 segundos (Tentativa 2/5)...
    [Limite de Requisições]. Aguardando 15 segundos (Tentativa 3/5)...
    [Limite de Requisições]. Aguardando 15 segundos (Tentativa 4/5)...
    [Limite de Requisições]. Aguardando 15 segundos (Tentativa 5/5)...
    [Desistindo do ID 765] Excedeu tentativas.
 -> Fatiando parágrafo longo (ID: 788) via IA...
    [Limite de Requisições]. Aguardando 15 segundos (Tentativa 1/5)...
    [Limite de Requisições]. Aguardando 15 segundos (Tentativa 2/5)...
    [Limite de Requisições]. Aguardando 15 segundos (Tentativa 3/5)...
    [Limite de Requisições]. Aguardando 15 segundos (Tentativa 4/5)...
    [Limite de Requisições]. Aguardando 15 segundos (Tentativa 5/5)...
    [Desistindo do ID 788] Excedeu tentativas.
 -> Fatiando parágrafo longo (ID: 789) via IA...
    [Limite de Requisições]. Aguardando 15 segundos (Tentativa 1/5)...
    [Limite de Requisições]. Aguardando 15 segundos (Tentativa 2/5)...
    [Limite de Requisições]. Aguardando 15 segundos (Tentativa 3/5)...
    [Limite de Requisições]. Aguardando 15 segundos (Tentativa 4/5)...
    [Limite de Requisições]. Aguardando 15 segundos (Tentativa 5/5)...
    [Desistindo do ID 789] Excedeu tentativas.
 -> Fatiando parágrafo longo (ID: 790) via IA...
    [Limite de Requisições]. Aguardando 15 segundos (Tentativa 1/5)...
    [Limite de Requisições]. Aguardando 15 segundos (Tentativa 2/5)...
    [Limite de Requisições]. Aguardando 15 segundos (Tentativa 3/5)...
    [Limite de Requisições]. Aguardando 15 segundos (Tentativa 4/5)...
    [Limite de Requisições]. Aguardando 15 segundos (Tentativa 5/5)...
    [Desistindo do ID 790] Excedeu tentativas.
 -> Fatiando parágrafo longo (ID: 791) via IA...
    [Limite de Requisições]. Aguardando 15 segundos (Tentativa 1/5)...
    [Limite de Requisições]. Aguardando 15 segundos (Tentativa 2/5)...
    [Limite de Requisições]. Aguardando 15 segundos (Tentativa 3/5)...
    [Limite de Requisições]. Aguardando 15 segundos (Tentativa 4/5)...
    [Limite de Requisições]. Aguardando 15 segundos (Tentativa 5/5)...
    [Desistindo do ID 791] Excedeu tentativas.
 -> Fatiando parágrafo longo (ID: 792) via IA...
    [Limite de Requisições]. Aguardando 15 segundos (Tentativa 1/5)...
    [Limite de Requisições]. Aguardando 15 segundos (Tentativa 2/5)...
    [Limite de Requisições]. Aguardando 15 segundos (Tentativa 3/5)...
    [Limite de Requisições]. Aguardando 15 segundos (Tentativa 4/5)...
    [Limite de Requisições]. Aguardando 15 segundos (Tentativa 5/5)...
    [Desistindo do ID 792] Excedeu tentativas.
 -> Fatiando parágrafo longo (ID: 793) via IA...
    [Limite de Requisições]. Aguardando 15 segundos (Tentativa 1/5)...
    [Limite de Requisições]. Aguardando 15 segundos (Tentativa 2/5)...
    [Limite de Requisições]. Aguardando 15 segundos (Tentativa 3/5)...
    [Limite de Requisições]. Aguardando 15 segundos (Tentativa 4/5)...
    [Limite de Requisições]. Aguardando 15 segundos (Tentativa 5/5)...
    [Desistindo do ID 793] Excedeu tentativas.
 -> Fatiando parágrafo longo (ID: 794) via IA...
    [Limite de Requisições]. Aguardando 15 segundos (Tentativa 1/5)...
    [Limite de Requisições]. Aguardando 15 segundos (Tentativa 2/5)...
    [Limite de Requisições]. Aguardando 15 segundos (Tentativa 3/5)...
    [Limite de Requisições]. Aguardando 15 segundos (Tentativa 4/5)...
    [Limite de Requisições]. Aguardando 15 segundos (Tentativa 5/5)...
    [Desistindo do ID 794] Excedeu tentativas.
 -> Fatiando parágrafo longo (ID: 795) via IA...
    [Limite de Requisições]. Aguardando 15 segundos (Tentativa 1/5)...
    [Limite de Requisições]. Aguardando 15 segundos (Tentativa 2/5)...
    [Limite de Requisições]. Aguardando 15 segundos (Tentativa 3/5)...
    [Limite de Requisições]. Aguardando 15 segundos (Tentativa 4/5)...
    [Limite de Requisições]. Aguardando 15 segundos (Tentativa 5/5)...
    [Desistindo do ID 795] Excedeu tentativas.
 -> Fatiando parágrafo longo (ID: 796) via IA...
    [Limite de Requisições]. Aguardando 15 segundos (Tentativa 1/5)...
    [Limite de Requisições]. Aguardando 15 segundos (Tentativa 2/5)...
    [Limite de Requisições]. Aguardando 15 segundos (Tentativa 3/5)...
    [Limite de Requisições]. Aguardando 15 segundos (Tentativa 4/5)...
    [Limite de Requisições]. Aguardando 15 segundos (Tentativa 5/5)...
    [Desistindo do ID 796] Excedeu tentativas.
 -> Fatiando parágrafo longo (ID: 797) via IA...
    [Limite de Requisições]. Aguardando 15 segundos (Tentativa 1/5)...
    [Limite de Requisições]. Aguardando 15 segundos (Tentativa 2/5)...
    [Limite de Requisições]. Aguardando 15 segundos (Tentativa 3/5)...
    [Limite de Requisições]. Aguardando 15 segundos (Tentativa 4/5)...
    [Limite de Requisições]. Aguardando 15 segundos (Tentativa 5/5)...
    [Desistindo do ID 797] Excedeu tentativas.
 -> Fatiando parágrafo longo (ID: 798) via IA...
    [Limite de Requisições]. Aguardando 15 segundos (Tentativa 1/5)...
    [Limite de Requisições]. Aguardando 15 segundos (Tentativa 2/5)...
    [Limite de Requisições]. Aguardando 15 segundos (Tentativa 3/5)...
    [Limite de Requisições]. Aguardando 15 segundos (Tentativa 4/5)...
    [Limite de Requisições]. Aguardando 15 segundos (Tentativa 5/5)...
    [Desistindo do ID 798] Excedeu tentativas.
 -> Fatiando parágrafo longo (ID: 799) via IA...
    [Limite de Requisições]. Aguardando 15 segundos (Tentativa 1/5)...
    [Limite de Requisições]. Aguardando 15 segundos (Tentativa 2/5)...
    [Limite de Requisições]. Aguardando 15 segundos (Tentativa 3/5)...
    [Limite de Requisições]. Aguardando 15 segundos (Tentativa 4/5)...
    [Limite de Requisições]. Aguardando 15 segundos (Tentativa 5/5)...
    [Desistindo do ID 799] Excedeu tentativas.
 -> Fatiando parágrafo longo (ID: 800) via IA...
    [Limite de Requisições]. Aguardando 15 segundos (Tentativa 1/5)...
    [Limite de Requisições]. Aguardando 15 segundos (Tentativa 2/5)...
    [Limite de Requisições]. Aguardando 15 segundos (Tentativa 3/5)...
    [Limite de Requisições]. Aguardando 15 segundos (Tentativa 4/5)...
    [Limite de Requisições]. Aguardando 15 segundos (Tentativa 5/5)...
    [Desistindo do ID 800] Excedeu tentativas.
 -> Fatiando parágrafo longo (ID: 801) via IA...
    [Limite de Requisições]. Aguardando 15 segundos (Tentativa 1/5)...
    [Limite de Requisições]. Aguardando 15 segundos (Tentativa 2/5)...
    [Limite de Requisições]. Aguardando 15 segundos (Tentativa 3/5)...
    [Limite de Requisições]. Aguardando 15 segundos (Tentativa 4/5)...
    [Limite de Requisições]. Aguardando 15 segundos (Tentativa 5/5)...
    [Desistindo do ID 801] Excedeu tentativas.
 -> Fatiando parágrafo longo (ID: 802) via IA...
    [Limite de Requisições]. Aguardando 15 segundos (Tentativa 1/5)...
    [Limite de Requisições]. Aguardando 15 segundos (Tentativa 2/5)...
    [Limite de Requisições]. Aguardando 15 segundos (Tentativa 3/5)...
    [Limite de Requisições]. Aguardando 15 segundos (Tentativa 4/5)...
    [Limite de Requisições]. Aguardando 15 segundos (Tentativa 5/5)...
    [Desistindo do ID 802] Excedeu tentativas.
 -> Fatiando parágrafo longo (ID: 803) via IA...
    [Limite de Requisições]. Aguardando 15 segundos (Tentativa 1/5)...
    [Limite de Requisições]. Aguardando 15 segundos (Tentativa 2/5)...
    [Limite de Requisições]. Aguardando 15 segundos (Tentativa 3/5)...
    [Limite de Requisições]. Aguardando 15 segundos (Tentativa 4/5)...
    [Limite de Requisições]. Aguardando 15 segundos (Tentativa 5/5)...
    [Desistindo do ID 803] Excedeu tentativas.
 -> Fatiando parágrafo longo (ID: 804) via IA...
    [Limite de Requisições]. Aguardando 15 segundos (Tentativa 1/5)...
    [Limite de Requisições]. Aguardando 15 segundos (Tentativa 2/5)...
    [Limite de Requisições]. Aguardando 15 segundos (Tentativa 3/5)...
    [Limite de Requisições]. Aguardando 15 segundos (Tentativa 4/5)...
    [Limite de Requisições]. Aguardando 15 segundos (Tentativa 5/5)...
    [Desistindo do ID 804] Excedeu tentativas.
 -> Fatiando parágrafo longo (ID: 805) via IA...
    [Limite de Requisições]. Aguardando 15 segundos (Tentativa 1/5)...
    [Limite de Requisições]. Aguardando 15 segundos (Tentativa 2/5)...
    [Limite de Requisições]. Aguardando 15 segundos (Tentativa 3/5)...
    [Limite de Requisições]. Aguardando 15 segundos (Tentativa 4/5)...
    [Limite de Requisições]. Aguardando 15 segundos (Tentativa 5/5)...
    [Desistindo do ID 805] Excedeu tentativas.
 -> Fatiando parágrafo longo (ID: 806) via IA...
    [Limite de Requisições]. Aguardando 15 segundos (Tentativa 1/5)...
    [Limite de Requisições]. Aguardando 15 segundos (Tentativa 2/5)...
    [Limite de Requisições]. Aguardando 15 segundos (Tentativa 3/5)...
    [Limite de Requisições]. Aguardando 15 segundos (Tentativa 4/5)...
    [Limite de Requisições]. Aguardando 15 segundos (Tentativa 5/5)...
    [Desistindo do ID 806] Excedeu tentativas.
 -> Fatiando parágrafo longo (ID: 807) via IA...
    [Limite de Requisições]. Aguardando 15 segundos (Tentativa 1/5)...
    [Limite de Requisições]. Aguardando 15 segundos (Tentativa 2/5)...
    [Limite de Requisições]. Aguardando 15 segundos (Tentativa 3/5)...
    [Limite de Requisições]. Aguardando 15 segundos (Tentativa 4/5)...
    [Limite de Requisições]. Aguardando 15 segundos (Tentativa 5/5)...
    [Desistindo do ID 807] Excedeu tentativas.
 -> Fatiando parágrafo longo (ID: 808) via IA...
    [Limite de Requisições]. Aguardando 15 segundos (Tentativa 1/5)...
    [Limite de Requisições]. Aguardando 15 segundos (Tentativa 2/5)...
    [Limite de Requisições]. Aguardando 15 segundos (Tentativa 3/5)...
    [Limite de Requisições]. Aguardando 15 segundos (Tentativa 4/5)...
    [Limite de Requisições]. Aguardando 15 segundos (Tentativa 5/5)...
    [Desistindo do ID 808] Excedeu tentativas.
 -> Fatiando parágrafo longo (ID: 809) via IA...
    [Limite de Requisições]. Aguardando 15 segundos (Tentativa 1/5)...
    [Limite de Requisições]. Aguardando 15 segundos (Tentativa 2/5)...
    [Limite de Requisições]. Aguardando 15 segundos (Tentativa 3/5)...
    [Limite de Requisições]. Aguardando 15 segundos (Tentativa 4/5)...
    [Limite de Requisições]. Aguardando 15 segundos (Tentativa 5/5)...
    [Desistindo do ID 809] Excedeu tentativas.
 -> Fatiando parágrafo longo (ID: 810) via IA...
    [Limite de Requisições]. Aguardando 15 segundos (Tentativa 1/5)...
    [Limite de Requisições]. Aguardando 15 segundos (Tentativa 2/5)...
    [Limite de Requisições]. Aguardando 15 segundos (Tentativa 3/5)...
    [Limite de Requisições]. Aguardando 15 segundos (Tentativa 4/5)...
    [Limite de Requisições]. Aguardando 15 segundos (Tentativa 5/5)...
    [Desistindo do ID 810] Excedeu tentativas.
 -> Fatiando parágrafo longo (ID: 812) via IA...
    [Limite de Requisições]. Aguardando 15 segundos (Tentativa 1/5)...
    [Limite de Requisições]. Aguardando 15 segundos (Tentativa 2/5)...
    [Limite de Requisições]. Aguardando 15 segundos (Tentativa 3/5)...
    [Limite de Requisições]. Aguardando 15 segundos (Tentativa 4/5)...
    [Limite de Requisições]. Aguardando 15 segundos (Tentativa 5/5)...
    [Desistindo do ID 812] Excedeu tentativas.
 -> Fatiando parágrafo longo (ID: 813) via IA...
    [Limite de Requisições]. Aguardando 15 segundos (Tentativa 1/5)...
    [Limite de Requisições]. Aguardando 15 segundos (Tentativa 2/5)...
    [Limite de Requisições]. Aguardando 15 segundos (Tentativa 3/5)...
    [Limite de Requisições]. Aguardando 15 segundos (Tentativa 4/5)...
    [Limite de Requisições]. Aguardando 15 segundos (Tentativa 5/5)...
    [Desistindo do ID 813] Excedeu tentativas.
 -> Fatiando parágrafo longo (ID: 814) via IA...
    [Limite de Requisições]. Aguardando 15 segundos (Tentativa 1/5)...
    [Limite de Requisições]. Aguardando 15 segundos (Tentativa 2/5)...
    [Limite de Requisições]. Aguardando 15 segundos (Tentativa 3/5)...
    [Limite de Requisições]. Aguardando 15 segundos (Tentativa 4/5)...
    [Limite de Requisições]. Aguardando 15 segundos (Tentativa 5/5)...
    [Desistindo do ID 814] Excedeu tentativas.
 -> Fatiando parágrafo longo (ID: 815) via IA...
    [Limite de Requisições]. Aguardando 15 segundos (Tentativa 1/5)...
    [Limite de Requisições]. Aguardando 15 segundos (Tentativa 2/5)...
    [Limite de Requisições]. Aguardando 15 segundos (Tentativa 3/5)...
    [Limite de Requisições]. Aguardando 15 segundos (Tentativa 4/5)...
    [Limite de Requisições]. Aguardando 15 segundos (Tentativa 5/5)...
    [Desistindo do ID 815] Excedeu tentativas.
 -> Fatiando parágrafo longo (ID: 816) via IA...
    [Limite de Requisições]. Aguardando 15 segundos (Tentativa 1/5)...
    [Limite de Requisições]. Aguardando 15 segundos (Tentativa 2/5)...
    [Limite de Requisições]. Aguardando 15 segundos (Tentativa 3/5)...
    [Limite de Requisições]. Aguardando 15 segundos (Tentativa 4/5)...
    [Limite de Requisições]. Aguardando 15 segundos (Tentativa 5/5)...
    [Desistindo do ID 816] Excedeu tentativas.
 -> Fatiando parágrafo longo (ID: 817) via IA...
    [Limite de Requisições]. Aguardando 15 segundos (Tentativa 1/5)...
    [Limite de Requisições]. Aguardando 15 segundos (Tentativa 2/5)...
    [Limite de Requisições]. Aguardando 15 segundos (Tentativa 3/5)...
    [Limite de Requisições]. Aguardando 15 segundos (Tentativa 4/5)...
    [Limite de Requisições]. Aguardando 15 segundos (Tentativa 5/5)...
    [Desistindo do ID 817] Excedeu tentativas.
 -> Fatiando parágrafo longo (ID: 818) via IA...
    [Limite de Requisições]. Aguardando 15 segundos (Tentativa 1/5)...
    [Limite de Requisições]. Aguardando 15 segundos (Tentativa 2/5)...
    [Limite de Requisições]. Aguardando 15 segundos (Tentativa 3/5)...
    [Limite de Requisições]. Aguardando 15 segundos (Tentativa 4/5)...
    [Limite de Requisições]. Aguardando 15 segundos (Tentativa 5/5)...
    [Desistindo do ID 818] Excedeu tentativas.
 -> Fatiando parágrafo longo (ID: 819) via IA...
    [Limite de Requisições]. Aguardando 15 segundos (Tentativa 1/5)...
    [Limite de Requisições]. Aguardando 15 segundos (Tentativa 2/5)...
    [Limite de Requisições]. Aguardando 15 segundos (Tentativa 3/5)...
    [Limite de Requisições]. Aguardando 15 segundos (Tentativa 4/5)...
    [Limite de Requisições]. Aguardando 15 segundos (Tentativa 5/5)...
    [Desistindo do ID 819] Excedeu tentativas.
 -> Fatiando parágrafo longo (ID: 820) via IA...
    [Limite de Requisições]. Aguardando 15 segundos (Tentativa 1/5)...
    [Limite de Requisições]. Aguardando 15 segundos (Tentativa 2/5)...
    [Limite de Requisições]. Aguardando 15 segundos (Tentativa 3/5)...
    [Limite de Requisições]. Aguardando 15 segundos (Tentativa 4/5)...
    [Limite de Requisições]. Aguardando 15 segundos (Tentativa 5/5)...
    [Desistindo do ID 820] Excedeu tentativas.
 -> Fatiando parágrafo longo (ID: 821) via IA...
    [Limite de Requisições]. Aguardando 15 segundos (Tentativa 1/5)...
    [Limite de Requisições]. Aguardando 15 segundos (Tentativa 2/5)...
    [Limite de Requisições]. Aguardando 15 segundos (Tentativa 3/5)...
    [Limite de Requisições]. Aguardando 15 segundos (Tentativa 4/5)...
    [Limite de Requisições]. Aguardando 15 segundos (Tentativa 5/5)...
    [Desistindo do ID 821] Excedeu tentativas.
 -> Fatiando parágrafo longo (ID: 822) via IA...
    [Limite de Requisições]. Aguardando 15 segundos (Tentativa 1/5)...
    [Limite de Requisições]. Aguardando 15 segundos (Tentativa 2/5)...
    [Limite de Requisições]. Aguardando 15 segundos (Tentativa 3/5)...
    [Limite de Requisições]. Aguardando 15 segundos (Tentativa 4/5)...
    [Limite de Requisições]. Aguardando 15 segundos (Tentativa 5/5)...
    [Desistindo do ID 822] Excedeu tentativas.
 -> Fatiando parágrafo longo (ID: 823) via IA...
    [Limite de Requisições]. Aguardando 15 segundos (Tentativa 1/5)...
    [Limite de Requisições]. Aguardando 15 segundos (Tentativa 2/5)...
    [Limite de Requisições]. Aguardando 15 segundos (Tentativa 3/5)...
    [Limite de Requisições]. Aguardando 15 segundos (Tentativa 4/5)...
    [Limite de Requisições]. Aguardando 15 segundos (Tentativa 5/5)...
    [Desistindo do ID 823] Excedeu tentativas.
 -> Fatiando parágrafo longo (ID: 824) via IA...
    [Limite de Requisições]. Aguardando 15 segundos (Tentativa 1/5)...
    [Limite de Requisições]. Aguardando 15 segundos (Tentativa 2/5)...
    [Limite de Requisições]. Aguardando 15 segundos (Tentativa 3/5)...
    [Limite de Requisições]. Aguardando 15 segundos (Tentativa 4/5)...
    [Limite de Requisições]. Aguardando 15 segundos (Tentativa 5/5)...
    [Desistindo do ID 824] Excedeu tentativas.
 -> Fatiando parágrafo longo (ID: 825) via IA...
    [Limite de Requisições]. Aguardando 15 segundos (Tentativa 1/5)...
    [Limite de Requisições]. Aguardando 15 segundos (Tentativa 2/5)...
    [Limite de Requisições]. Aguardando 15 segundos (Tentativa 3/5)...
    [Limite de Requisições]. Aguardando 15 segundos (Tentativa 4/5)...
    [Limite de Requisições]. Aguardando 15 segundos (Tentativa 5/5)...
    [Desistindo do ID 825] Excedeu tentativas.
 -> Fatiando parágrafo longo (ID: 826) via IA...
    [Limite de Requisições]. Aguardando 15 segundos (Tentativa 1/5)...
    [Limite de Requisições]. Aguardando 15 segundos (Tentativa 2/5)...
    [Limite de Requisições]. Aguardando 15 segundos (Tentativa 3/5)...
    [Limite de Requisições]. Aguardando 15 segundos (Tentativa 4/5)...
    [Limite de Requisições]. Aguardando 15 segundos (Tentativa 5/5)...
    [Desistindo do ID 826] Excedeu tentativas.
 -> Fatiando parágrafo longo (ID: 827) via IA...
    [Limite de Requisições]. Aguardando 15 segundos (Tentativa 1/5)...
    [Limite de Requisições]. Aguardando 15 segundos (Tentativa 2/5)...
    [Limite de Requisições]. Aguardando 15 segundos (Tentativa 3/5)...
    [Limite de Requisições]. Aguardando 15 segundos (Tentativa 4/5)...
    [Limite de Requisições]. Aguardando 15 segundos (Tentativa 5/5)...
    [Desistindo do ID 827] Excedeu tentativas.
 -> Fatiando parágrafo longo (ID: 828) via IA...
    [Limite de Requisições]. Aguardando 15 segundos (Tentativa 1/5)...
    [Limite de Requisições]. Aguardando 15 segundos (Tentativa 2/5)...
    [Limite de Requisições]. Aguardando 15 segundos (Tentativa 3/5)...
    [Limite de Requisições]. Aguardando 15 segundos (Tentativa 4/5)...
    [Limite de Requisições]. Aguardando 15 segundos (Tentativa 5/5)...
    [Desistindo do ID 828] Excedeu tentativas.
 -> Fatiando parágrafo longo (ID: 829) via IA...
    [Limite de Requisições]. Aguardando 15 segundos (Tentativa 1/5)...
    [Limite de Requisições]. Aguardando 15 segundos (Tentativa 2/5)...
    [Limite de Requisições]. Aguardando 15 segundos (Tentativa 3/5)...
    [Limite de Requisições]. Aguardando 15 segundos (Tentativa 4/5)...
    [Limite de Requisições]. Aguardando 15 segundos (Tentativa 5/5)...
    [Desistindo do ID 829] Excedeu tentativas.
 -> Fatiando parágrafo longo (ID: 830) via IA...
    [Limite de Requisições]. Aguardando 15 segundos (Tentativa 1/5)...
    [Limite de Requisições]. Aguardando 15 segundos (Tentativa 2/5)...
    [Limite de Requisições]. Aguardando 15 segundos (Tentativa 3/5)...
    [Limite de Requisições]. Aguardando 15 segundos (Tentativa 4/5)...
    [Limite de Requisições]. Aguardando 15 segundos (Tentativa 5/5)...
    [Desistindo do ID 830] Excedeu tentativas.
 -> Fatiando parágrafo longo (ID: 831) via IA...
    [Limite de Requisições]. Aguardando 15 segundos (Tentativa 1/5)...
    [Limite de Requisições]. Aguardando 15 segundos (Tentativa 2/5)...
    [Limite de Requisições]. Aguardando 15 segundos (Tentativa 3/5)...
    [Limite de Requisições]. Aguardando 15 segundos (Tentativa 4/5)...
    [Limite de Requisições]. Aguardando 15 segundos (Tentativa 5/5)...
    [Desistindo do ID 831] Excedeu tentativas.
 -> Fatiando parágrafo longo (ID: 832) via IA...
    [Limite de Requisições]. Aguardando 15 segundos (Tentativa 1/5)...
    [Limite de Requisições]. Aguardando 15 segundos (Tentativa 2/5)...
    [Limite de Requisições]. Aguardando 15 segundos (Tentativa 3/5)...
    [Limite de Requisições]. Aguardando 15 segundos (Tentativa 4/5)...
    [Limite de Requisições]. Aguardando 15 segundos (Tentativa 5/5)...
    [Desistindo do ID 832] Excedeu tentativas.
 -> Fatiando parágrafo longo (ID: 837) via IA...
    [Limite de Requisições]. Aguardando 15 segundos (Tentativa 1/5)...
    [Limite de Requisições]. Aguardando 15 segundos (Tentativa 2/5)...
    [Limite de Requisições]. Aguardando 15 segundos (Tentativa 3/5)...
    [Limite de Requisições]. Aguardando 15 segundos (Tentativa 4/5)...
    [Limite de Requisições]. Aguardando 15 segundos (Tentativa 5/5)...
    [Desistindo do ID 837] Excedeu tentativas.
 -> Fatiando parágrafo longo (ID: 838) via IA...
    [Limite de Requisições]. Aguardando 15 segundos (Tentativa 1/5)...
    [Limite de Requisições]. Aguardando 15 segundos (Tentativa 2/5)...
    [Limite de Requisições]. Aguardando 15 segundos (Tentativa 3/5)...
    [Limite de Requisições]. Aguardando 15 segundos (Tentativa 4/5)...
    [Limite de Requisições]. Aguardando 15 segundos (Tentativa 5/5)...
    [Desistindo do ID 838] Excedeu tentativas.
 -> Fatiando parágrafo longo (ID: 842) via IA...
    [Limite de Requisições]. Aguardando 15 segundos (Tentativa 1/5)...
    [Limite de Requisições]. Aguardando 15 segundos (Tentativa 2/5)...
    [Limite de Requisições]. Aguardando 15 segundos (Tentativa 3/5)...
    [Limite de Requisições]. Aguardando 15 segundos (Tentativa 4/5)...
    [Limite de Requisições]. Aguardando 15 segundos (Tentativa 5/5)...
    [Desistindo do ID 842] Excedeu tentativas.
 -> Fatiando parágrafo longo (ID: 843) via IA...
    [Limite de Requisições]. Aguardando 15 segundos (Tentativa 1/5)...
    [Limite de Requisições]. Aguardando 15 segundos (Tentativa 2/5)...
    [Limite de Requisições]. Aguardando 15 segundos (Tentativa 3/5)...
    [Limite de Requisições]. Aguardando 15 segundos (Tentativa 4/5)...
    [Limite de Requisições]. Aguardando 15 segundos (Tentativa 5/5)...
    [Desistindo do ID 843] Excedeu tentativas.
 -> Fatiando parágrafo longo (ID: 844) via IA...
    [Limite de Requisições]. Aguardando 15 segundos (Tentativa 1/5)...
    [Limite de Requisições]. Aguardando 15 segundos (Tentativa 2/5)...
    [Limite de Requisições]. Aguardando 15 segundos (Tentativa 3/5)...
    [Limite de Requisições]. Aguardando 15 segundos (Tentativa 4/5)...
    [Limite de Requisições]. Aguardando 15 segundos (Tentativa 5/5)...
    [Desistindo do ID 844] Excedeu tentativas.
 -> Fatiando parágrafo longo (ID: 845) via IA...
    [Limite de Requisições]. Aguardando 15 segundos (Tentativa 1/5)...
    [Limite de Requisições]. Aguardando 15 segundos (Tentativa 2/5)...
    [Limite de Requisições]. Aguardando 15 segundos (Tentativa 3/5)...
    [Limite de Requisições]. Aguardando 15 segundos (Tentativa 4/5)...
    [Limite de Requisições]. Aguardando 15 segundos (Tentativa 5/5)...
    [Desistindo do ID 845] Excedeu tentativas.
 -> Fatiando parágrafo longo (ID: 849) via IA...
    [Limite de Requisições]. Aguardando 15 segundos (Tentativa 1/5)...
    [Limite de Requisições]. Aguardando 15 segundos (Tentativa 2/5)...
    [Limite de Requisições]. Aguardando 15 segundos (Tentativa 3/5)...
    [Limite de Requisições]. Aguardando 15 segundos (Tentativa 4/5)...
    [Limite de Requisições]. Aguardando 15 segundos (Tentativa 5/5)...
    [Desistindo do ID 849] Excedeu tentativas.
 -> Fatiando parágrafo longo (ID: 850) via IA...
    [Limite de Requisições]. Aguardando 15 segundos (Tentativa 1/5)...
    [Limite de Requisições]. Aguardando 15 segundos (Tentativa 2/5)...
    [Limite de Requisições]. Aguardando 15 segundos (Tentativa 3/5)...
    [Limite de Requisições]. Aguardando 15 segundos (Tentativa 4/5)...
    [Limite de Requisições]. Aguardando 15 segundos (Tentativa 5/5)...
    [Desistindo do ID 850] Excedeu tentativas.
 -> Fatiando parágrafo longo (ID: 851) via IA...
    [Limite de Requisições]. Aguardando 15 segundos (Tentativa 1/5)...
    [Limite de Requisições]. Aguardando 15 segundos (Tentativa 2/5)...
    [Limite de Requisições]. Aguardando 15 segundos (Tentativa 3/5)...
    [Limite de Requisições]. Aguardando 15 segundos (Tentativa 4/5)...
    [Limite de Requisições]. Aguardando 15 segundos (Tentativa 5/5)...
    [Desistindo do ID 851] Excedeu tentativas.
 -> Fatiando parágrafo longo (ID: 852) via IA...
    [Limite de Requisições]. Aguardando 15 segundos (Tentativa 1/5)...
    [Limite de Requisições]. Aguardando 15 segundos (Tentativa 2/5)...
    [Limite de Requisições]. Aguardando 15 segundos (Tentativa 3/5)...
    [Limite de Requisições]. Aguardando 15 segundos (Tentativa 4/5)...
    [Limite de Requisições]. Aguardando 15 segundos (Tentativa 5/5)...
    [Desistindo do ID 852] Excedeu tentativas.
 -> Fatiando parágrafo longo (ID: 853) via IA...
    [Limite de Requisições]. Aguardando 15 segundos (Tentativa 1/5)...
    [Limite de Requisições]. Aguardando 15 segundos (Tentativa 2/5)...
    [Limite de Requisições]. Aguardando 15 segundos (Tentativa 3/5)...
    [Limite de Requisições]. Aguardando 15 segundos (Tentativa 4/5)...
    [Limite de Requisições]. Aguardando 15 segundos (Tentativa 5/5)...
    [Desistindo do ID 853] Excedeu tentativas.
 -> Fatiando parágrafo longo (ID: 854) via IA...
    [Limite de Requisições]. Aguardando 15 segundos (Tentativa 1/5)...
    [Limite de Requisições]. Aguardando 15 segundos (Tentativa 2/5)...
    [Limite de Requisições]. Aguardando 15 segundos (Tentativa 3/5)...
    [Limite de Requisições]. Aguardando 15 segundos (Tentativa 4/5)...
    [Limite de Requisições]. Aguardando 15 segundos (Tentativa 5/5)...
    [Desistindo do ID 854] Excedeu tentativas.
 -> Fatiando parágrafo longo (ID: 855) via IA...
    [Limite de Requisições]. Aguardando 15 segundos (Tentativa 1/5)...
    [Limite de Requisições]. Aguardando 15 segundos (Tentativa 2/5)...
    [Limite de Requisições]. Aguardando 15 segundos (Tentativa 3/5)...
    [Limite de Requisições]. Aguardando 15 segundos (Tentativa 4/5)...
    [Limite de Requisições]. Aguardando 15 segundos (Tentativa 5/5)...
    [Desistindo do ID 855] Excedeu tentativas.
 -> Fatiando parágrafo longo (ID: 857) via IA...
    [Limite de Requisições]. Aguardando 15 segundos (Tentativa 1/5)...
    [Limite de Requisições]. Aguardando 15 segundos (Tentativa 2/5)...
    [Limite de Requisições]. Aguardando 15 segundos (Tentativa 3/5)...
    [Limite de Requisições]. Aguardando 15 segundos (Tentativa 4/5)...
    [Limite de Requisições]. Aguardando 15 segundos (Tentativa 5/5)...
    [Desistindo do ID 857] Excedeu tentativas.
 -> Fatiando parágrafo longo (ID: 858) via IA...
    [Limite de Requisições]. Aguardando 15 segundos (Tentativa 1/5)...
    [Limite de Requisições]. Aguardando 15 segundos (Tentativa 2/5)...
    [Limite de Requisições]. Aguardando 15 segundos (Tentativa 3/5)...
    [Limite de Requisições]. Aguardando 15 segundos (Tentativa 4/5)...
    [Limite de Requisições]. Aguardando 15 segundos (Tentativa 5/5)...
    [Desistindo do ID 858] Excedeu tentativas.
 -> Fatiando parágrafo longo (ID: 859) via IA...
    [Limite de Requisições]. Aguardando 15 segundos (Tentativa 1/5)...
    [Limite de Requisições]. Aguardando 15 segundos (Tentativa 2/5)...
    [Limite de Requisições]. Aguardando 15 segundos (Tentativa 3/5)...
    [Limite de Requisições]. Aguardando 15 segundos (Tentativa 4/5)...
    [Limite de Requisições]. Aguardando 15 segundos (Tentativa 5/5)...
    [Desistindo do ID 859] Excedeu tentativas.
 -> Fatiando parágrafo longo (ID: 860) via IA...
    [Limite de Requisições]. Aguardando 15 segundos (Tentativa 1/5)...
    [Limite de Requisições]. Aguardando 15 segundos (Tentativa 2/5)...
    [Limite de Requisições]. Aguardando 15 segundos (Tentativa 3/5)...
    [Limite de Requisições]. Aguardando 15 segundos (Tentativa 4/5)...
    [Limite de Requisições]. Aguardando 15 segundos (Tentativa 5/5)...
    [Desistindo do ID 860] Excedeu tentativas.
 -> Fatiando parágrafo longo (ID: 861) via IA...
    [Limite de Requisições]. Aguardando 15 segundos (Tentativa 1/5)...
    [Limite de Requisições]. Aguardando 15 segundos (Tentativa 2/5)...
    [Limite de Requisições]. Aguardando 15 segundos (Tentativa 3/5)...
    [Limite de Requisições]. Aguardando 15 segundos (Tentativa 4/5)...
    [Limite de Requisições]. Aguardando 15 segundos (Tentativa 5/5)...
    [Desistindo do ID 861] Excedeu tentativas.
 -> Fatiando parágrafo longo (ID: 863) via IA...
    [Limite de Requisições]. Aguardando 15 segundos (Tentativa 1/5)...
    [Limite de Requisições]. Aguardando 15 segundos (Tentativa 2/5)...
    [Limite de Requisições]. Aguardando 15 segundos (Tentativa 3/5)...
    [Limite de Requisições]. Aguardando 15 segundos (Tentativa 4/5)...
    [Limite de Requisições]. Aguardando 15 segundos (Tentativa 5/5)...
    [Desistindo do ID 863] Excedeu tentativas.
 -> Fatiando parágrafo longo (ID: 864) via IA...
    [Limite de Requisições]. Aguardando 15 segundos (Tentativa 1/5)...
    [Limite de Requisições]. Aguardando 15 segundos (Tentativa 2/5)...
    [Limite de Requisições]. Aguardando 15 segundos (Tentativa 3/5)...
    [Limite de Requisições]. Aguardando 15 segundos (Tentativa 4/5)...
    [Limite de Requisições]. Aguardando 15 segundos (Tentativa 5/5)...
    [Desistindo do ID 864] Excedeu tentativas.
 -> Fatiando parágrafo longo (ID: 865) via IA...
    [Limite de Requisições]. Aguardando 15 segundos (Tentativa 1/5)...
    [Limite de Requisições]. Aguardando 15 segundos (Tentativa 2/5)...
    [Limite de Requisições]. Aguardando 15 segundos (Tentativa 3/5)...
    [Limite de Requisições]. Aguardando 15 segundos (Tentativa 4/5)...
    [Limite de Requisições]. Aguardando 15 segundos (Tentativa 5/5)...
    [Desistindo do ID 865] Excedeu tentativas.
 -> Fatiando parágrafo longo (ID: 866) via IA...
    [Limite de Requisições]. Aguardando 15 segundos (Tentativa 1/5)...
    [Limite de Requisições]. Aguardando 15 segundos (Tentativa 2/5)...
    [Limite de Requisições]. Aguardando 15 segundos (Tentativa 3/5)...
    [Limite de Requisições]. Aguardando 15 segundos (Tentativa 4/5)...
    [Limite de Requisições]. Aguardando 15 segundos (Tentativa 5/5)...
    [Desistindo do ID 866] Excedeu tentativas.
 -> Fatiando parágrafo longo (ID: 867) via IA...
    [Limite de Requisições]. Aguardando 15 segundos (Tentativa 1/5)...
    [Limite de Requisições]. Aguardando 15 segundos (Tentativa 2/5)...
    [Limite de Requisições]. Aguardando 15 segundos (Tentativa 3/5)...
    [Limite de Requisições]. Aguardando 15 segundos (Tentativa 4/5)...
    [Limite de Requisições]. Aguardando 15 segundos (Tentativa 5/5)...
    [Desistindo do ID 867] Excedeu tentativas.
 -> Fatiando parágrafo longo (ID: 868) via IA...
    [Limite de Requisições]. Aguardando 15 segundos (Tentativa 1/5)...
    [Limite de Requisições]. Aguardando 15 segundos (Tentativa 2/5)...
    [Limite de Requisições]. Aguardando 15 segundos (Tentativa 3/5)...
    [Limite de Requisições]. Aguardando 15 segundos (Tentativa 4/5)...
    [Limite de Requisições]. Aguardando 15 segundos (Tentativa 5/5)...
    [Desistindo do ID 868] Excedeu tentativas.
 -> Fatiando parágrafo longo (ID: 870) via IA...
    [Limite de Requisições]. Aguardando 15 segundos (Tentativa 1/5)...
    [Limite de Requisições]. Aguardando 15 segundos (Tentativa 2/5)...
    [Limite de Requisições]. Aguardando 15 segundos (Tentativa 3/5)...
    [Limite de Requisições]. Aguardando 15 segundos (Tentativa 4/5)...
    [Limite de Requisições]. Aguardando 15 segundos (Tentativa 5/5)...
    [Desistindo do ID 870] Excedeu tentativas.
 -> Fatiando parágrafo longo (ID: 871) via IA...
    [Limite de Requisições]. Aguardando 15 segundos (Tentativa 1/5)...
    [Limite de Requisições]. Aguardando 15 segundos (Tentativa 2/5)...
    [Limite de Requisições]. Aguardando 15 segundos (Tentativa 3/5)...
    [Limite de Requisições]. Aguardando 15 segundos (Tentativa 4/5)...
    [Limite de Requisições]. Aguardando 15 segundos (Tentativa 5/5)...
    [Desistindo do ID 871] Excedeu tentativas.
 -> Fatiando parágrafo longo (ID: 872) via IA...
    [Limite de Requisições]. Aguardando 15 segundos (Tentativa 1/5)...
    [Limite de Requisições]. Aguardando 15 segundos (Tentativa 2/5)...
    [Limite de Requisições]. Aguardando 15 segundos (Tentativa 3/5)...
    [Limite de Requisições]. Aguardando 15 segundos (Tentativa 4/5)...
    [Limite de Requisições]. Aguardando 15 segundos (Tentativa 5/5)...
    [Desistindo do ID 872] Excedeu tentativas.
 -> Fatiando parágrafo longo (ID: 873) via IA...
    [Limite de Requisições]. Aguardando 15 segundos (Tentativa 1/5)...
    [Limite de Requisições]. Aguardando 15 segundos (Tentativa 2/5)...
    [Limite de Requisições]. Aguardando 15 segundos (Tentativa 3/5)...
    [Limite de Requisições]. Aguardando 15 segundos (Tentativa 4/5)...
    [Limite de Requisições]. Aguardando 15 segundos (Tentativa 5/5)...
    [Desistindo do ID 873] Excedeu tentativas.
 -> Fatiando parágrafo longo (ID: 874) via IA...
    [Limite de Requisições]. Aguardando 15 segundos (Tentativa 1/5)...
    [Limite de Requisições]. Aguardando 15 segundos (Tentativa 2/5)...
    [Limite de Requisições]. Aguardando 15 segundos (Tentativa 3/5)...
    [Limite de Requisições]. Aguardando 15 segundos (Tentativa 4/5)...
    [Limite de Requisições]. Aguardando 15 segundos (Tentativa 5/5)...
    [Desistindo do ID 874] Excedeu tentativas.
 -> Fatiando parágrafo longo (ID: 875) via IA...
    [Limite de Requisições]. Aguardando 15 segundos (Tentativa 1/5)...
    [Limite de Requisições]. Aguardando 15 segundos (Tentativa 2/5)...
    [Limite de Requisições]. Aguardando 15 segundos (Tentativa 3/5)...
    [Limite de Requisições]. Aguardando 15 segundos (Tentativa 4/5)...
    [Limite de Requisições]. Aguardando 15 segundos (Tentativa 5/5)...
    [Desistindo do ID 875] Excedeu tentativas.
 -> Fatiando parágrafo longo (ID: 876) via IA...
    [Limite de Requisições]. Aguardando 15 segundos (Tentativa 1/5)...
    [Limite de Requisições]. Aguardando 15 segundos (Tentativa 2/5)...
    [Limite de Requisições]. Aguardando 15 segundos (Tentativa 3/5)...
    [Limite de Requisições]. Aguardando 15 segundos (Tentativa 4/5)...
    [Limite de Requisições]. Aguardando 15 segundos (Tentativa 5/5)...
    [Desistindo do ID 876] Excedeu tentativas.
 -> Fatiando parágrafo longo (ID: 877) via IA...
    [Limite de Requisições]. Aguardando 15 segundos (Tentativa 1/5)...
    [Limite de Requisições]. Aguardando 15 segundos (Tentativa 2/5)...
    [Limite de Requisições]. Aguardando 15 segundos (Tentativa 3/5)...
    [Limite de Requisições]. Aguardando 15 segundos (Tentativa 4/5)...
    [Limite de Requisições]. Aguardando 15 segundos (Tentativa 5/5)...
    [Desistindo do ID 877] Excedeu tentativas.
 -> Fatiando parágrafo longo (ID: 879) via IA...
    [Limite de Requisições]. Aguardando 15 segundos (Tentativa 1/5)...
    [Limite de Requisições]. Aguardando 15 segundos (Tentativa 2/5)...
    [Limite de Requisições]. Aguardando 15 segundos (Tentativa 3/5)...
    [Limite de Requisições]. Aguardando 15 segundos (Tentativa 4/5)...
    [Limite de Requisições]. Aguardando 15 segundos (Tentativa 5/5)...
    [Desistindo do ID 879] Excedeu tentativas.
 -> Fatiando parágrafo longo (ID: 880) via IA...
    [Limite de Requisições]. Aguardando 15 segundos (Tentativa 1/5)...
    [Limite de Requisições]. Aguardando 15 segundos (Tentativa 2/5)...
    [Limite de Requisições]. Aguardando 15 segundos (Tentativa 3/5)...
    [Limite de Requisições]. Aguardando 15 segundos (Tentativa 4/5)...
    [Limite de Requisições]. Aguardando 15 segundos (Tentativa 5/5)...
    [Desistindo do ID 880] Excedeu tentativas.
 -> Fatiando parágrafo longo (ID: 881) via IA...
    [Limite de Requisições]. Aguardando 15 segundos (Tentativa 1/5)...
    [Limite de Requisições]. Aguardando 15 segundos (Tentativa 2/5)...
    [Limite de Requisições]. Aguardando 15 segundos (Tentativa 3/5)...
    [Limite de Requisições]. Aguardando 15 segundos (Tentativa 4/5)...
    [Limite de Requisições]. Aguardando 15 segundos (Tentativa 5/5)...
    [Desistindo do ID 881] Excedeu tentativas.
 -> Fatiando parágrafo longo (ID: 883) via IA...
    [Erro Fatal no ID 883]: 503 UNAVAILABLE. {'error': {'code': 503, 'message': 'The service is currently unavailable.', 'status': 'UNAVAILABLE'}}
 -> Fatiando parágrafo longo (ID: 884) via IA...
    [Limite de Requisições]. Aguardando 15 segundos (Tentativa 1/5)...
    [Limite de Requisições]. Aguardando 15 segundos (Tentativa 2/5)...
    [Limite de Requisições]. Aguardando 15 segundos (Tentativa 3/5)...
    [Limite de Requisições]. Aguardando 15 segundos (Tentativa 4/5)...
    [Limite de Requisições]. Aguardando 15 segundos (Tentativa 5/5)...
    [Desistindo do ID 884] Excedeu tentativas.
 -> Fatiando parágrafo longo (ID: 885) via IA...
    [Limite de Requisições]. Aguardando 15 segundos (Tentativa 1/5)...
    [Limite de Requisições]. Aguardando 15 segundos (Tentativa 2/5)...
    [Limite de Requisições]. Aguardando 15 segundos (Tentativa 3/5)...
    [Limite de Requisições]. Aguardando 15 segundos (Tentativa 4/5)...
    [Limite de Requisições]. Aguardando 15 segundos (Tentativa 5/5)...
    [Desistindo do ID 885] Excedeu tentativas.
 -> Fatiando parágrafo longo (ID: 887) via IA...
    [Limite de Requisições]. Aguardando 15 segundos (Tentativa 1/5)...
    [Limite de Requisições]. Aguardando 15 segundos (Tentativa 2/5)...
    [Limite de Requisições]. Aguardando 15 segundos (Tentativa 3/5)...
    [Limite de Requisições]. Aguardando 15 segundos (Tentativa 4/5)...
    [Limite de Requisições]. Aguardando 15 segundos (Tentativa 5/5)...
    [Desistindo do ID 887] Excedeu tentativas.
 -> Fatiando parágrafo longo (ID: 889) via IA...
    [Limite de Requisições]. Aguardando 15 segundos (Tentativa 1/5)...
    [Limite de Requisições]. Aguardando 15 segundos (Tentativa 2/5)...
    [Limite de Requisições]. Aguardando 15 segundos (Tentativa 3/5)...
    [Limite de Requisições]. Aguardando 15 segundos (Tentativa 4/5)...
    [Limite de Requisições]. Aguardando 15 segundos (Tentativa 5/5)...
    [Desistindo do ID 889] Excedeu tentativas.
 -> Fatiando parágrafo longo (ID: 890) via IA...
    [Limite de Requisições]. Aguardando 15 segundos (Tentativa 1/5)...
    [Erro Fatal no ID 890]: 503 UNAVAILABLE. {'error': {'code': 503, 'message': 'This model is currently experiencing high demand. Spikes in demand are usually temporary. Please try again later.', 'status': 'UNAVAILABLE'}}
 -> Fatiando parágrafo longo (ID: 891) via IA...
    [Limite de Requisições]. Aguardando 15 segundos (Tentativa 1/5)...
    [Limite de Requisições]. Aguardando 15 segundos (Tentativa 2/5)...
    [Limite de Requisições]. Aguardando 15 segundos (Tentativa 3/5)...
    [Limite de Requisições]. Aguardando 15 segundos (Tentativa 4/5)...
    [Limite de Requisições]. Aguardando 15 segundos (Tentativa 5/5)...
    [Desistindo do ID 891] Excedeu tentativas.
 -> Fatiando parágrafo longo (ID: 899) via IA...
    [Limite de Requisições]. Aguardando 15 segundos (Tentativa 1/5)...
    [Limite de Requisições]. Aguardando 15 segundos (Tentativa 2/5)...
    [Limite de Requisições]. Aguardando 15 segundos (Tentativa 3/5)...
    [Limite de Requisições]. Aguardando 15 segundos (Tentativa 4/5)...
    [Limite de Requisições]. Aguardando 15 segundos (Tentativa 5/5)...
    [Desistindo do ID 899] Excedeu tentativas.
 -> Fatiando parágrafo longo (ID: 900) via IA...
    [Limite de Requisições]. Aguardando 15 segundos (Tentativa 1/5)...
    [Limite de Requisições]. Aguardando 15 segundos (Tentativa 2/5)...
    [Limite de Requisições]. Aguardando 15 segundos (Tentativa 3/5)...
    [Limite de Requisições]. Aguardando 15 segundos (Tentativa 4/5)...
    [Limite de Requisições]. Aguardando 15 segundos (Tentativa 5/5)...
    [Desistindo do ID 900] Excedeu tentativas.
 -> Fatiando parágrafo longo (ID: 901) via IA...
    [Limite de Requisições]. Aguardando 15 segundos (Tentativa 1/5)...
    [Erro Fatal no ID 901]: 503 UNAVAILABLE. {'error': {'code': 503, 'message': 'This model is currently experiencing high demand. Spikes in demand are usually temporary. Please try again later.', 'status': 'UNAVAILABLE'}}
 -> Fatiando parágrafo longo (ID: 902) via IA...
    [Limite de Requisições]. Aguardando 15 segundos (Tentativa 1/5)...
    [Limite de Requisições]. Aguardando 15 segundos (Tentativa 2/5)...
    [Limite de Requisições]. Aguardando 15 segundos (Tentativa 3/5)...
    [Limite de Requisições]. Aguardando 15 segundos (Tentativa 4/5)...
    [Limite de Requisições]. Aguardando 15 segundos (Tentativa 5/5)...
    [Desistindo do ID 902] Excedeu tentativas.
 -> Fatiando parágrafo longo (ID: 904) via IA...
    [Limite de Requisições]. Aguardando 15 segundos (Tentativa 1/5)...
    [Limite de Requisições]. Aguardando 15 segundos (Tentativa 2/5)...
    [Limite de Requisições]. Aguardando 15 segundos (Tentativa 3/5)...
    [Limite de Requisições]. Aguardando 15 segundos (Tentativa 4/5)...
    [Limite de Requisições]. Aguardando 15 segundos (Tentativa 5/5)...
    [Desistindo do ID 904] Excedeu tentativas.
 -> Fatiando parágrafo longo (ID: 905) via IA...
    [Limite de Requisições]. Aguardando 15 segundos (Tentativa 1/5)...
    [Limite de Requisições]. Aguardando 15 segundos (Tentativa 2/5)...
    [Limite de Requisições]. Aguardando 15 segundos (Tentativa 3/5)...
    [Limite de Requisições]. Aguardando 15 segundos (Tentativa 4/5)...
    [Limite de Requisições]. Aguardando 15 segundos (Tentativa 5/5)...
    [Desistindo do ID 905] Excedeu tentativas.
 -> Fatiando parágrafo longo (ID: 906) via IA...
    [Limite de Requisições]. Aguardando 15 segundos (Tentativa 1/5)...
    [Limite de Requisições]. Aguardando 15 segundos (Tentativa 2/5)...
    [Limite de Requisições]. Aguardando 15 segundos (Tentativa 3/5)...
    [Limite de Requisições]. Aguardando 15 segundos (Tentativa 4/5)...
    [Limite de Requisições]. Aguardando 15 segundos (Tentativa 5/5)...
    [Desistindo do ID 906] Excedeu tentativas.
 -> Fatiando parágrafo longo (ID: 908) via IA...
    [Limite de Requisições]. Aguardando 15 segundos (Tentativa 1/5)...
    [Limite de Requisições]. Aguardando 15 segundos (Tentativa 2/5)...
 -> Fatiando parágrafo longo (ID: 909) via IA...
    [Limite de Requisições]. Aguardando 15 segundos (Tentativa 1/5)...
    [Limite de Requisições]. Aguardando 15 segundos (Tentativa 2/5)...
    [Limite de Requisições]. Aguardando 15 segundos (Tentativa 3/5)...
    [Limite de Requisições]. Aguardando 15 segundos (Tentativa 4/5)...
    [Limite de Requisições]. Aguardando 15 segundos (Tentativa 5/5)...
    [Desistindo do ID 909] Excedeu tentativas.
 -> Fatiando parágrafo longo (ID: 910) via IA...
    [Limite de Requisições]. Aguardando 15 segundos (Tentativa 1/5)...
    [Limite de Requisições]. Aguardando 15 segundos (Tentativa 2/5)...
    [Limite de Requisições]. Aguardando 15 segundos (Tentativa 3/5)...
    [Limite de Requisições]. Aguardando 15 segundos (Tentativa 4/5)...
    [Limite de Requisições]. Aguardando 15 segundos (Tentativa 5/5)...
    [Desistindo do ID 910] Excedeu tentativas.
 -> Fatiando parágrafo longo (ID: 911) via IA...
    [Limite de Requisições]. Aguardando 15 segundos (Tentativa 1/5)...
    [Limite de Requisições]. Aguardando 15 segundos (Tentativa 2/5)...
    [Limite de Requisições]. Aguardando 15 segundos (Tentativa 3/5)...
    [Limite de Requisições]. Aguardando 15 segundos (Tentativa 4/5)...
    [Limite de Requisições]. Aguardando 15 segundos (Tentativa 5/5)...
    [Desistindo do ID 911] Excedeu tentativas.
 -> Fatiando parágrafo longo (ID: 913) via IA...
    [Limite de Requisições]. Aguardando 15 segundos (Tentativa 1/5)...
    [Limite de Requisições]. Aguardando 15 segundos (Tentativa 2/5)...
    [Limite de Requisições]. Aguardando 15 segundos (Tentativa 3/5)...
    [Limite de Requisições]. Aguardando 15 segundos (Tentativa 4/5)...
    [Limite de Requisições]. Aguardando 15 segundos (Tentativa 5/5)...
    [Desistindo do ID 913] Excedeu tentativas.
 -> Fatiando parágrafo longo (ID: 914) via IA...
    [Limite de Requisições]. Aguardando 15 segundos (Tentativa 1/5)...
    [Limite de Requisições]. Aguardando 15 segundos (Tentativa 2/5)...
    [Limite de Requisições]. Aguardando 15 segundos (Tentativa 3/5)...
    [Limite de Requisições]. Aguardando 15 segundos (Tentativa 4/5)...
    [Limite de Requisições]. Aguardando 15 segundos (Tentativa 5/5)...
    [Desistindo do ID 914] Excedeu tentativas.
 -> Fatiando parágrafo longo (ID: 915) via IA...
    [Limite de Requisições]. Aguardando 15 segundos (Tentativa 1/5)...
    [Limite de Requisições]. Aguardando 15 segundos (Tentativa 2/5)...
    [Limite de Requisições]. Aguardando 15 segundos (Tentativa 3/5)...
    [Limite de Requisições]. Aguardando 15 segundos (Tentativa 4/5)...
    [Limite de Requisições]. Aguardando 15 segundos (Tentativa 5/5)...
    [Desistindo do ID 915] Excedeu tentativas.
 -> Fatiando parágrafo longo (ID: 916) via IA...
    [Limite de Requisições]. Aguardando 15 segundos (Tentativa 1/5)...
    [Limite de Requisições]. Aguardando 15 segundos (Tentativa 2/5)...
    [Limite de Requisições]. Aguardando 15 segundos (Tentativa 3/5)...
    [Limite de Requisições]. Aguardando 15 segundos (Tentativa 4/5)...
    [Limite de Requisições]. Aguardando 15 segundos (Tentativa 5/5)...
    [Desistindo do ID 916] Excedeu tentativas.
 -> Fatiando parágrafo longo (ID: 917) via IA...
    [Limite de Requisições]. Aguardando 15 segundos (Tentativa 1/5)...
    [Limite de Requisições]. Aguardando 15 segundos (Tentativa 2/5)...
    [Limite de Requisições]. Aguardando 15 segundos (Tentativa 3/5)...
    [Limite de Requisições]. Aguardando 15 segundos (Tentativa 4/5)...
    [Limite de Requisições]. Aguardando 15 segundos (Tentativa 5/5)...
    [Desistindo do ID 917] Excedeu tentativas.
 -> Fatiando parágrafo longo (ID: 918) via IA...
    [Erro Fatal no ID 918]: 503 UNAVAILABLE. {'error': {'code': 503, 'message': 'The service is currently unavailable.', 'status': 'UNAVAILABLE'}}
 -> Fatiando parágrafo longo (ID: 920) via IA...
    [Limite de Requisições]. Aguardando 15 segundos (Tentativa 1/5)...
    [Limite de Requisições]. Aguardando 15 segundos (Tentativa 2/5)...
    [Limite de Requisições]. Aguardando 15 segundos (Tentativa 3/5)...
    [Limite de Requisições]. Aguardando 15 segundos (Tentativa 4/5)...
    [Limite de Requisições]. Aguardando 15 segundos (Tentativa 5/5)...
    [Desistindo do ID 920] Excedeu tentativas.
 -> Fatiando parágrafo longo (ID: 923) via IA...
    [Limite de Requisições]. Aguardando 15 segundos (Tentativa 1/5)...
    [Limite de Requisições]. Aguardando 15 segundos (Tentativa 2/5)...
    [Limite de Requisições]. Aguardando 15 segundos (Tentativa 3/5)...
    [Limite de Requisições]. Aguardando 15 segundos (Tentativa 4/5)...
    [Limite de Requisições]. Aguardando 15 segundos (Tentativa 5/5)...
    [Desistindo do ID 923] Excedeu tentativas.
 -> Fatiando parágrafo longo (ID: 924) via IA...
    [Limite de Requisições]. Aguardando 15 segundos (Tentativa 1/5)...
    [Limite de Requisições]. Aguardando 15 segundos (Tentativa 2/5)...
    [Limite de Requisições]. Aguardando 15 segundos (Tentativa 3/5)...
    [Limite de Requisições]. Aguardando 15 segundos (Tentativa 4/5)...
    [Limite de Requisições]. Aguardando 15 segundos (Tentativa 5/5)...
    [Desistindo do ID 924] Excedeu tentativas.
 -> Fatiando parágrafo longo (ID: 925) via IA...
    [Limite de Requisições]. Aguardando 15 segundos (Tentativa 1/5)...
    [Limite de Requisições]. Aguardando 15 segundos (Tentativa 2/5)...
    [Limite de Requisições]. Aguardando 15 segundos (Tentativa 3/5)...
    [Limite de Requisições]. Aguardando 15 segundos (Tentativa 4/5)...
    [Limite de Requisições]. Aguardando 15 segundos (Tentativa 5/5)...
    [Desistindo do ID 925] Excedeu tentativas.
 -> Fatiando parágrafo longo (ID: 926) via IA...
    [Limite de Requisições]. Aguardando 15 segundos (Tentativa 1/5)...
    [Limite de Requisições]. Aguardando 15 segundos (Tentativa 2/5)...
    [Limite de Requisições]. Aguardando 15 segundos (Tentativa 3/5)...
    [Limite de Requisições]. Aguardando 15 segundos (Tentativa 4/5)...
    [Limite de Requisições]. Aguardando 15 segundos (Tentativa 5/5)...
    [Desistindo do ID 926] Excedeu tentativas.
 -> Fatiando parágrafo longo (ID: 927) via IA...
    [Limite de Requisições]. Aguardando 15 segundos (Tentativa 1/5)...
    [Limite de Requisições]. Aguardando 15 segundos (Tentativa 2/5)...
    [Limite de Requisições]. Aguardando 15 segundos (Tentativa 3/5)...
    [Limite de Requisições]. Aguardando 15 segundos (Tentativa 4/5)...
    [Limite de Requisições]. Aguardando 15 segundos (Tentativa 5/5)...
    [Desistindo do ID 927] Excedeu tentativas.
 -> Fatiando parágrafo longo (ID: 929) via IA...
    [Limite de Requisições]. Aguardando 15 segundos (Tentativa 1/5)...
    [Limite de Requisições]. Aguardando 15 segundos (Tentativa 2/5)...
    [Limite de Requisições]. Aguardando 15 segundos (Tentativa 3/5)...
    [Limite de Requisições]. Aguardando 15 segundos (Tentativa 4/5)...
    [Limite de Requisições]. Aguardando 15 segundos (Tentativa 5/5)...
    [Desistindo do ID 929] Excedeu tentativas.
 -> Fatiando parágrafo longo (ID: 930) via IA...
    [Limite de Requisições]. Aguardando 15 segundos (Tentativa 1/5)...
    [Limite de Requisições]. Aguardando 15 segundos (Tentativa 2/5)...
    [Limite de Requisições]. Aguardando 15 segundos (Tentativa 3/5)...
    [Limite de Requisições]. Aguardando 15 segundos (Tentativa 4/5)...
    [Limite de Requisições]. Aguardando 15 segundos (Tentativa 5/5)...
    [Desistindo do ID 930] Excedeu tentativas.
 -> Fatiando parágrafo longo (ID: 931) via IA...
    [Limite de Requisições]. Aguardando 15 segundos (Tentativa 1/5)...
    [Limite de Requisições]. Aguardando 15 segundos (Tentativa 2/5)...
    [Limite de Requisições]. Aguardando 15 segundos (Tentativa 3/5)...
    [Limite de Requisições]. Aguardando 15 segundos (Tentativa 4/5)...
    [Limite de Requisições]. Aguardando 15 segundos (Tentativa 5/5)...
    [Desistindo do ID 931] Excedeu tentativas.
 -> Fatiando parágrafo longo (ID: 932) via IA...
    [Limite de Requisições]. Aguardando 15 segundos (Tentativa 1/5)...
    [Limite de Requisições]. Aguardando 15 segundos (Tentativa 2/5)...
    [Limite de Requisições]. Aguardando 15 segundos (Tentativa 3/5)...
    [Limite de Requisições]. Aguardando 15 segundos (Tentativa 4/5)...
    [Limite de Requisições]. Aguardando 15 segundos (Tentativa 5/5)...
    [Desistindo do ID 932] Excedeu tentativas.
 -> Fatiando parágrafo longo (ID: 933) via IA...
    [Limite de Requisições]. Aguardando 15 segundos (Tentativa 1/5)...
    [Limite de Requisições]. Aguardando 15 segundos (Tentativa 2/5)...
    [Limite de Requisições]. Aguardando 15 segundos (Tentativa 3/5)...
    [Limite de Requisições]. Aguardando 15 segundos (Tentativa 4/5)...
    [Limite de Requisições]. Aguardando 15 segundos (Tentativa 5/5)...
    [Desistindo do ID 933] Excedeu tentativas.
 -> Fatiando parágrafo longo (ID: 934) via IA...
    [Limite de Requisições]. Aguardando 15 segundos (Tentativa 1/5)...
    [Limite de Requisições]. Aguardando 15 segundos (Tentativa 2/5)...
    [Limite de Requisições]. Aguardando 15 segundos (Tentativa 3/5)...
    [Limite de Requisições]. Aguardando 15 segundos (Tentativa 4/5)...
    [Limite de Requisições]. Aguardando 15 segundos (Tentativa 5/5)...
    [Desistindo do ID 934] Excedeu tentativas.
 -> Fatiando parágrafo longo (ID: 935) via IA...
    [Limite de Requisições]. Aguardando 15 segundos (Tentativa 1/5)...
    [Limite de Requisições]. Aguardando 15 segundos (Tentativa 2/5)...
    [Limite de Requisições]. Aguardando 15 segundos (Tentativa 3/5)...
    [Limite de Requisições]. Aguardando 15 segundos (Tentativa 4/5)...
    [Limite de Requisições]. Aguardando 15 segundos (Tentativa 5/5)...
    [Desistindo do ID 935] Excedeu tentativas.
 -> Fatiando parágrafo longo (ID: 937) via IA...
    [Limite de Requisições]. Aguardando 15 segundos (Tentativa 1/5)...
    [Limite de Requisições]. Aguardando 15 segundos (Tentativa 2/5)...
    [Limite de Requisições]. Aguardando 15 segundos (Tentativa 3/5)...
    [Limite de Requisições]. Aguardando 15 segundos (Tentativa 4/5)...
    [Limite de Requisições]. Aguardando 15 segundos (Tentativa 5/5)...
    [Desistindo do ID 937] Excedeu tentativas.
 -> Fatiando parágrafo longo (ID: 938) via IA...
    [Limite de Requisições]. Aguardando 15 segundos (Tentativa 1/5)...
    [Limite de Requisições]. Aguardando 15 segundos (Tentativa 2/5)...
    [Limite de Requisições]. Aguardando 15 segundos (Tentativa 3/5)...
    [Limite de Requisições]. Aguardando 15 segundos (Tentativa 4/5)...
    [Limite de Requisições]. Aguardando 15 segundos (Tentativa 5/5)...
    [Desistindo do ID 938] Excedeu tentativas.
Salvo com as novas fatias alinhadas!

[data/works/abhidhammavatara/tika__1.json]
 -> Fatiando parágrafo longo (ID: 941) via IA...
    [Limite de Requisições]. Aguardando 15 segundos (Tentativa 1/5)...
    [Limite de Requisições]. Aguardando 15 segundos (Tentativa 2/5)...
    [Limite de Requisições]. Aguardando 15 segundos (Tentativa 3/5)...
    [Limite de Requisições]. Aguardando 15 segundos (Tentativa 4/5)...
    [Limite de Requisições]. Aguardando 15 segundos (Tentativa 5/5)...
    [Desistindo do ID 941] Excedeu tentativas.
 -> Fatiando parágrafo longo (ID: 942) via IA...
    [Limite de Requisições]. Aguardando 15 segundos (Tentativa 1/5)...
    [Limite de Requisições]. Aguardando 15 segundos (Tentativa 2/5)...
    [Limite de Requisições]. Aguardando 15 segundos (Tentativa 3/5)...
    [Limite de Requisições]. Aguardando 15 segundos (Tentativa 4/5)...
    [Limite de Requisições]. Aguardando 15 segundos (Tentativa 5/5)...
    [Desistindo do ID 942] Excedeu tentativas.
 -> Fatiando parágrafo longo (ID: 943) via IA...
    [Limite de Requisições]. Aguardando 15 segundos (Tentativa 1/5)...
    [Limite de Requisições]. Aguardando 15 segundos (Tentativa 2/5)...
    [Limite de Requisições]. Aguardando 15 segundos (Tentativa 3/5)...
    [Limite de Requisições]. Aguardando 15 segundos (Tentativa 4/5)...
    [Limite de Requisições]. Aguardando 15 segundos (Tentativa 5/5)...
    [Desistindo do ID 943] Excedeu tentativas.
 -> Fatiando parágrafo longo (ID: 944) via IA...
    [Limite de Requisições]. Aguardando 15 segundos (Tentativa 1/5)...
    [Limite de Requisições]. Aguardando 15 segundos (Tentativa 2/5)...
    [Limite de Requisições]. Aguardando 15 segundos (Tentativa 3/5)...
    [Limite de Requisições]. Aguardando 15 segundos (Tentativa 4/5)...
    [Limite de Requisições]. Aguardando 15 segundos (Tentativa 5/5)...
    [Desistindo do ID 944] Excedeu tentativas.
 -> Fatiando parágrafo longo (ID: 945.3) via IA...
    [Limite de Requisições]. Aguardando 15 segundos (Tentativa 1/5)...
    [Limite de Requisições]. Aguardando 15 segundos (Tentativa 2/5)...
    [Limite de Requisições]. Aguardando 15 segundos (Tentativa 3/5)...
    [Limite de Requisições]. Aguardando 15 segundos (Tentativa 4/5)...
    [Limite de Requisições]. Aguardando 15 segundos (Tentativa 5/5)...
    [Desistindo do ID 945.3] Excedeu tentativas.
 -> Fatiando parágrafo longo (ID: 946) via IA...
    [Limite de Requisições]. Aguardando 15 segundos (Tentativa 1/5)...
    [Limite de Requisições]. Aguardando 15 segundos (Tentativa 2/5)...
    [Limite de Requisições]. Aguardando 15 segundos (Tentativa 3/5)...
    [Limite de Requisições]. Aguardando 15 segundos (Tentativa 4/5)...
    [Limite de Requisições]. Aguardando 15 segundos (Tentativa 5/5)...
    [Desistindo do ID 946] Excedeu tentativas.
 -> Fatiando parágrafo longo (ID: 947) via IA...
    [Limite de Requisições]. Aguardando 15 segundos (Tentativa 1/5)...
    [Limite de Requisições]. Aguardando 15 segundos (Tentativa 2/5)...
    [Limite de Requisições]. Aguardando 15 segundos (Tentativa 3/5)...
    [Limite de Requisições]. Aguardando 15 segundos (Tentativa 4/5)...
    [Limite de Requisições]. Aguardando 15 segundos (Tentativa 5/5)...
    [Desistindo do ID 947] Excedeu tentativas.
 -> Fatiando parágrafo longo (ID: 948) via IA...
    [Limite de Requisições]. Aguardando 15 segundos (Tentativa 1/5)...
    [Limite de Requisições]. Aguardando 15 segundos (Tentativa 2/5)...
    [Limite de Requisições]. Aguardando 15 segundos (Tentativa 3/5)...
    [Limite de Requisições]. Aguardando 15 segundos (Tentativa 4/5)...
    [Limite de Requisições]. Aguardando 15 segundos (Tentativa 5/5)...
    [Desistindo do ID 948] Excedeu tentativas.
 -> Fatiando parágrafo longo (ID: 949) via IA...
    [Limite de Requisições]. Aguardando 15 segundos (Tentativa 1/5)...
    [Limite de Requisições]. Aguardando 15 segundos (Tentativa 2/5)...
    [Limite de Requisições]. Aguardando 15 segundos (Tentativa 3/5)...
    [Limite de Requisições]. Aguardando 15 segundos (Tentativa 4/5)...
    [Limite de Requisições]. Aguardando 15 segundos (Tentativa 5/5)...
    [Desistindo do ID 949] Excedeu tentativas.
 -> Fatiando parágrafo longo (ID: 950) via IA...
    [Limite de Requisições]. Aguardando 15 segundos (Tentativa 1/5)...
    [Limite de Requisições]. Aguardando 15 segundos (Tentativa 2/5)...
    [Limite de Requisições]. Aguardando 15 segundos (Tentativa 3/5)...
    [Limite de Requisições]. Aguardando 15 segundos (Tentativa 4/5)...
    [Limite de Requisições]. Aguardando 15 segundos (Tentativa 5/5)...
    [Desistindo do ID 950] Excedeu tentativas.
 -> Fatiando parágrafo longo (ID: 951) via IA...
    [Limite de Requisições]. Aguardando 15 segundos (Tentativa 1/5)...
    [Limite de Requisições]. Aguardando 15 segundos (Tentativa 2/5)...
    [Limite de Requisições]. Aguardando 15 segundos (Tentativa 3/5)...
    [Limite de Requisições]. Aguardando 15 segundos (Tentativa 4/5)...
    [Limite de Requisições]. Aguardando 15 segundos (Tentativa 5/5)...
    [Desistindo do ID 951] Excedeu tentativas.
 -> Fatiando parágrafo longo (ID: 955) via IA...
    [Limite de Requisições]. Aguardando 15 segundos (Tentativa 1/5)...
    [Limite de Requisições]. Aguardando 15 segundos (Tentativa 2/5)...
    [Limite de Requisições]. Aguardando 15 segundos (Tentativa 3/5)...
    [Limite de Requisições]. Aguardando 15 segundos (Tentativa 4/5)...
    [Limite de Requisições]. Aguardando 15 segundos (Tentativa 5/5)...
    [Desistindo do ID 955] Excedeu tentativas.
 -> Fatiando parágrafo longo (ID: 957) via IA...
    [Limite de Requisições]. Aguardando 15 segundos (Tentativa 1/5)...
    [Limite de Requisições]. Aguardando 15 segundos (Tentativa 2/5)...
    [Limite de Requisições]. Aguardando 15 segundos (Tentativa 3/5)...
    [Limite de Requisições]. Aguardando 15 segundos (Tentativa 4/5)...
    [Limite de Requisições]. Aguardando 15 segundos (Tentativa 5/5)...
    [Desistindo do ID 957] Excedeu tentativas.
 -> Fatiando parágrafo longo (ID: 958) via IA...
    [Limite de Requisições]. Aguardando 15 segundos (Tentativa 1/5)...
    [Limite de Requisições]. Aguardando 15 segundos (Tentativa 2/5)...
    [Limite de Requisições]. Aguardando 15 segundos (Tentativa 3/5)...
    [Limite de Requisições]. Aguardando 15 segundos (Tentativa 4/5)...
    [Limite de Requisições]. Aguardando 15 segundos (Tentativa 5/5)...
    [Desistindo do ID 958] Excedeu tentativas.
 -> Fatiando parágrafo longo (ID: 959) via IA...
    [Limite de Requisições]. Aguardando 15 segundos (Tentativa 1/5)...
    [Limite de Requisições]. Aguardando 15 segundos (Tentativa 2/5)...
    [Limite de Requisições]. Aguardando 15 segundos (Tentativa 3/5)...
    [Limite de Requisições]. Aguardando 15 segundos (Tentativa 4/5)...
    [Limite de Requisições]. Aguardando 15 segundos (Tentativa 5/5)...
    [Desistindo do ID 959] Excedeu tentativas.
 -> Fatiando parágrafo longo (ID: 960) via IA...
    [Limite de Requisições]. Aguardando 15 segundos (Tentativa 1/5)...
    [Limite de Requisições]. Aguardando 15 segundos (Tentativa 2/5)...
    [Limite de Requisições]. Aguardando 15 segundos (Tentativa 3/5)...
    [Limite de Requisições]. Aguardando 15 segundos (Tentativa 4/5)...
    [Limite de Requisições]. Aguardando 15 segundos (Tentativa 5/5)...
    [Desistindo do ID 960] Excedeu tentativas.
 -> Fatiando parágrafo longo (ID: 961) via IA...
    [Limite de Requisições]. Aguardando 15 segundos (Tentativa 1/5)...
    [Limite de Requisições]. Aguardando 15 segundos (Tentativa 2/5)...
    [Limite de Requisições]. Aguardando 15 segundos (Tentativa 3/5)...
    [Limite de Requisições]. Aguardando 15 segundos (Tentativa 4/5)...
    [Limite de Requisições]. Aguardando 15 segundos (Tentativa 5/5)...
    [Desistindo do ID 961] Excedeu tentativas.
 -> Fatiando parágrafo longo (ID: 962) via IA...
    [Limite de Requisições]. Aguardando 15 segundos (Tentativa 1/5)...
    [Limite de Requisições]. Aguardando 15 segundos (Tentativa 2/5)...
    [Limite de Requisições]. Aguardando 15 segundos (Tentativa 3/5)...
    [Limite de Requisições]. Aguardando 15 segundos (Tentativa 4/5)...
    [Limite de Requisições]. Aguardando 15 segundos (Tentativa 5/5)...
    [Desistindo do ID 962] Excedeu tentativas.
 -> Fatiando parágrafo longo (ID: 963) via IA...
    [Limite de Requisições]. Aguardando 15 segundos (Tentativa 1/5)...
    [Limite de Requisições]. Aguardando 15 segundos (Tentativa 2/5)...
    [Limite de Requisições]. Aguardando 15 segundos (Tentativa 3/5)...
    [Limite de Requisições]. Aguardando 15 segundos (Tentativa 4/5)...
    [Limite de Requisições]. Aguardando 15 segundos (Tentativa 5/5)...
    [Desistindo do ID 963] Excedeu tentativas.
 -> Fatiando parágrafo longo (ID: 964) via IA...
    [Limite de Requisições]. Aguardando 15 segundos (Tentativa 1/5)...
    [Limite de Requisições]. Aguardando 15 segundos (Tentativa 2/5)...
    [Limite de Requisições]. Aguardando 15 segundos (Tentativa 3/5)...
    [Limite de Requisições]. Aguardando 15 segundos (Tentativa 4/5)...
    [Limite de Requisições]. Aguardando 15 segundos (Tentativa 5/5)...
    [Desistindo do ID 964] Excedeu tentativas.
 -> Fatiando parágrafo longo (ID: 966) via IA...
    [Limite de Requisições]. Aguardando 15 segundos (Tentativa 1/5)...
    [Limite de Requisições]. Aguardando 15 segundos (Tentativa 2/5)...
    [Limite de Requisições]. Aguardando 15 segundos (Tentativa 3/5)...
    [Limite de Requisições]. Aguardando 15 segundos (Tentativa 4/5)...
    [Limite de Requisições]. Aguardando 15 segundos (Tentativa 5/5)...
    [Desistindo do ID 966] Excedeu tentativas.
 -> Fatiando parágrafo longo (ID: 967) via IA...
    [Limite de Requisições]. Aguardando 15 segundos (Tentativa 1/5)...
    [Limite de Requisições]. Aguardando 15 segundos (Tentativa 2/5)...
    [Limite de Requisições]. Aguardando 15 segundos (Tentativa 3/5)...
    [Limite de Requisições]. Aguardando 15 segundos (Tentativa 4/5)...
    [Limite de Requisições]. Aguardando 15 segundos (Tentativa 5/5)...
    [Desistindo do ID 967] Excedeu tentativas.
 -> Fatiando parágrafo longo (ID: 970) via IA...
    [Limite de Requisições]. Aguardando 15 segundos (Tentativa 1/5)...
    [Limite de Requisições]. Aguardando 15 segundos (Tentativa 2/5)...
    [Limite de Requisições]. Aguardando 15 segundos (Tentativa 3/5)...
    [Limite de Requisições]. Aguardando 15 segundos (Tentativa 4/5)...
    [Limite de Requisições]. Aguardando 15 segundos (Tentativa 5/5)...
    [Desistindo do ID 970] Excedeu tentativas.
 -> Fatiando parágrafo longo (ID: 971) via IA...
    [Limite de Requisições]. Aguardando 15 segundos (Tentativa 1/5)...
    [Limite de Requisições]. Aguardando 15 segundos (Tentativa 2/5)...
    [Limite de Requisições]. Aguardando 15 segundos (Tentativa 3/5)...
    [Limite de Requisições]. Aguardando 15 segundos (Tentativa 4/5)...
    [Limite de Requisições]. Aguardando 15 segundos (Tentativa 5/5)...
    [Desistindo do ID 971] Excedeu tentativas.
 -> Fatiando parágrafo longo (ID: 972) via IA...
    [Limite de Requisições]. Aguardando 15 segundos (Tentativa 1/5)...
    [Limite de Requisições]. Aguardando 15 segundos (Tentativa 2/5)...
    [Limite de Requisições]. Aguardando 15 segundos (Tentativa 3/5)...
    [Limite de Requisições]. Aguardando 15 segundos (Tentativa 4/5)...
    [Limite de Requisições]. Aguardando 15 segundos (Tentativa 5/5)...
    [Desistindo do ID 972] Excedeu tentativas.
 -> Fatiando parágrafo longo (ID: 973) via IA...
    [Limite de Requisições]. Aguardando 15 segundos (Tentativa 1/5)...
    [Limite de Requisições]. Aguardando 15 segundos (Tentativa 2/5)...
    [Limite de Requisições]. Aguardando 15 segundos (Tentativa 3/5)...
    [Limite de Requisições]. Aguardando 15 segundos (Tentativa 4/5)...
    [Limite de Requisições]. Aguardando 15 segundos (Tentativa 5/5)...
    [Desistindo do ID 973] Excedeu tentativas.
 -> Fatiando parágrafo longo (ID: 974) via IA...
    [Limite de Requisições]. Aguardando 15 segundos (Tentativa 1/5)...
    [Limite de Requisições]. Aguardando 15 segundos (Tentativa 2/5)...
    [Limite de Requisições]. Aguardando 15 segundos (Tentativa 3/5)...
    [Limite de Requisições]. Aguardando 15 segundos (Tentativa 4/5)...
    [Limite de Requisições]. Aguardando 15 segundos (Tentativa 5/5)...
    [Desistindo do ID 974] Excedeu tentativas.
 -> Fatiando parágrafo longo (ID: 975) via IA...
    [Limite de Requisições]. Aguardando 15 segundos (Tentativa 1/5)...
    [Limite de Requisições]. Aguardando 15 segundos (Tentativa 2/5)...
    [Limite de Requisições]. Aguardando 15 segundos (Tentativa 3/5)...
    [Limite de Requisições]. Aguardando 15 segundos (Tentativa 4/5)...
    [Limite de Requisições]. Aguardando 15 segundos (Tentativa 5/5)...
    [Desistindo do ID 975] Excedeu tentativas.
 -> Fatiando parágrafo longo (ID: 976) via IA...
    [Limite de Requisições]. Aguardando 15 segundos (Tentativa 1/5)...
    [Limite de Requisições]. Aguardando 15 segundos (Tentativa 2/5)...
    [Limite de Requisições]. Aguardando 15 segundos (Tentativa 3/5)...
    [Limite de Requisições]. Aguardando 15 segundos (Tentativa 4/5)...
    [Limite de Requisições]. Aguardando 15 segundos (Tentativa 5/5)...
    [Desistindo do ID 976] Excedeu tentativas.
 -> Fatiando parágrafo longo (ID: 977) via IA...
    [Limite de Requisições]. Aguardando 15 segundos (Tentativa 1/5)...
    [Limite de Requisições]. Aguardando 15 segundos (Tentativa 2/5)...
    [Limite de Requisições]. Aguardando 15 segundos (Tentativa 3/5)...
    [Limite de Requisições]. Aguardando 15 segundos (Tentativa 4/5)...
    [Limite de Requisições]. Aguardando 15 segundos (Tentativa 5/5)...
    [Desistindo do ID 977] Excedeu tentativas.
 -> Fatiando parágrafo longo (ID: 978) via IA...
    [Limite de Requisições]. Aguardando 15 segundos (Tentativa 1/5)...
    [Limite de Requisições]. Aguardando 15 segundos (Tentativa 2/5)...
    [Limite de Requisições]. Aguardando 15 segundos (Tentativa 3/5)...
    [Limite de Requisições]. Aguardando 15 segundos (Tentativa 4/5)...
    [Limite de Requisições]. Aguardando 15 segundos (Tentativa 5/5)...
    [Desistindo do ID 978] Excedeu tentativas.
 -> Fatiando parágrafo longo (ID: 979) via IA...
    [Limite de Requisições]. Aguardando 15 segundos (Tentativa 1/5)...
    [Limite de Requisições]. Aguardando 15 segundos (Tentativa 2/5)...
    [Limite de Requisições]. Aguardando 15 segundos (Tentativa 3/5)...
    [Limite de Requisições]. Aguardando 15 segundos (Tentativa 4/5)...
    [Limite de Requisições]. Aguardando 15 segundos (Tentativa 5/5)...
    [Desistindo do ID 979] Excedeu tentativas.
 -> Fatiando parágrafo longo (ID: 982) via IA...
    [Limite de Requisições]. Aguardando 15 segundos (Tentativa 1/5)...
    [Limite de Requisições]. Aguardando 15 segundos (Tentativa 2/5)...
    [Limite de Requisições]. Aguardando 15 segundos (Tentativa 3/5)...
    [Limite de Requisições]. Aguardando 15 segundos (Tentativa 4/5)...
    [Limite de Requisições]. Aguardando 15 segundos (Tentativa 5/5)...
    [Desistindo do ID 982] Excedeu tentativas.
 -> Fatiando parágrafo longo (ID: 983) via IA...
    [Limite de Requisições]. Aguardando 15 segundos (Tentativa 1/5)...
    [Limite de Requisições]. Aguardando 15 segundos (Tentativa 2/5)...
    [Limite de Requisições]. Aguardando 15 segundos (Tentativa 3/5)...
    [Limite de Requisições]. Aguardando 15 segundos (Tentativa 4/5)...
    [Limite de Requisições]. Aguardando 15 segundos (Tentativa 5/5)...
    [Desistindo do ID 983] Excedeu tentativas.
 -> Fatiando parágrafo longo (ID: 984) via IA...
    [Limite de Requisições]. Aguardando 15 segundos (Tentativa 1/5)...
    [Limite de Requisições]. Aguardando 15 segundos (Tentativa 2/5)...
    [Limite de Requisições]. Aguardando 15 segundos (Tentativa 3/5)...
    [Limite de Requisições]. Aguardando 15 segundos (Tentativa 4/5)...
    [Limite de Requisições]. Aguardando 15 segundos (Tentativa 5/5)...
    [Desistindo do ID 984] Excedeu tentativas.
 -> Fatiando parágrafo longo (ID: 987) via IA...
    [Limite de Requisições]. Aguardando 15 segundos (Tentativa 1/5)...
    [Limite de Requisições]. Aguardando 15 segundos (Tentativa 2/5)...
    [Limite de Requisições]. Aguardando 15 segundos (Tentativa 3/5)...
    [Limite de Requisições]. Aguardando 15 segundos (Tentativa 4/5)...
    [Limite de Requisições]. Aguardando 15 segundos (Tentativa 5/5)...
    [Desistindo do ID 987] Excedeu tentativas.
 -> Fatiando parágrafo longo (ID: 988) via IA...
    [Limite de Requisições]. Aguardando 15 segundos (Tentativa 1/5)...
    [Limite de Requisições]. Aguardando 15 segundos (Tentativa 2/5)...
    [Limite de Requisições]. Aguardando 15 segundos (Tentativa 3/5)...
    [Limite de Requisições]. Aguardando 15 segundos (Tentativa 4/5)...
    [Limite de Requisições]. Aguardando 15 segundos (Tentativa 5/5)...
    [Desistindo do ID 988] Excedeu tentativas.
 -> Fatiando parágrafo longo (ID: 990) via IA...
    [Limite de Requisições]. Aguardando 15 segundos (Tentativa 1/5)...
    [Limite de Requisições]. Aguardando 15 segundos (Tentativa 2/5)...
    [Limite de Requisições]. Aguardando 15 segundos (Tentativa 3/5)...
    [Limite de Requisições]. Aguardando 15 segundos (Tentativa 4/5)...
    [Limite de Requisições]. Aguardando 15 segundos (Tentativa 5/5)...
    [Desistindo do ID 990] Excedeu tentativas.
 -> Fatiando parágrafo longo (ID: 993) via IA...
    [Limite de Requisições]. Aguardando 15 segundos (Tentativa 1/5)...
    [Limite de Requisições]. Aguardando 15 segundos (Tentativa 2/5)...
    [Limite de Requisições]. Aguardando 15 segundos (Tentativa 3/5)...
    [Limite de Requisições]. Aguardando 15 segundos (Tentativa 4/5)...
    [Limite de Requisições]. Aguardando 15 segundos (Tentativa 5/5)...
    [Desistindo do ID 993] Excedeu tentativas.
 -> Fatiando parágrafo longo (ID: 994) via IA...
    [Limite de Requisições]. Aguardando 15 segundos (Tentativa 1/5)...
    [Limite de Requisições]. Aguardando 15 segundos (Tentativa 2/5)...
    [Limite de Requisições]. Aguardando 15 segundos (Tentativa 3/5)...
    [Limite de Requisições]. Aguardando 15 segundos (Tentativa 4/5)...
    [Limite de Requisições]. Aguardando 15 segundos (Tentativa 5/5)...
    [Desistindo do ID 994] Excedeu tentativas.
 -> Fatiando parágrafo longo (ID: 995) via IA...
    [Limite de Requisições]. Aguardando 15 segundos (Tentativa 1/5)...
    [Limite de Requisições]. Aguardando 15 segundos (Tentativa 2/5)...
    [Limite de Requisições]. Aguardando 15 segundos (Tentativa 3/5)...
    [Limite de Requisições]. Aguardando 15 segundos (Tentativa 4/5)...
    [Limite de Requisições]. Aguardando 15 segundos (Tentativa 5/5)...
    [Desistindo do ID 995] Excedeu tentativas.
 -> Fatiando parágrafo longo (ID: 998) via IA...
    [Limite de Requisições]. Aguardando 15 segundos (Tentativa 1/5)...
    [Limite de Requisições]. Aguardando 15 segundos (Tentativa 2/5)...
    [Limite de Requisições]. Aguardando 15 segundos (Tentativa 3/5)...
    [Limite de Requisições]. Aguardando 15 segundos (Tentativa 4/5)...
    [Limite de Requisições]. Aguardando 15 segundos (Tentativa 5/5)...
    [Desistindo do ID 998] Excedeu tentativas.
 -> Fatiando parágrafo longo (ID: 999) via IA...
    [Limite de Requisições]. Aguardando 15 segundos (Tentativa 1/5)...
    [Limite de Requisições]. Aguardando 15 segundos (Tentativa 2/5)...
    [Limite de Requisições]. Aguardando 15 segundos (Tentativa 3/5)...
    [Limite de Requisições]. Aguardando 15 segundos (Tentativa 4/5)...
    [Limite de Requisições]. Aguardando 15 segundos (Tentativa 5/5)...
    [Desistindo do ID 999] Excedeu tentativas.
 -> Fatiando parágrafo longo (ID: 1000) via IA...
    [Limite de Requisições]. Aguardando 15 segundos (Tentativa 1/5)...
    [Limite de Requisições]. Aguardando 15 segundos (Tentativa 2/5)...
    [Limite de Requisições]. Aguardando 15 segundos (Tentativa 3/5)...
    [Limite de Requisições]. Aguardando 15 segundos (Tentativa 4/5)...
    [Limite de Requisições]. Aguardando 15 segundos (Tentativa 5/5)...
    [Desistindo do ID 1000] Excedeu tentativas.
 -> Fatiando parágrafo longo (ID: 1003) via IA...
    [Limite de Requisições]. Aguardando 15 segundos (Tentativa 1/5)...
    [Limite de Requisições]. Aguardando 15 segundos (Tentativa 2/5)...
    [Limite de Requisições]. Aguardando 15 segundos (Tentativa 3/5)...
    [Limite de Requisições]. Aguardando 15 segundos (Tentativa 4/5)...
    [Limite de Requisições]. Aguardando 15 segundos (Tentativa 5/5)...
    [Desistindo do ID 1003] Excedeu tentativas.
 -> Fatiando parágrafo longo (ID: 1004) via IA...
    [Limite de Requisições]. Aguardando 15 segundos (Tentativa 1/5)...
    [Limite de Requisições]. Aguardando 15 segundos (Tentativa 2/5)...
    [Limite de Requisições]. Aguardando 15 segundos (Tentativa 3/5)...
    [Limite de Requisições]. Aguardando 15 segundos (Tentativa 4/5)...
    [Limite de Requisições]. Aguardando 15 segundos (Tentativa 5/5)...
    [Desistindo do ID 1004] Excedeu tentativas.
 -> Fatiando parágrafo longo (ID: 1005) via IA...
    [Limite de Requisições]. Aguardando 15 segundos (Tentativa 1/5)...
    [Limite de Requisições]. Aguardando 15 segundos (Tentativa 2/5)...
    [Limite de Requisições]. Aguardando 15 segundos (Tentativa 3/5)...
    [Limite de Requisições]. Aguardando 15 segundos (Tentativa 4/5)...
    [Limite de Requisições]. Aguardando 15 segundos (Tentativa 5/5)...
    [Desistindo do ID 1005] Excedeu tentativas.
 -> Fatiando parágrafo longo (ID: 1006) via IA...
    [Limite de Requisições]. Aguardando 15 segundos (Tentativa 1/5)...
    [Limite de Requisições]. Aguardando 15 segundos (Tentativa 2/5)...
    [Limite de Requisições]. Aguardando 15 segundos (Tentativa 3/5)...
    [Limite de Requisições]. Aguardando 15 segundos (Tentativa 4/5)...
    [Limite de Requisições]. Aguardando 15 segundos (Tentativa 5/5)...
    [Desistindo do ID 1006] Excedeu tentativas.
 -> Fatiando parágrafo longo (ID: 1007) via IA...
    [Limite de Requisições]. Aguardando 15 segundos (Tentativa 1/5)...
    [Limite de Requisições]. Aguardando 15 segundos (Tentativa 2/5)...
    [Limite de Requisições]. Aguardando 15 segundos (Tentativa 3/5)...
    [Limite de Requisições]. Aguardando 15 segundos (Tentativa 4/5)...
    [Limite de Requisições]. Aguardando 15 segundos (Tentativa 5/5)...
    [Desistindo do ID 1007] Excedeu tentativas.
 -> Fatiando parágrafo longo (ID: 1008) via IA...
    [Limite de Requisições]. Aguardando 15 segundos (Tentativa 1/5)...
    [Limite de Requisições]. Aguardando 15 segundos (Tentativa 2/5)...
    [Limite de Requisições]. Aguardando 15 segundos (Tentativa 3/5)...
    [Limite de Requisições]. Aguardando 15 segundos (Tentativa 4/5)...
    [Limite de Requisições]. Aguardando 15 segundos (Tentativa 5/5)...
    [Desistindo do ID 1008] Excedeu tentativas.
 -> Fatiando parágrafo longo (ID: 1009) via IA...
    [Limite de Requisições]. Aguardando 15 segundos (Tentativa 1/5)...
    [Limite de Requisições]. Aguardando 15 segundos (Tentativa 2/5)...
    [Limite de Requisições]. Aguardando 15 segundos (Tentativa 3/5)...
    [Limite de Requisições]. Aguardando 15 segundos (Tentativa 4/5)...
    [Limite de Requisições]. Aguardando 15 segundos (Tentativa 5/5)...
    [Desistindo do ID 1009] Excedeu tentativas.
 -> Fatiando parágrafo longo (ID: 1010) via IA...
    [Limite de Requisições]. Aguardando 15 segundos (Tentativa 1/5)...
    [Limite de Requisições]. Aguardando 15 segundos (Tentativa 2/5)...
    [Limite de Requisições]. Aguardando 15 segundos (Tentativa 3/5)...
    [Limite de Requisições]. Aguardando 15 segundos (Tentativa 4/5)...
    [Limite de Requisições]. Aguardando 15 segundos (Tentativa 5/5)...
    [Desistindo do ID 1010] Excedeu tentativas.
 -> Fatiando parágrafo longo (ID: 1012) via IA...
    [Limite de Requisições]. Aguardando 15 segundos (Tentativa 1/5)...
    [Limite de Requisições]. Aguardando 15 segundos (Tentativa 2/5)...
    [Limite de Requisições]. Aguardando 15 segundos (Tentativa 3/5)...
    [Limite de Requisições]. Aguardando 15 segundos (Tentativa 4/5)...
    [Limite de Requisições]. Aguardando 15 segundos (Tentativa 5/5)...
    [Desistindo do ID 1012] Excedeu tentativas.
 -> Fatiando parágrafo longo (ID: 1013) via IA...
    [Limite de Requisições]. Aguardando 15 segundos (Tentativa 1/5)...
    [Limite de Requisições]. Aguardando 15 segundos (Tentativa 2/5)...
    [Limite de Requisições]. Aguardando 15 segundos (Tentativa 3/5)...
    [Limite de Requisições]. Aguardando 15 segundos (Tentativa 4/5)...
    [Limite de Requisições]. Aguardando 15 segundos (Tentativa 5/5)...
    [Desistindo do ID 1013] Excedeu tentativas.
 -> Fatiando parágrafo longo (ID: 1014) via IA...
    [Limite de Requisições]. Aguardando 15 segundos (Tentativa 1/5)...
    [Limite de Requisições]. Aguardando 15 segundos (Tentativa 2/5)...
    [Limite de Requisições]. Aguardando 15 segundos (Tentativa 3/5)...
    [Limite de Requisições]. Aguardando 15 segundos (Tentativa 4/5)...
    [Limite de Requisições]. Aguardando 15 segundos (Tentativa 5/5)...
    [Desistindo do ID 1014] Excedeu tentativas.
 -> Fatiando parágrafo longo (ID: 1015) via IA...
    [Limite de Requisições]. Aguardando 15 segundos (Tentativa 1/5)...
    [Limite de Requisições]. Aguardando 15 segundos (Tentativa 2/5)...
    [Limite de Requisições]. Aguardando 15 segundos (Tentativa 3/5)...
    [Limite de Requisições]. Aguardando 15 segundos (Tentativa 4/5)...
    [Limite de Requisições]. Aguardando 15 segundos (Tentativa 5/5)...
    [Desistindo do ID 1015] Excedeu tentativas.
 -> Fatiando parágrafo longo (ID: 1016) via IA...
    [Limite de Requisições]. Aguardando 15 segundos (Tentativa 1/5)...
    [Limite de Requisições]. Aguardando 15 segundos (Tentativa 2/5)...
    [Limite de Requisições]. Aguardando 15 segundos (Tentativa 3/5)...
    [Limite de Requisições]. Aguardando 15 segundos (Tentativa 4/5)...
    [Limite de Requisições]. Aguardando 15 segundos (Tentativa 5/5)...
    [Desistindo do ID 1016] Excedeu tentativas.
 -> Fatiando parágrafo longo (ID: 1017) via IA...
    [Limite de Requisições]. Aguardando 15 segundos (Tentativa 1/5)...
    [Limite de Requisições]. Aguardando 15 segundos (Tentativa 2/5)...
    [Limite de Requisições]. Aguardando 15 segundos (Tentativa 3/5)...
    [Limite de Requisições]. Aguardando 15 segundos (Tentativa 4/5)...
    [Limite de Requisições]. Aguardando 15 segundos (Tentativa 5/5)...
    [Desistindo do ID 1017] Excedeu tentativas.
 -> Fatiando parágrafo longo (ID: 1018) via IA...
    [Limite de Requisições]. Aguardando 15 segundos (Tentativa 1/5)...
    [Limite de Requisições]. Aguardando 15 segundos (Tentativa 2/5)...
    [Limite de Requisições]. Aguardando 15 segundos (Tentativa 3/5)...
    [Limite de Requisições]. Aguardando 15 segundos (Tentativa 4/5)...
    [Limite de Requisições]. Aguardando 15 segundos (Tentativa 5/5)...
    [Desistindo do ID 1018] Excedeu tentativas.
 -> Fatiando parágrafo longo (ID: 1019) via IA...
    [Limite de Requisições]. Aguardando 15 segundos (Tentativa 1/5)...
    [Limite de Requisições]. Aguardando 15 segundos (Tentativa 2/5)...
    [Limite de Requisições]. Aguardando 15 segundos (Tentativa 3/5)...
    [Limite de Requisições]. Aguardando 15 segundos (Tentativa 4/5)...
    [Limite de Requisições]. Aguardando 15 segundos (Tentativa 5/5)...
    [Desistindo do ID 1019] Excedeu tentativas.
 -> Fatiando parágrafo longo (ID: 1020) via IA...
    [Limite de Requisições]. Aguardando 15 segundos (Tentativa 1/5)...
    [Limite de Requisições]. Aguardando 15 segundos (Tentativa 2/5)...
    [Limite de Requisições]. Aguardando 15 segundos (Tentativa 3/5)...
    [Limite de Requisições]. Aguardando 15 segundos (Tentativa 4/5)...
    [Limite de Requisições]. Aguardando 15 segundos (Tentativa 5/5)...
    [Desistindo do ID 1020] Excedeu tentativas.
 -> Fatiando parágrafo longo (ID: 1022) via IA...
    [Limite de Requisições]. Aguardando 15 segundos (Tentativa 1/5)...
    [Limite de Requisições]. Aguardando 15 segundos (Tentativa 2/5)...
    [Limite de Requisições]. Aguardando 15 segundos (Tentativa 3/5)...
    [Limite de Requisições]. Aguardando 15 segundos (Tentativa 4/5)...
    [Limite de Requisições]. Aguardando 15 segundos (Tentativa 5/5)...
    [Desistindo do ID 1022] Excedeu tentativas.
 -> Fatiando parágrafo longo (ID: 1024) via IA...
    [Limite de Requisições]. Aguardando 15 segundos (Tentativa 1/5)...
    [Limite de Requisições]. Aguardando 15 segundos (Tentativa 2/5)...
    [Limite de Requisições]. Aguardando 15 segundos (Tentativa 3/5)...
    [Limite de Requisições]. Aguardando 15 segundos (Tentativa 4/5)...
    [Limite de Requisições]. Aguardando 15 segundos (Tentativa 5/5)...
    [Desistindo do ID 1024] Excedeu tentativas.
 -> Fatiando parágrafo longo (ID: 1026) via IA...
    [Limite de Requisições]. Aguardando 15 segundos (Tentativa 1/5)...
    [Limite de Requisições]. Aguardando 15 segundos (Tentativa 2/5)...
    [Limite de Requisições]. Aguardando 15 segundos (Tentativa 3/5)...
    [Limite de Requisições]. Aguardando 15 segundos (Tentativa 4/5)...
    [Limite de Requisições]. Aguardando 15 segundos (Tentativa 5/5)...
    [Desistindo do ID 1026] Excedeu tentativas.
 -> Fatiando parágrafo longo (ID: 1027) via IA...
    [Limite de Requisições]. Aguardando 15 segundos (Tentativa 1/5)...
    [Limite de Requisições]. Aguardando 15 segundos (Tentativa 2/5)...
    [Limite de Requisições]. Aguardando 15 segundos (Tentativa 3/5)...
    [Limite de Requisições]. Aguardando 15 segundos (Tentativa 4/5)...
    [Limite de Requisições]. Aguardando 15 segundos (Tentativa 5/5)...
    [Desistindo do ID 1027] Excedeu tentativas.
 -> Fatiando parágrafo longo (ID: 1028) via IA...
    [Limite de Requisições]. Aguardando 15 segundos (Tentativa 1/5)...
    [Limite de Requisições]. Aguardando 15 segundos (Tentativa 2/5)...
    [Limite de Requisições]. Aguardando 15 segundos (Tentativa 3/5)...
    [Limite de Requisições]. Aguardando 15 segundos (Tentativa 4/5)...
    [Limite de Requisições]. Aguardando 15 segundos (Tentativa 5/5)...
    [Desistindo do ID 1028] Excedeu tentativas.
 -> Fatiando parágrafo longo (ID: 1029) via IA...
    [Limite de Requisições]. Aguardando 15 segundos (Tentativa 1/5)...
    [Limite de Requisições]. Aguardando 15 segundos (Tentativa 2/5)...
    [Limite de Requisições]. Aguardando 15 segundos (Tentativa 3/5)...
    [Limite de Requisições]. Aguardando 15 segundos (Tentativa 4/5)...
    [Limite de Requisições]. Aguardando 15 segundos (Tentativa 5/5)...
    [Desistindo do ID 1029] Excedeu tentativas.
 -> Fatiando parágrafo longo (ID: 1030) via IA...
    [Limite de Requisições]. Aguardando 15 segundos (Tentativa 1/5)...
    [Limite de Requisições]. Aguardando 15 segundos (Tentativa 2/5)...
    [Limite de Requisições]. Aguardando 15 segundos (Tentativa 3/5)...
    [Limite de Requisições]. Aguardando 15 segundos (Tentativa 4/5)...
    [Limite de Requisições]. Aguardando 15 segundos (Tentativa 5/5)...
    [Desistindo do ID 1030] Excedeu tentativas.
 -> Fatiando parágrafo longo (ID: 1031) via IA...
    [Limite de Requisições]. Aguardando 15 segundos (Tentativa 1/5)...
    [Limite de Requisições]. Aguardando 15 segundos (Tentativa 2/5)...
    [Limite de Requisições]. Aguardando 15 segundos (Tentativa 3/5)...
    [Limite de Requisições]. Aguardando 15 segundos (Tentativa 4/5)...
    [Limite de Requisições]. Aguardando 15 segundos (Tentativa 5/5)...
    [Desistindo do ID 1031] Excedeu tentativas.
 -> Fatiando parágrafo longo (ID: 1032) via IA...
    [Limite de Requisições]. Aguardando 15 segundos (Tentativa 1/5)...
    [Limite de Requisições]. Aguardando 15 segundos (Tentativa 2/5)...
    [Limite de Requisições]. Aguardando 15 segundos (Tentativa 3/5)...
    [Limite de Requisições]. Aguardando 15 segundos (Tentativa 4/5)...
    [Limite de Requisições]. Aguardando 15 segundos (Tentativa 5/5)...
    [Desistindo do ID 1032] Excedeu tentativas.
 -> Fatiando parágrafo longo (ID: 1033) via IA...
    [Limite de Requisições]. Aguardando 15 segundos (Tentativa 1/5)...
    [Limite de Requisições]. Aguardando 15 segundos (Tentativa 2/5)...
    [Limite de Requisições]. Aguardando 15 segundos (Tentativa 3/5)...
    [Limite de Requisições]. Aguardando 15 segundos (Tentativa 4/5)...
    [Limite de Requisições]. Aguardando 15 segundos (Tentativa 5/5)...
    [Desistindo do ID 1033] Excedeu tentativas.
 -> Fatiando parágrafo longo (ID: 1034) via IA...
    [Limite de Requisições]. Aguardando 15 segundos (Tentativa 1/5)...
    [Limite de Requisições]. Aguardando 15 segundos (Tentativa 2/5)...
    [Limite de Requisições]. Aguardando 15 segundos (Tentativa 3/5)...
    [Limite de Requisições]. Aguardando 15 segundos (Tentativa 4/5)...
    [Limite de Requisições]. Aguardando 15 segundos (Tentativa 5/5)...
    [Desistindo do ID 1034] Excedeu tentativas.
 -> Fatiando parágrafo longo (ID: 1035) via IA...
    [Limite de Requisições]. Aguardando 15 segundos (Tentativa 1/5)...
    [Limite de Requisições]. Aguardando 15 segundos (Tentativa 2/5)...
    [Limite de Requisições]. Aguardando 15 segundos (Tentativa 3/5)...
    [Limite de Requisições]. Aguardando 15 segundos (Tentativa 4/5)...
    [Limite de Requisições]. Aguardando 15 segundos (Tentativa 5/5)...
    [Desistindo do ID 1035] Excedeu tentativas.
 -> Fatiando parágrafo longo (ID: 1036) via IA...
    [Limite de Requisições]. Aguardando 15 segundos (Tentativa 1/5)...
    [Limite de Requisições]. Aguardando 15 segundos (Tentativa 2/5)...
    [Limite de Requisições]. Aguardando 15 segundos (Tentativa 3/5)...
    [Limite de Requisições]. Aguardando 15 segundos (Tentativa 4/5)...
    [Limite de Requisições]. Aguardando 15 segundos (Tentativa 5/5)...
    [Desistindo do ID 1036] Excedeu tentativas.
 -> Fatiando parágrafo longo (ID: 1037) via IA...
    [Limite de Requisições]. Aguardando 15 segundos (Tentativa 1/5)...
    [Limite de Requisições]. Aguardando 15 segundos (Tentativa 2/5)...
    [Limite de Requisições]. Aguardando 15 segundos (Tentativa 3/5)...
    [Limite de Requisições]. Aguardando 15 segundos (Tentativa 4/5)...
    [Limite de Requisições]. Aguardando 15 segundos (Tentativa 5/5)...
    [Desistindo do ID 1037] Excedeu tentativas.
 -> Fatiando parágrafo longo (ID: 1041) via IA...
    [Limite de Requisições]. Aguardando 15 segundos (Tentativa 1/5)...
    [Limite de Requisições]. Aguardando 15 segundos (Tentativa 2/5)...
    [Limite de Requisições]. Aguardando 15 segundos (Tentativa 3/5)...
    [Limite de Requisições]. Aguardando 15 segundos (Tentativa 4/5)...
    [Limite de Requisições]. Aguardando 15 segundos (Tentativa 5/5)...
    [Desistindo do ID 1041] Excedeu tentativas.
 -> Fatiando parágrafo longo (ID: 1046) via IA...
    [Limite de Requisições]. Aguardando 15 segundos (Tentativa 1/5)...
    [Limite de Requisições]. Aguardando 15 segundos (Tentativa 2/5)...
    [Limite de Requisições]. Aguardando 15 segundos (Tentativa 3/5)...
    [Limite de Requisições]. Aguardando 15 segundos (Tentativa 4/5)...
    [Limite de Requisições]. Aguardando 15 segundos (Tentativa 5/5)...
    [Desistindo do ID 1046] Excedeu tentativas.
 -> Fatiando parágrafo longo (ID: 1047) via IA...
    [Limite de Requisições]. Aguardando 15 segundos (Tentativa 1/5)...
    [Limite de Requisições]. Aguardando 15 segundos (Tentativa 2/5)...
    [Limite de Requisições]. Aguardando 15 segundos (Tentativa 3/5)...
    [Limite de Requisições]. Aguardando 15 segundos (Tentativa 4/5)...
    [Limite de Requisições]. Aguardando 15 segundos (Tentativa 5/5)...
    [Desistindo do ID 1047] Excedeu tentativas.
 -> Fatiando parágrafo longo (ID: 1049) via IA...
    [Limite de Requisições]. Aguardando 15 segundos (Tentativa 1/5)...
    [Limite de Requisições]. Aguardando 15 segundos (Tentativa 2/5)...
    [Limite de Requisições]. Aguardando 15 segundos (Tentativa 3/5)...
    [Limite de Requisições]. Aguardando 15 segundos (Tentativa 4/5)...
    [Limite de Requisições]. Aguardando 15 segundos (Tentativa 5/5)...
    [Desistindo do ID 1049] Excedeu tentativas.
 -> Fatiando parágrafo longo (ID: 1050) via IA...
    [Limite de Requisições]. Aguardando 15 segundos (Tentativa 1/5)...
    [Limite de Requisições]. Aguardando 15 segundos (Tentativa 2/5)...
    [Limite de Requisições]. Aguardando 15 segundos (Tentativa 3/5)...
    [Limite de Requisições]. Aguardando 15 segundos (Tentativa 4/5)...
    [Limite de Requisições]. Aguardando 15 segundos (Tentativa 5/5)...
    [Desistindo do ID 1050] Excedeu tentativas.
 -> Fatiando parágrafo longo (ID: 1051) via IA...
    [Limite de Requisições]. Aguardando 15 segundos (Tentativa 1/5)...
    [Limite de Requisições]. Aguardando 15 segundos (Tentativa 2/5)...
    [Limite de Requisições]. Aguardando 15 segundos (Tentativa 3/5)...
    [Limite de Requisições]. Aguardando 15 segundos (Tentativa 4/5)...
    [Limite de Requisições]. Aguardando 15 segundos (Tentativa 5/5)...
    [Desistindo do ID 1051] Excedeu tentativas.
 -> Fatiando parágrafo longo (ID: 1052) via IA...
    [Limite de Requisições]. Aguardando 15 segundos (Tentativa 1/5)...
    [Limite de Requisições]. Aguardando 15 segundos (Tentativa 2/5)...
    [Limite de Requisições]. Aguardando 15 segundos (Tentativa 3/5)...
    [Limite de Requisições]. Aguardando 15 segundos (Tentativa 4/5)...
    [Limite de Requisições]. Aguardando 15 segundos (Tentativa 5/5)...
    [Desistindo do ID 1052] Excedeu tentativas.
 -> Fatiando parágrafo longo (ID: 1053) via IA...
    [Limite de Requisições]. Aguardando 15 segundos (Tentativa 1/5)...
    [Limite de Requisições]. Aguardando 15 segundos (Tentativa 2/5)...
    [Limite de Requisições]. Aguardando 15 segundos (Tentativa 3/5)...
    [Limite de Requisições]. Aguardando 15 segundos (Tentativa 4/5)...
    [Limite de Requisições]. Aguardando 15 segundos (Tentativa 5/5)...
    [Desistindo do ID 1053] Excedeu tentativas.
 -> Fatiando parágrafo longo (ID: 1054) via IA...
    [Limite de Requisições]. Aguardando 15 segundos (Tentativa 1/5)...
    [Limite de Requisições]. Aguardando 15 segundos (Tentativa 2/5)...
    [Limite de Requisições]. Aguardando 15 segundos (Tentativa 3/5)...
    [Limite de Requisições]. Aguardando 15 segundos (Tentativa 4/5)...
    [Limite de Requisições]. Aguardando 15 segundos (Tentativa 5/5)...
    [Desistindo do ID 1054] Excedeu tentativas.
 -> Fatiando parágrafo longo (ID: 1055) via IA...
    [Limite de Requisições]. Aguardando 15 segundos (Tentativa 1/5)...
    [Limite de Requisições]. Aguardando 15 segundos (Tentativa 2/5)...
    [Limite de Requisições]. Aguardando 15 segundos (Tentativa 3/5)...
    [Limite de Requisições]. Aguardando 15 segundos (Tentativa 4/5)...
    [Limite de Requisições]. Aguardando 15 segundos (Tentativa 5/5)...
    [Desistindo do ID 1055] Excedeu tentativas.
 -> Fatiando parágrafo longo (ID: 1056) via IA...
    [Limite de Requisições]. Aguardando 15 segundos (Tentativa 1/5)...
    [Limite de Requisições]. Aguardando 15 segundos (Tentativa 2/5)...
    [Limite de Requisições]. Aguardando 15 segundos (Tentativa 3/5)...
    [Limite de Requisições]. Aguardando 15 segundos (Tentativa 4/5)...
    [Limite de Requisições]. Aguardando 15 segundos (Tentativa 5/5)...
    [Desistindo do ID 1056] Excedeu tentativas.
 -> Fatiando parágrafo longo (ID: 1057) via IA...
    [Limite de Requisições]. Aguardando 15 segundos (Tentativa 1/5)...
    [Limite de Requisições]. Aguardando 15 segundos (Tentativa 2/5)...
    [Limite de Requisições]. Aguardando 15 segundos (Tentativa 3/5)...
    [Limite de Requisições]. Aguardando 15 segundos (Tentativa 4/5)...
    [Limite de Requisições]. Aguardando 15 segundos (Tentativa 5/5)...
    [Desistindo do ID 1057] Excedeu tentativas.
 -> Fatiando parágrafo longo (ID: 1060) via IA...
    [Limite de Requisições]. Aguardando 15 segundos (Tentativa 1/5)...
    [Limite de Requisições]. Aguardando 15 segundos (Tentativa 2/5)...
    [Limite de Requisições]. Aguardando 15 segundos (Tentativa 3/5)...
    [Limite de Requisições]. Aguardando 15 segundos (Tentativa 4/5)...
    [Limite de Requisições]. Aguardando 15 segundos (Tentativa 5/5)...
    [Desistindo do ID 1060] Excedeu tentativas.
 -> Fatiando parágrafo longo (ID: 1062) via IA...
    [Limite de Requisições]. Aguardando 15 segundos (Tentativa 1/5)...
    [Limite de Requisições]. Aguardando 15 segundos (Tentativa 2/5)...
    [Limite de Requisições]. Aguardando 15 segundos (Tentativa 3/5)...
    [Limite de Requisições]. Aguardando 15 segundos (Tentativa 4/5)...
    [Limite de Requisições]. Aguardando 15 segundos (Tentativa 5/5)...
    [Desistindo do ID 1062] Excedeu tentativas.
 -> Fatiando parágrafo longo (ID: 1063) via IA...
    [Limite de Requisições]. Aguardando 15 segundos (Tentativa 1/5)...
    [Limite de Requisições]. Aguardando 15 segundos (Tentativa 2/5)...
    [Limite de Requisições]. Aguardando 15 segundos (Tentativa 3/5)...
    [Limite de Requisições]. Aguardando 15 segundos (Tentativa 4/5)...
    [Limite de Requisições]. Aguardando 15 segundos (Tentativa 5/5)...
    [Desistindo do ID 1063] Excedeu tentativas.
 -> Fatiando parágrafo longo (ID: 1064) via IA...
    [Limite de Requisições]. Aguardando 15 segundos (Tentativa 1/5)...
    [Limite de Requisições]. Aguardando 15 segundos (Tentativa 2/5)...
    [Limite de Requisições]. Aguardando 15 segundos (Tentativa 3/5)...
    [Limite de Requisições]. Aguardando 15 segundos (Tentativa 4/5)...
    [Limite de Requisições]. Aguardando 15 segundos (Tentativa 5/5)...
    [Desistindo do ID 1064] Excedeu tentativas.
 -> Fatiando parágrafo longo (ID: 1065) via IA...
    [Limite de Requisições]. Aguardando 15 segundos (Tentativa 1/5)...
    [Limite de Requisições]. Aguardando 15 segundos (Tentativa 2/5)...
    [Limite de Requisições]. Aguardando 15 segundos (Tentativa 3/5)...
    [Limite de Requisições]. Aguardando 15 segundos (Tentativa 4/5)...
    [Limite de Requisições]. Aguardando 15 segundos (Tentativa 5/5)...
    [Desistindo do ID 1065] Excedeu tentativas.
 -> Fatiando parágrafo longo (ID: 1067) via IA...
    [Limite de Requisições]. Aguardando 15 segundos (Tentativa 1/5)...
    [Limite de Requisições]. Aguardando 15 segundos (Tentativa 2/5)...
    [Limite de Requisições]. Aguardando 15 segundos (Tentativa 3/5)...
    [Limite de Requisições]. Aguardando 15 segundos (Tentativa 4/5)...
    [Limite de Requisições]. Aguardando 15 segundos (Tentativa 5/5)...
    [Desistindo do ID 1067] Excedeu tentativas.
 -> Fatiando parágrafo longo (ID: 1069) via IA...
    [Limite de Requisições]. Aguardando 15 segundos (Tentativa 1/5)...
    [Limite de Requisições]. Aguardando 15 segundos (Tentativa 2/5)...
    [Limite de Requisições]. Aguardando 15 segundos (Tentativa 3/5)...
    [Limite de Requisições]. Aguardando 15 segundos (Tentativa 4/5)...
    [Limite de Requisições]. Aguardando 15 segundos (Tentativa 5/5)...
    [Desistindo do ID 1069] Excedeu tentativas.
 -> Fatiando parágrafo longo (ID: 1070) via IA...
    [Limite de Requisições]. Aguardando 15 segundos (Tentativa 1/5)...
    [Limite de Requisições]. Aguardando 15 segundos (Tentativa 2/5)...
    [Limite de Requisições]. Aguardando 15 segundos (Tentativa 3/5)...
    [Limite de Requisições]. Aguardando 15 segundos (Tentativa 4/5)...
    [Limite de Requisições]. Aguardando 15 segundos (Tentativa 5/5)...
    [Desistindo do ID 1070] Excedeu tentativas.
 -> Fatiando parágrafo longo (ID: 1071) via IA...
    [Limite de Requisições]. Aguardando 15 segundos (Tentativa 1/5)...
    [Limite de Requisições]. Aguardando 15 segundos (Tentativa 2/5)...
    [Limite de Requisições]. Aguardando 15 segundos (Tentativa 3/5)...
    [Limite de Requisições]. Aguardando 15 segundos (Tentativa 4/5)...
    [Limite de Requisições]. Aguardando 15 segundos (Tentativa 5/5)...
    [Desistindo do ID 1071] Excedeu tentativas.
 -> Fatiando parágrafo longo (ID: 1072) via IA...
    [Limite de Requisições]. Aguardando 15 segundos (Tentativa 1/5)...
    [Limite de Requisições]. Aguardando 15 segundos (Tentativa 2/5)...
    [Limite de Requisições]. Aguardando 15 segundos (Tentativa 3/5)...
    [Limite de Requisições]. Aguardando 15 segundos (Tentativa 4/5)...
    [Limite de Requisições]. Aguardando 15 segundos (Tentativa 5/5)...
    [Desistindo do ID 1072] Excedeu tentativas.
 -> Fatiando parágrafo longo (ID: 1073) via IA...
    [Limite de Requisições]. Aguardando 15 segundos (Tentativa 1/5)...
    [Limite de Requisições]. Aguardando 15 segundos (Tentativa 2/5)...
    [Limite de Requisições]. Aguardando 15 segundos (Tentativa 3/5)...
    [Limite de Requisições]. Aguardando 15 segundos (Tentativa 4/5)...
    [Limite de Requisições]. Aguardando 15 segundos (Tentativa 5/5)...
    [Desistindo do ID 1073] Excedeu tentativas.
 -> Fatiando parágrafo longo (ID: 1074) via IA...
    [Limite de Requisições]. Aguardando 15 segundos (Tentativa 1/5)...
    [Limite de Requisições]. Aguardando 15 segundos (Tentativa 2/5)...
    [Limite de Requisições]. Aguardando 15 segundos (Tentativa 3/5)...
    [Limite de Requisições]. Aguardando 15 segundos (Tentativa 4/5)...
    [Limite de Requisições]. Aguardando 15 segundos (Tentativa 5/5)...
    [Desistindo do ID 1074] Excedeu tentativas.
 -> Fatiando parágrafo longo (ID: 1075) via IA...
    [Limite de Requisições]. Aguardando 15 segundos (Tentativa 1/5)...
    [Limite de Requisições]. Aguardando 15 segundos (Tentativa 2/5)...
    [Limite de Requisições]. Aguardando 15 segundos (Tentativa 3/5)...
    [Limite de Requisições]. Aguardando 15 segundos (Tentativa 4/5)...
    [Limite de Requisições]. Aguardando 15 segundos (Tentativa 5/5)...
    [Desistindo do ID 1075] Excedeu tentativas.
 -> Fatiando parágrafo longo (ID: 1076) via IA...
    [Limite de Requisições]. Aguardando 15 segundos (Tentativa 1/5)...
    [Limite de Requisições]. Aguardando 15 segundos (Tentativa 2/5)...
    [Limite de Requisições]. Aguardando 15 segundos (Tentativa 3/5)...
    [Limite de Requisições]. Aguardando 15 segundos (Tentativa 4/5)...
    [Limite de Requisições]. Aguardando 15 segundos (Tentativa 5/5)...
    [Desistindo do ID 1076] Excedeu tentativas.
 -> Fatiando parágrafo longo (ID: 1077) via IA...
    [Limite de Requisições]. Aguardando 15 segundos (Tentativa 1/5)...
    [Limite de Requisições]. Aguardando 15 segundos (Tentativa 2/5)...
    [Limite de Requisições]. Aguardando 15 segundos (Tentativa 3/5)...
    [Limite de Requisições]. Aguardando 15 segundos (Tentativa 4/5)...
    [Limite de Requisições]. Aguardando 15 segundos (Tentativa 5/5)...
    [Desistindo do ID 1077] Excedeu tentativas.
 -> Fatiando parágrafo longo (ID: 1078) via IA...
    [Limite de Requisições]. Aguardando 15 segundos (Tentativa 1/5)...
    [Limite de Requisições]. Aguardando 15 segundos (Tentativa 2/5)...
    [Limite de Requisições]. Aguardando 15 segundos (Tentativa 3/5)...
    [Limite de Requisições]. Aguardando 15 segundos (Tentativa 4/5)...
    [Limite de Requisições]. Aguardando 15 segundos (Tentativa 5/5)...
    [Desistindo do ID 1078] Excedeu tentativas.
 -> Fatiando parágrafo longo (ID: 1080) via IA...
    [Limite de Requisições]. Aguardando 15 segundos (Tentativa 1/5)...
    [Limite de Requisições]. Aguardando 15 segundos (Tentativa 2/5)...
    [Limite de Requisições]. Aguardando 15 segundos (Tentativa 3/5)...
    [Limite de Requisições]. Aguardando 15 segundos (Tentativa 4/5)...
    [Limite de Requisições]. Aguardando 15 segundos (Tentativa 5/5)...
    [Desistindo do ID 1080] Excedeu tentativas.
 -> Fatiando parágrafo longo (ID: 1081) via IA...
    [Limite de Requisições]. Aguardando 15 segundos (Tentativa 1/5)...
    [Limite de Requisições]. Aguardando 15 segundos (Tentativa 2/5)...
    [Limite de Requisições]. Aguardando 15 segundos (Tentativa 3/5)...
    [Limite de Requisições]. Aguardando 15 segundos (Tentativa 4/5)...
    [Limite de Requisições]. Aguardando 15 segundos (Tentativa 5/5)...
    [Desistindo do ID 1081] Excedeu tentativas.
 -> Fatiando parágrafo longo (ID: 1082) via IA...
    [Limite de Requisições]. Aguardando 15 segundos (Tentativa 1/5)...
    [Limite de Requisições]. Aguardando 15 segundos (Tentativa 2/5)...
    [Limite de Requisições]. Aguardando 15 segundos (Tentativa 3/5)...
    [Limite de Requisições]. Aguardando 15 segundos (Tentativa 4/5)...
    [Limite de Requisições]. Aguardando 15 segundos (Tentativa 5/5)...
    [Desistindo do ID 1082] Excedeu tentativas.
 -> Fatiando parágrafo longo (ID: 1083) via IA...
    [Limite de Requisições]. Aguardando 15 segundos (Tentativa 1/5)...
    [Limite de Requisições]. Aguardando 15 segundos (Tentativa 2/5)...
    [Limite de Requisições]. Aguardando 15 segundos (Tentativa 3/5)...
    [Limite de Requisições]. Aguardando 15 segundos (Tentativa 4/5)...
    [Limite de Requisições]. Aguardando 15 segundos (Tentativa 5/5)...
    [Desistindo do ID 1083] Excedeu tentativas.
 -> Fatiando parágrafo longo (ID: 1084) via IA...
    [Limite de Requisições]. Aguardando 15 segundos (Tentativa 1/5)...
    [Limite de Requisições]. Aguardando 15 segundos (Tentativa 2/5)...
    [Limite de Requisições]. Aguardando 15 segundos (Tentativa 3/5)...
    [Limite de Requisições]. Aguardando 15 segundos (Tentativa 4/5)...
    [Limite de Requisições]. Aguardando 15 segundos (Tentativa 5/5)...
    [Desistindo do ID 1084] Excedeu tentativas.
 -> Fatiando parágrafo longo (ID: 1085) via IA...
    [Limite de Requisições]. Aguardando 15 segundos (Tentativa 1/5)...
    [Limite de Requisições]. Aguardando 15 segundos (Tentativa 2/5)...
    [Limite de Requisições]. Aguardando 15 segundos (Tentativa 3/5)...
    [Limite de Requisições]. Aguardando 15 segundos (Tentativa 4/5)...
    [Limite de Requisições]. Aguardando 15 segundos (Tentativa 5/5)...
    [Desistindo do ID 1085] Excedeu tentativas.
 -> Fatiando parágrafo longo (ID: 1086) via IA...
    [Limite de Requisições]. Aguardando 15 segundos (Tentativa 1/5)...
    [Limite de Requisições]. Aguardando 15 segundos (Tentativa 2/5)...
    [Limite de Requisições]. Aguardando 15 segundos (Tentativa 3/5)...
    [Limite de Requisições]. Aguardando 15 segundos (Tentativa 4/5)...
    [Limite de Requisições]. Aguardando 15 segundos (Tentativa 5/5)...
    [Desistindo do ID 1086] Excedeu tentativas.
 -> Fatiando parágrafo longo (ID: 1091) via IA...
    [Limite de Requisições]. Aguardando 15 segundos (Tentativa 1/5)...
    [Limite de Requisições]. Aguardando 15 segundos (Tentativa 2/5)...
    [Limite de Requisições]. Aguardando 15 segundos (Tentativa 3/5)...
    [Limite de Requisições]. Aguardando 15 segundos (Tentativa 4/5)...
    [Limite de Requisições]. Aguardando 15 segundos (Tentativa 5/5)...
    [Desistindo do ID 1091] Excedeu tentativas.
 -> Fatiando parágrafo longo (ID: 1094) via IA...
    [Limite de Requisições]. Aguardando 15 segundos (Tentativa 1/5)...
    [Limite de Requisições]. Aguardando 15 segundos (Tentativa 2/5)...
    [Limite de Requisições]. Aguardando 15 segundos (Tentativa 3/5)...
    [Limite de Requisições]. Aguardando 15 segundos (Tentativa 4/5)...
    [Limite de Requisições]. Aguardando 15 segundos (Tentativa 5/5)...
    [Desistindo do ID 1094] Excedeu tentativas.
 -> Fatiando parágrafo longo (ID: 1095) via IA...
    [Limite de Requisições]. Aguardando 15 segundos (Tentativa 1/5)...
    [Limite de Requisições]. Aguardando 15 segundos (Tentativa 2/5)...
    [Limite de Requisições]. Aguardando 15 segundos (Tentativa 3/5)...
    [Limite de Requisições]. Aguardando 15 segundos (Tentativa 4/5)...
    [Limite de Requisições]. Aguardando 15 segundos (Tentativa 5/5)...
    [Desistindo do ID 1095] Excedeu tentativas.
 -> Fatiando parágrafo longo (ID: 1096) via IA...
    [Limite de Requisições]. Aguardando 15 segundos (Tentativa 1/5)...
    [Limite de Requisições]. Aguardando 15 segundos (Tentativa 2/5)...
    [Limite de Requisições]. Aguardando 15 segundos (Tentativa 3/5)...
    [Limite de Requisições]. Aguardando 15 segundos (Tentativa 4/5)...
    [Limite de Requisições]. Aguardando 15 segundos (Tentativa 5/5)...
    [Desistindo do ID 1096] Excedeu tentativas.
 -> Fatiando parágrafo longo (ID: 1097) via IA...
    [Limite de Requisições]. Aguardando 15 segundos (Tentativa 1/5)...
    [Limite de Requisições]. Aguardando 15 segundos (Tentativa 2/5)...
    [Limite de Requisições]. Aguardando 15 segundos (Tentativa 3/5)...
    [Limite de Requisições]. Aguardando 15 segundos (Tentativa 4/5)...
    [Limite de Requisições]. Aguardando 15 segundos (Tentativa 5/5)...
    [Desistindo do ID 1097] Excedeu tentativas.
 -> Fatiando parágrafo longo (ID: 1098) via IA...
    [Limite de Requisições]. Aguardando 15 segundos (Tentativa 1/5)...
    [Limite de Requisições]. Aguardando 15 segundos (Tentativa 2/5)...
    [Limite de Requisições]. Aguardando 15 segundos (Tentativa 3/5)...
    [Limite de Requisições]. Aguardando 15 segundos (Tentativa 4/5)...
    [Limite de Requisições]. Aguardando 15 segundos (Tentativa 5/5)...
    [Desistindo do ID 1098] Excedeu tentativas.
 -> Fatiando parágrafo longo (ID: 1099) via IA...
    [Limite de Requisições]. Aguardando 15 segundos (Tentativa 1/5)...
    [Limite de Requisições]. Aguardando 15 segundos (Tentativa 2/5)...
    [Limite de Requisições]. Aguardando 15 segundos (Tentativa 3/5)...
    [Limite de Requisições]. Aguardando 15 segundos (Tentativa 4/5)...
    [Limite de Requisições]. Aguardando 15 segundos (Tentativa 5/5)...
    [Desistindo do ID 1099] Excedeu tentativas.
 -> Fatiando parágrafo longo (ID: 1102) via IA...
    [Limite de Requisições]. Aguardando 15 segundos (Tentativa 1/5)...
    [Limite de Requisições]. Aguardando 15 segundos (Tentativa 2/5)...
    [Limite de Requisições]. Aguardando 15 segundos (Tentativa 3/5)...
    [Limite de Requisições]. Aguardando 15 segundos (Tentativa 4/5)...
    [Limite de Requisições]. Aguardando 15 segundos (Tentativa 5/5)...
    [Desistindo do ID 1102] Excedeu tentativas.
 -> Fatiando parágrafo longo (ID: 1103) via IA...
    [Limite de Requisições]. Aguardando 15 segundos (Tentativa 1/5)...
    [Limite de Requisições]. Aguardando 15 segundos (Tentativa 2/5)...
    [Limite de Requisições]. Aguardando 15 segundos (Tentativa 3/5)...
    [Limite de Requisições]. Aguardando 15 segundos (Tentativa 4/5)...
    [Limite de Requisições]. Aguardando 15 segundos (Tentativa 5/5)...
    [Desistindo do ID 1103] Excedeu tentativas.
 -> Fatiando parágrafo longo (ID: 1104) via IA...
    [Limite de Requisições]. Aguardando 15 segundos (Tentativa 1/5)...
    [Limite de Requisições]. Aguardando 15 segundos (Tentativa 2/5)...
    [Limite de Requisições]. Aguardando 15 segundos (Tentativa 3/5)...
    [Limite de Requisições]. Aguardando 15 segundos (Tentativa 4/5)...
    [Limite de Requisições]. Aguardando 15 segundos (Tentativa 5/5)...
    [Desistindo do ID 1104] Excedeu tentativas.
 -> Fatiando parágrafo longo (ID: 1107) via IA...
    [Limite de Requisições]. Aguardando 15 segundos (Tentativa 1/5)...
    [Limite de Requisições]. Aguardando 15 segundos (Tentativa 2/5)...
    [Limite de Requisições]. Aguardando 15 segundos (Tentativa 3/5)...
    [Limite de Requisições]. Aguardando 15 segundos (Tentativa 4/5)...
    [Limite de Requisições]. Aguardando 15 segundos (Tentativa 5/5)...
    [Desistindo do ID 1107] Excedeu tentativas.
 -> Fatiando parágrafo longo (ID: 1108) via IA...
    [Limite de Requisições]. Aguardando 15 segundos (Tentativa 1/5)...
    [Limite de Requisições]. Aguardando 15 segundos (Tentativa 2/5)...
    [Limite de Requisições]. Aguardando 15 segundos (Tentativa 3/5)...
    [Limite de Requisições]. Aguardando 15 segundos (Tentativa 4/5)...
    [Limite de Requisições]. Aguardando 15 segundos (Tentativa 5/5)...
    [Desistindo do ID 1108] Excedeu tentativas.
 -> Fatiando parágrafo longo (ID: 1109) via IA...
    [Limite de Requisições]. Aguardando 15 segundos (Tentativa 1/5)...
    [Limite de Requisições]. Aguardando 15 segundos (Tentativa 2/5)...
    [Limite de Requisições]. Aguardando 15 segundos (Tentativa 3/5)...
    [Limite de Requisições]. Aguardando 15 segundos (Tentativa 4/5)...
    [Limite de Requisições]. Aguardando 15 segundos (Tentativa 5/5)...
    [Desistindo do ID 1109] Excedeu tentativas.
 -> Fatiando parágrafo longo (ID: 1113) via IA...
    [Limite de Requisições]. Aguardando 15 segundos (Tentativa 1/5)...
    [Limite de Requisições]. Aguardando 15 segundos (Tentativa 2/5)...
    [Limite de Requisições]. Aguardando 15 segundos (Tentativa 3/5)...
    [Limite de Requisições]. Aguardando 15 segundos (Tentativa 4/5)...
    [Limite de Requisições]. Aguardando 15 segundos (Tentativa 5/5)...
    [Desistindo do ID 1113] Excedeu tentativas.
 -> Fatiando parágrafo longo (ID: 1116) via IA...
    [Limite de Requisições]. Aguardando 15 segundos (Tentativa 1/5)...
    [Limite de Requisições]. Aguardando 15 segundos (Tentativa 2/5)...
    [Limite de Requisições]. Aguardando 15 segundos (Tentativa 3/5)...
    [Limite de Requisições]. Aguardando 15 segundos (Tentativa 4/5)...
    [Limite de Requisições]. Aguardando 15 segundos (Tentativa 5/5)...
    [Desistindo do ID 1116] Excedeu tentativas.
 -> Fatiando parágrafo longo (ID: 1117) via IA...
    [Limite de Requisições]. Aguardando 15 segundos (Tentativa 1/5)...
    [Limite de Requisições]. Aguardando 15 segundos (Tentativa 2/5)...
    [Limite de Requisições]. Aguardando 15 segundos (Tentativa 3/5)...
    [Limite de Requisições]. Aguardando 15 segundos (Tentativa 4/5)...
    [Limite de Requisições]. Aguardando 15 segundos (Tentativa 5/5)...
    [Desistindo do ID 1117] Excedeu tentativas.
 -> Fatiando parágrafo longo (ID: 1118) via IA...
    [Limite de Requisições]. Aguardando 15 segundos (Tentativa 1/5)...
    [Limite de Requisições]. Aguardando 15 segundos (Tentativa 2/5)...
    [Limite de Requisições]. Aguardando 15 segundos (Tentativa 3/5)...
    [Limite de Requisições]. Aguardando 15 segundos (Tentativa 4/5)...
    [Limite de Requisições]. Aguardando 15 segundos (Tentativa 5/5)...
    [Desistindo do ID 1118] Excedeu tentativas.
 -> Fatiando parágrafo longo (ID: 1119) via IA...
    [Limite de Requisições]. Aguardando 15 segundos (Tentativa 1/5)...
    [Limite de Requisições]. Aguardando 15 segundos (Tentativa 2/5)...
    [Limite de Requisições]. Aguardando 15 segundos (Tentativa 3/5)...
    [Limite de Requisições]. Aguardando 15 segundos (Tentativa 4/5)...
    [Limite de Requisições]. Aguardando 15 segundos (Tentativa 5/5)...
    [Desistindo do ID 1119] Excedeu tentativas.
 -> Fatiando parágrafo longo (ID: 1120) via IA...
    [Limite de Requisições]. Aguardando 15 segundos (Tentativa 1/5)...
    [Limite de Requisições]. Aguardando 15 segundos (Tentativa 2/5)...
    [Limite de Requisições]. Aguardando 15 segundos (Tentativa 3/5)...
    [Limite de Requisições]. Aguardando 15 segundos (Tentativa 4/5)...
    [Limite de Requisições]. Aguardando 15 segundos (Tentativa 5/5)...
    [Desistindo do ID 1120] Excedeu tentativas.
 -> Fatiando parágrafo longo (ID: 1122) via IA...
    [Limite de Requisições]. Aguardando 15 segundos (Tentativa 1/5)...
    [Limite de Requisições]. Aguardando 15 segundos (Tentativa 2/5)...
    [Limite de Requisições]. Aguardando 15 segundos (Tentativa 3/5)...
    [Limite de Requisições]. Aguardando 15 segundos (Tentativa 4/5)...
    [Limite de Requisições]. Aguardando 15 segundos (Tentativa 5/5)...
    [Desistindo do ID 1122] Excedeu tentativas.
 -> Fatiando parágrafo longo (ID: 1123) via IA...
    [Limite de Requisições]. Aguardando 15 segundos (Tentativa 1/5)...
    [Limite de Requisições]. Aguardando 15 segundos (Tentativa 2/5)...
    [Limite de Requisições]. Aguardando 15 segundos (Tentativa 3/5)...
    [Limite de Requisições]. Aguardando 15 segundos (Tentativa 4/5)...
    [Limite de Requisições]. Aguardando 15 segundos (Tentativa 5/5)...
    [Desistindo do ID 1123] Excedeu tentativas.
 -> Fatiando parágrafo longo (ID: 1124) via IA...
    [Limite de Requisições]. Aguardando 15 segundos (Tentativa 1/5)...
    [Limite de Requisições]. Aguardando 15 segundos (Tentativa 2/5)...
    [Limite de Requisições]. Aguardando 15 segundos (Tentativa 3/5)...
    [Limite de Requisições]. Aguardando 15 segundos (Tentativa 4/5)...
    [Limite de Requisições]. Aguardando 15 segundos (Tentativa 5/5)...
    [Desistindo do ID 1124] Excedeu tentativas.
 -> Fatiando parágrafo longo (ID: 1125) via IA...
    [Limite de Requisições]. Aguardando 15 segundos (Tentativa 1/5)...
    [Limite de Requisições]. Aguardando 15 segundos (Tentativa 2/5)...
    [Limite de Requisições]. Aguardando 15 segundos (Tentativa 3/5)...
    [Limite de Requisições]. Aguardando 15 segundos (Tentativa 4/5)...
    [Limite de Requisições]. Aguardando 15 segundos (Tentativa 5/5)...
    [Desistindo do ID 1125] Excedeu tentativas.
 -> Fatiando parágrafo longo (ID: 1126) via IA...
    [Limite de Requisições]. Aguardando 15 segundos (Tentativa 1/5)...
    [Limite de Requisições]. Aguardando 15 segundos (Tentativa 2/5)...
    [Limite de Requisições]. Aguardando 15 segundos (Tentativa 3/5)...
    [Limite de Requisições]. Aguardando 15 segundos (Tentativa 4/5)...
    [Limite de Requisições]. Aguardando 15 segundos (Tentativa 5/5)...
    [Desistindo do ID 1126] Excedeu tentativas.
 -> Fatiando parágrafo longo (ID: 1127) via IA...
    [Limite de Requisições]. Aguardando 15 segundos (Tentativa 1/5)...
    [Limite de Requisições]. Aguardando 15 segundos (Tentativa 2/5)...
    [Limite de Requisições]. Aguardando 15 segundos (Tentativa 3/5)...
    [Limite de Requisições]. Aguardando 15 segundos (Tentativa 4/5)...
    [Limite de Requisições]. Aguardando 15 segundos (Tentativa 5/5)...
    [Desistindo do ID 1127] Excedeu tentativas.
 -> Fatiando parágrafo longo (ID: 1133) via IA...
    [Limite de Requisições]. Aguardando 15 segundos (Tentativa 1/5)...
    [Limite de Requisições]. Aguardando 15 segundos (Tentativa 2/5)...
    [Limite de Requisições]. Aguardando 15 segundos (Tentativa 3/5)...
    [Limite de Requisições]. Aguardando 15 segundos (Tentativa 4/5)...
    [Limite de Requisições]. Aguardando 15 segundos (Tentativa 5/5)...
    [Desistindo do ID 1133] Excedeu tentativas.
 -> Fatiando parágrafo longo (ID: 1134) via IA...
    [Limite de Requisições]. Aguardando 15 segundos (Tentativa 1/5)...
    [Limite de Requisições]. Aguardando 15 segundos (Tentativa 2/5)...
    [Limite de Requisições]. Aguardando 15 segundos (Tentativa 3/5)...
    [Limite de Requisições]. Aguardando 15 segundos (Tentativa 4/5)...
    [Limite de Requisições]. Aguardando 15 segundos (Tentativa 5/5)...
    [Desistindo do ID 1134] Excedeu tentativas.
 -> Fatiando parágrafo longo (ID: 1135) via IA...
    [Limite de Requisições]. Aguardando 15 segundos (Tentativa 1/5)...
    [Limite de Requisições]. Aguardando 15 segundos (Tentativa 2/5)...
    [Limite de Requisições]. Aguardando 15 segundos (Tentativa 3/5)...
    [Limite de Requisições]. Aguardando 15 segundos (Tentativa 4/5)...
    [Limite de Requisições]. Aguardando 15 segundos (Tentativa 5/5)...
    [Desistindo do ID 1135] Excedeu tentativas.
 -> Fatiando parágrafo longo (ID: 1136) via IA...
    [Limite de Requisições]. Aguardando 15 segundos (Tentativa 1/5)...
    [Limite de Requisições]. Aguardando 15 segundos (Tentativa 2/5)...
    [Limite de Requisições]. Aguardando 15 segundos (Tentativa 3/5)...
    [Erro Fatal no ID 1136]: 503 UNAVAILABLE. {'error': {'code': 503, 'message': 'This model is currently experiencing high demand. Spikes in demand are usually temporary. Please try again later.', 'status': 'UNAVAILABLE'}}
 -> Fatiando parágrafo longo (ID: 1137) via IA...
    [Erro Fatal no ID 1137]: 503 UNAVAILABLE. {'error': {'code': 503, 'message': 'This model is currently experiencing high demand. Spikes in demand are usually temporary. Please try again later.', 'status': 'UNAVAILABLE'}}
 -> Fatiando parágrafo longo (ID: 1138) via IA...
    [Erro Fatal no ID 1138]: 503 UNAVAILABLE. {'error': {'code': 503, 'message': 'This model is currently experiencing high demand. Spikes in demand are usually temporary. Please try again later.', 'status': 'UNAVAILABLE'}}
 -> Fatiando parágrafo longo (ID: 1139) via IA...
    [Erro Fatal no ID 1139]: 503 UNAVAILABLE. {'error': {'code': 503, 'message': 'This model is currently experiencing high demand. Spikes in demand are usually temporary. Please try again later.', 'status': 'UNAVAILABLE'}}
 -> Fatiando parágrafo longo (ID: 1141) via IA...
    [Limite de Requisições]. Aguardando 15 segundos (Tentativa 1/5)...
 -> Fatiando parágrafo longo (ID: 1142) via IA...
 -> Fatiando parágrafo longo (ID: 1143) via IA...
 -> Fatiando parágrafo longo (ID: 1144) via IA...
    [Limite de Requisições]. Aguardando 15 segundos (Tentativa 1/5)...
    [Limite de Requisições]. Aguardando 15 segundos (Tentativa 2/5)...
    [Limite de Requisições]. Aguardando 15 segundos (Tentativa 3/5)...
    [Erro Fatal no ID 1144]: 503 UNAVAILABLE. {'error': {'code': 503, 'message': 'This model is currently experiencing high demand. Spikes in demand are usually temporary. Please try again later.', 'status': 'UNAVAILABLE'}}
 -> Fatiando parágrafo longo (ID: 1145) via IA...
    [Limite de Requisições]. Aguardando 15 segundos (Tentativa 1/5)...
    [Limite de Requisições]. Aguardando 15 segundos (Tentativa 2/5)...
    [Limite de Requisições]. Aguardando 15 segundos (Tentativa 3/5)...
    [Limite de Requisições]. Aguardando 15 segundos (Tentativa 4/5)...
    [Limite de Requisições]. Aguardando 15 segundos (Tentativa 5/5)...
    [Desistindo do ID 1145] Excedeu tentativas.
 -> Fatiando parágrafo longo (ID: 1146) via IA...
    [Limite de Requisições]. Aguardando 15 segundos (Tentativa 1/5)...
    [Limite de Requisições]. Aguardando 15 segundos (Tentativa 2/5)...
    [Limite de Requisições]. Aguardando 15 segundos (Tentativa 3/5)...
    [Limite de Requisições]. Aguardando 15 segundos (Tentativa 4/5)...
    [Limite de Requisições]. Aguardando 15 segundos (Tentativa 5/5)...
    [Desistindo do ID 1146] Excedeu tentativas.
 -> Fatiando parágrafo longo (ID: 1147) via IA...
    [Limite de Requisições]. Aguardando 15 segundos (Tentativa 1/5)...
    [Limite de Requisições]. Aguardando 15 segundos (Tentativa 2/5)...
    [Limite de Requisições]. Aguardando 15 segundos (Tentativa 3/5)...
    [Limite de Requisições]. Aguardando 15 segundos (Tentativa 4/5)...
    [Limite de Requisições]. Aguardando 15 segundos (Tentativa 5/5)...
    [Desistindo do ID 1147] Excedeu tentativas.
 -> Fatiando parágrafo longo (ID: 1148) via IA...
    [Limite de Requisições]. Aguardando 15 segundos (Tentativa 1/5)...
    [Limite de Requisições]. Aguardando 15 segundos (Tentativa 2/5)...
    [Limite de Requisições]. Aguardando 15 segundos (Tentativa 3/5)...
    [Limite de Requisições]. Aguardando 15 segundos (Tentativa 4/5)...
    [Limite de Requisições]. Aguardando 15 segundos (Tentativa 5/5)...
    [Desistindo do ID 1148] Excedeu tentativas.
 -> Fatiando parágrafo longo (ID: 1149) via IA...
    [Limite de Requisições]. Aguardando 15 segundos (Tentativa 1/5)...
    [Limite de Requisições]. Aguardando 15 segundos (Tentativa 2/5)...
    [Limite de Requisições]. Aguardando 15 segundos (Tentativa 3/5)...
    [Limite de Requisições]. Aguardando 15 segundos (Tentativa 4/5)...
    [Limite de Requisições]. Aguardando 15 segundos (Tentativa 5/5)...
    [Desistindo do ID 1149] Excedeu tentativas.
 -> Fatiando parágrafo longo (ID: 1150) via IA...
    [Limite de Requisições]. Aguardando 15 segundos (Tentativa 1/5)...
    [Limite de Requisições]. Aguardando 15 segundos (Tentativa 2/5)...
    [Limite de Requisições]. Aguardando 15 segundos (Tentativa 3/5)...
    [Limite de Requisições]. Aguardando 15 segundos (Tentativa 4/5)...
    [Limite de Requisições]. Aguardando 15 segundos (Tentativa 5/5)...
    [Desistindo do ID 1150] Excedeu tentativas.
 -> Fatiando parágrafo longo (ID: 1151) via IA...
    [Limite de Requisições]. Aguardando 15 segundos (Tentativa 1/5)...
    [Limite de Requisições]. Aguardando 15 segundos (Tentativa 2/5)...
    [Limite de Requisições]. Aguardando 15 segundos (Tentativa 3/5)...
    [Limite de Requisições]. Aguardando 15 segundos (Tentativa 4/5)...
    [Limite de Requisições]. Aguardando 15 segundos (Tentativa 5/5)...
    [Desistindo do ID 1151] Excedeu tentativas.
 -> Fatiando parágrafo longo (ID: 1152) via IA...
    [Limite de Requisições]. Aguardando 15 segundos (Tentativa 1/5)...
    [Limite de Requisições]. Aguardando 15 segundos (Tentativa 2/5)...
    [Limite de Requisições]. Aguardando 15 segundos (Tentativa 3/5)...
    [Limite de Requisições]. Aguardando 15 segundos (Tentativa 4/5)...
    [Limite de Requisições]. Aguardando 15 segundos (Tentativa 5/5)...
    [Desistindo do ID 1152] Excedeu tentativas.
 -> Fatiando parágrafo longo (ID: 1153) via IA...
    [Limite de Requisições]. Aguardando 15 segundos (Tentativa 1/5)...
    [Limite de Requisições]. Aguardando 15 segundos (Tentativa 2/5)...
    [Limite de Requisições]. Aguardando 15 segundos (Tentativa 3/5)...
    [Limite de Requisições]. Aguardando 15 segundos (Tentativa 4/5)...
    [Limite de Requisições]. Aguardando 15 segundos (Tentativa 5/5)...
    [Desistindo do ID 1153] Excedeu tentativas.
 -> Fatiando parágrafo longo (ID: 1154) via IA...
    [Limite de Requisições]. Aguardando 15 segundos (Tentativa 1/5)...
    [Limite de Requisições]. Aguardando 15 segundos (Tentativa 2/5)...
    [Limite de Requisições]. Aguardando 15 segundos (Tentativa 3/5)...
    [Limite de Requisições]. Aguardando 15 segundos (Tentativa 4/5)...
    [Limite de Requisições]. Aguardando 15 segundos (Tentativa 5/5)...
    [Desistindo do ID 1154] Excedeu tentativas.
 -> Fatiando parágrafo longo (ID: 1155) via IA...
    [Limite de Requisições]. Aguardando 15 segundos (Tentativa 1/5)...
    [Limite de Requisições]. Aguardando 15 segundos (Tentativa 2/5)...
    [Limite de Requisições]. Aguardando 15 segundos (Tentativa 3/5)...
    [Limite de Requisições]. Aguardando 15 segundos (Tentativa 4/5)...
    [Limite de Requisições]. Aguardando 15 segundos (Tentativa 5/5)...
    [Desistindo do ID 1155] Excedeu tentativas.
 -> Fatiando parágrafo longo (ID: 1156) via IA...
    [Limite de Requisições]. Aguardando 15 segundos (Tentativa 1/5)...
    [Limite de Requisições]. Aguardando 15 segundos (Tentativa 2/5)...
    [Limite de Requisições]. Aguardando 15 segundos (Tentativa 3/5)...
    [Limite de Requisições]. Aguardando 15 segundos (Tentativa 4/5)...
    [Limite de Requisições]. Aguardando 15 segundos (Tentativa 5/5)...
    [Desistindo do ID 1156] Excedeu tentativas.
 -> Fatiando parágrafo longo (ID: 1157) via IA...
    [Limite de Requisições]. Aguardando 15 segundos (Tentativa 1/5)...
    [Limite de Requisições]. Aguardando 15 segundos (Tentativa 2/5)...
    [Limite de Requisições]. Aguardando 15 segundos (Tentativa 3/5)...
    [Limite de Requisições]. Aguardando 15 segundos (Tentativa 4/5)...
    [Limite de Requisições]. Aguardando 15 segundos (Tentativa 5/5)...
    [Desistindo do ID 1157] Excedeu tentativas.
 -> Fatiando parágrafo longo (ID: 1158) via IA...
    [Limite de Requisições]. Aguardando 15 segundos (Tentativa 1/5)...
    [Limite de Requisições]. Aguardando 15 segundos (Tentativa 2/5)...
    [Limite de Requisições]. Aguardando 15 segundos (Tentativa 3/5)...
    [Limite de Requisições]. Aguardando 15 segundos (Tentativa 4/5)...
    [Limite de Requisições]. Aguardando 15 segundos (Tentativa 5/5)...
    [Desistindo do ID 1158] Excedeu tentativas.
 -> Fatiando parágrafo longo (ID: 1159) via IA...
    [Limite de Requisições]. Aguardando 15 segundos (Tentativa 1/5)...
    [Limite de Requisições]. Aguardando 15 segundos (Tentativa 2/5)...
    [Limite de Requisições]. Aguardando 15 segundos (Tentativa 3/5)...
    [Limite de Requisições]. Aguardando 15 segundos (Tentativa 4/5)...
    [Limite de Requisições]. Aguardando 15 segundos (Tentativa 5/5)...
    [Desistindo do ID 1159] Excedeu tentativas.
 -> Fatiando parágrafo longo (ID: 1160) via IA...
    [Limite de Requisições]. Aguardando 15 segundos (Tentativa 1/5)...
    [Limite de Requisições]. Aguardando 15 segundos (Tentativa 2/5)...
    [Limite de Requisições]. Aguardando 15 segundos (Tentativa 3/5)...
    [Limite de Requisições]. Aguardando 15 segundos (Tentativa 4/5)...
    [Limite de Requisições]. Aguardando 15 segundos (Tentativa 5/5)...
    [Desistindo do ID 1160] Excedeu tentativas.
 -> Fatiando parágrafo longo (ID: 1161) via IA...
    [Limite de Requisições]. Aguardando 15 segundos (Tentativa 1/5)...
    [Limite de Requisições]. Aguardando 15 segundos (Tentativa 2/5)...
    [Limite de Requisições]. Aguardando 15 segundos (Tentativa 3/5)...
    [Limite de Requisições]. Aguardando 15 segundos (Tentativa 4/5)...
    [Limite de Requisições]. Aguardando 15 segundos (Tentativa 5/5)...
    [Desistindo do ID 1161] Excedeu tentativas.
 -> Fatiando parágrafo longo (ID: 1162) via IA...
    [Limite de Requisições]. Aguardando 15 segundos (Tentativa 1/5)...
    [Limite de Requisições]. Aguardando 15 segundos (Tentativa 2/5)...
    [Limite de Requisições]. Aguardando 15 segundos (Tentativa 3/5)...
    [Limite de Requisições]. Aguardando 15 segundos (Tentativa 4/5)...
    [Limite de Requisições]. Aguardando 15 segundos (Tentativa 5/5)...
    [Desistindo do ID 1162] Excedeu tentativas.
 -> Fatiando parágrafo longo (ID: 1163) via IA...
    [Limite de Requisições]. Aguardando 15 segundos (Tentativa 1/5)...
    [Limite de Requisições]. Aguardando 15 segundos (Tentativa 2/5)...
    [Limite de Requisições]. Aguardando 15 segundos (Tentativa 3/5)...
    [Limite de Requisições]. Aguardando 15 segundos (Tentativa 4/5)...
    [Limite de Requisições]. Aguardando 15 segundos (Tentativa 5/5)...
    [Desistindo do ID 1163] Excedeu tentativas.
 -> Fatiando parágrafo longo (ID: 1164) via IA...
    [Limite de Requisições]. Aguardando 15 segundos (Tentativa 1/5)...
    [Limite de Requisições]. Aguardando 15 segundos (Tentativa 2/5)...
    [Limite de Requisições]. Aguardando 15 segundos (Tentativa 3/5)...
    [Limite de Requisições]. Aguardando 15 segundos (Tentativa 4/5)...
    [Limite de Requisições]. Aguardando 15 segundos (Tentativa 5/5)...
    [Desistindo do ID 1164] Excedeu tentativas.
 -> Fatiando parágrafo longo (ID: 1165) via IA...
    [Limite de Requisições]. Aguardando 15 segundos (Tentativa 1/5)...
    [Limite de Requisições]. Aguardando 15 segundos (Tentativa 2/5)...
    [Limite de Requisições]. Aguardando 15 segundos (Tentativa 3/5)...
    [Limite de Requisições]. Aguardando 15 segundos (Tentativa 4/5)...
    [Limite de Requisições]. Aguardando 15 segundos (Tentativa 5/5)...
    [Desistindo do ID 1165] Excedeu tentativas.
 -> Fatiando parágrafo longo (ID: 1166) via IA...
    [Limite de Requisições]. Aguardando 15 segundos (Tentativa 1/5)...
    [Limite de Requisições]. Aguardando 15 segundos (Tentativa 2/5)...
    [Limite de Requisições]. Aguardando 15 segundos (Tentativa 3/5)...
    [Limite de Requisições]. Aguardando 15 segundos (Tentativa 4/5)...
    [Limite de Requisições]. Aguardando 15 segundos (Tentativa 5/5)...
    [Desistindo do ID 1166] Excedeu tentativas.
 -> Fatiando parágrafo longo (ID: 1167) via IA...
    [Limite de Requisições]. Aguardando 15 segundos (Tentativa 1/5)...
    [Limite de Requisições]. Aguardando 15 segundos (Tentativa 2/5)...
    [Limite de Requisições]. Aguardando 15 segundos (Tentativa 3/5)...
    [Limite de Requisições]. Aguardando 15 segundos (Tentativa 4/5)...
    [Limite de Requisições]. Aguardando 15 segundos (Tentativa 5/5)...
    [Desistindo do ID 1167] Excedeu tentativas.
 -> Fatiando parágrafo longo (ID: 1168) via IA...
    [Limite de Requisições]. Aguardando 15 segundos (Tentativa 1/5)...
    [Limite de Requisições]. Aguardando 15 segundos (Tentativa 2/5)...
    [Limite de Requisições]. Aguardando 15 segundos (Tentativa 3/5)...
    [Limite de Requisições]. Aguardando 15 segundos (Tentativa 4/5)...
    [Limite de Requisições]. Aguardando 15 segundos (Tentativa 5/5)...
    [Desistindo do ID 1168] Excedeu tentativas.
 -> Fatiando parágrafo longo (ID: 1169) via IA...
    [Limite de Requisições]. Aguardando 15 segundos (Tentativa 1/5)...
    [Limite de Requisições]. Aguardando 15 segundos (Tentativa 2/5)...
    [Limite de Requisições]. Aguardando 15 segundos (Tentativa 3/5)...
    [Limite de Requisições]. Aguardando 15 segundos (Tentativa 4/5)...
    [Limite de Requisições]. Aguardando 15 segundos (Tentativa 5/5)...
    [Desistindo do ID 1169] Excedeu tentativas.
 -> Fatiando parágrafo longo (ID: 1170) via IA...
    [Limite de Requisições]. Aguardando 15 segundos (Tentativa 1/5)...
    [Limite de Requisições]. Aguardando 15 segundos (Tentativa 2/5)...
    [Limite de Requisições]. Aguardando 15 segundos (Tentativa 3/5)...
    [Limite de Requisições]. Aguardando 15 segundos (Tentativa 4/5)...
    [Limite de Requisições]. Aguardando 15 segundos (Tentativa 5/5)...
    [Desistindo do ID 1170] Excedeu tentativas.
 -> Fatiando parágrafo longo (ID: 1171) via IA...
    [Limite de Requisições]. Aguardando 15 segundos (Tentativa 1/5)...
    [Limite de Requisições]. Aguardando 15 segundos (Tentativa 2/5)...
    [Limite de Requisições]. Aguardando 15 segundos (Tentativa 3/5)...
    [Limite de Requisições]. Aguardando 15 segundos (Tentativa 4/5)...
    [Limite de Requisições]. Aguardando 15 segundos (Tentativa 5/5)...
    [Desistindo do ID 1171] Excedeu tentativas.
 -> Fatiando parágrafo longo (ID: 1172) via IA...
    [Limite de Requisições]. Aguardando 15 segundos (Tentativa 1/5)...
    [Limite de Requisições]. Aguardando 15 segundos (Tentativa 2/5)...
    [Erro Fatal no ID 1172]: 503 UNAVAILABLE. {'error': {'code': 503, 'message': 'This model is currently experiencing high demand. Spikes in demand are usually temporary. Please try again later.', 'status': 'UNAVAILABLE'}}
 -> Fatiando parágrafo longo (ID: 1174) via IA...
    [Limite de Requisições]. Aguardando 15 segundos (Tentativa 1/5)...
    [Limite de Requisições]. Aguardando 15 segundos (Tentativa 2/5)...
    [Limite de Requisições]. Aguardando 15 segundos (Tentativa 3/5)...
 -> Fatiando parágrafo longo (ID: 1175) via IA...
    [Limite de Requisições]. Aguardando 15 segundos (Tentativa 1/5)...
    [Limite de Requisições]. Aguardando 15 segundos (Tentativa 2/5)...
    [Limite de Requisições]. Aguardando 15 segundos (Tentativa 3/5)...
    [Limite de Requisições]. Aguardando 15 segundos (Tentativa 4/5)...
    [Limite de Requisições]. Aguardando 15 segundos (Tentativa 5/5)...
    [Desistindo do ID 1175] Excedeu tentativas.
 -> Fatiando parágrafo longo (ID: 1176) via IA...
    [Limite de Requisições]. Aguardando 15 segundos (Tentativa 1/5)...
 -> Fatiando parágrafo longo (ID: 1177) via IA...
    [Limite de Requisições]. Aguardando 15 segundos (Tentativa 1/5)...
    [Limite de Requisições]. Aguardando 15 segundos (Tentativa 2/5)...
    [Limite de Requisições]. Aguardando 15 segundos (Tentativa 3/5)...
    [Limite de Requisições]. Aguardando 15 segundos (Tentativa 4/5)...
    [Limite de Requisições]. Aguardando 15 segundos (Tentativa 5/5)...
    [Desistindo do ID 1177] Excedeu tentativas.
 -> Fatiando parágrafo longo (ID: 1178) via IA...
    [Limite de Requisições]. Aguardando 15 segundos (Tentativa 1/5)...
    [Limite de Requisições]. Aguardando 15 segundos (Tentativa 2/5)...
    [Limite de Requisições]. Aguardando 15 segundos (Tentativa 3/5)...
    [Limite de Requisições]. Aguardando 15 segundos (Tentativa 4/5)...
    [Limite de Requisições]. Aguardando 15 segundos (Tentativa 5/5)...
    [Desistindo do ID 1178] Excedeu tentativas.
 -> Fatiando parágrafo longo (ID: 1179) via IA...
    [Limite de Requisições]. Aguardando 15 segundos (Tentativa 1/5)...
    [Limite de Requisições]. Aguardando 15 segundos (Tentativa 2/5)...
    [Limite de Requisições]. Aguardando 15 segundos (Tentativa 3/5)...
    [Limite de Requisições]. Aguardando 15 segundos (Tentativa 4/5)...
    [Limite de Requisições]. Aguardando 15 segundos (Tentativa 5/5)...
    [Desistindo do ID 1179] Excedeu tentativas.
 -> Fatiando parágrafo longo (ID: 1180) via IA...
    [Limite de Requisições]. Aguardando 15 segundos (Tentativa 1/5)...
    [Limite de Requisições]. Aguardando 15 segundos (Tentativa 2/5)...
    [Limite de Requisições]. Aguardando 15 segundos (Tentativa 3/5)...
    [Limite de Requisições]. Aguardando 15 segundos (Tentativa 4/5)...
    [Limite de Requisições]. Aguardando 15 segundos (Tentativa 5/5)...
    [Desistindo do ID 1180] Excedeu tentativas.
 -> Fatiando parágrafo longo (ID: 1181) via IA...
    [Limite de Requisições]. Aguardando 15 segundos (Tentativa 1/5)...
    [Limite de Requisições]. Aguardando 15 segundos (Tentativa 2/5)...
    [Limite de Requisições]. Aguardando 15 segundos (Tentativa 3/5)...
    [Limite de Requisições]. Aguardando 15 segundos (Tentativa 4/5)...
    [Limite de Requisições]. Aguardando 15 segundos (Tentativa 5/5)...
    [Desistindo do ID 1181] Excedeu tentativas.
 -> Fatiando parágrafo longo (ID: 1182) via IA...
    [Limite de Requisições]. Aguardando 15 segundos (Tentativa 1/5)...
    [Limite de Requisições]. Aguardando 15 segundos (Tentativa 2/5)...
    [Limite de Requisições]. Aguardando 15 segundos (Tentativa 3/5)...
    [Limite de Requisições]. Aguardando 15 segundos (Tentativa 4/5)...
    [Limite de Requisições]. Aguardando 15 segundos (Tentativa 5/5)...
    [Desistindo do ID 1182] Excedeu tentativas.
 -> Fatiando parágrafo longo (ID: 1183) via IA...
    [Limite de Requisições]. Aguardando 15 segundos (Tentativa 1/5)...
    [Limite de Requisições]. Aguardando 15 segundos (Tentativa 2/5)...
    [Limite de Requisições]. Aguardando 15 segundos (Tentativa 3/5)...
    [Limite de Requisições]. Aguardando 15 segundos (Tentativa 4/5)...
    [Limite de Requisições]. Aguardando 15 segundos (Tentativa 5/5)...
    [Desistindo do ID 1183] Excedeu tentativas.
 -> Fatiando parágrafo longo (ID: 1184) via IA...
    [Limite de Requisições]. Aguardando 15 segundos (Tentativa 1/5)...
    [Limite de Requisições]. Aguardando 15 segundos (Tentativa 2/5)...
    [Limite de Requisições]. Aguardando 15 segundos (Tentativa 3/5)...
    [Limite de Requisições]. Aguardando 15 segundos (Tentativa 4/5)...
    [Limite de Requisições]. Aguardando 15 segundos (Tentativa 5/5)...
    [Desistindo do ID 1184] Excedeu tentativas.
 -> Fatiando parágrafo longo (ID: 1185) via IA...
    [Limite de Requisições]. Aguardando 15 segundos (Tentativa 1/5)...
    [Limite de Requisições]. Aguardando 15 segundos (Tentativa 2/5)...
    [Limite de Requisições]. Aguardando 15 segundos (Tentativa 3/5)...
    [Limite de Requisições]. Aguardando 15 segundos (Tentativa 4/5)...
    [Limite de Requisições]. Aguardando 15 segundos (Tentativa 5/5)...
    [Desistindo do ID 1185] Excedeu tentativas.
 -> Fatiando parágrafo longo (ID: 1186) via IA...
    [Limite de Requisições]. Aguardando 15 segundos (Tentativa 1/5)...
    [Limite de Requisições]. Aguardando 15 segundos (Tentativa 2/5)...
    [Limite de Requisições]. Aguardando 15 segundos (Tentativa 3/5)...
    [Limite de Requisições]. Aguardando 15 segundos (Tentativa 4/5)...
    [Limite de Requisições]. Aguardando 15 segundos (Tentativa 5/5)...
    [Desistindo do ID 1186] Excedeu tentativas.
 -> Fatiando parágrafo longo (ID: 1189) via IA...
    [Limite de Requisições]. Aguardando 15 segundos (Tentativa 1/5)...
    [Limite de Requisições]. Aguardando 15 segundos (Tentativa 2/5)...
    [Limite de Requisições]. Aguardando 15 segundos (Tentativa 3/5)...
    [Limite de Requisições]. Aguardando 15 segundos (Tentativa 4/5)...
    [Limite de Requisições]. Aguardando 15 segundos (Tentativa 5/5)...
    [Desistindo do ID 1189] Excedeu tentativas.
 -> Fatiando parágrafo longo (ID: 1191) via IA...
    [Limite de Requisições]. Aguardando 15 segundos (Tentativa 1/5)...
    [Limite de Requisições]. Aguardando 15 segundos (Tentativa 2/5)...
    [Limite de Requisições]. Aguardando 15 segundos (Tentativa 3/5)...
    [Limite de Requisições]. Aguardando 15 segundos (Tentativa 4/5)...
    [Limite de Requisições]. Aguardando 15 segundos (Tentativa 5/5)...
    [Desistindo do ID 1191] Excedeu tentativas.
 -> Fatiando parágrafo longo (ID: 1192) via IA...
    [Limite de Requisições]. Aguardando 15 segundos (Tentativa 1/5)...
    [Limite de Requisições]. Aguardando 15 segundos (Tentativa 2/5)...
    [Limite de Requisições]. Aguardando 15 segundos (Tentativa 3/5)...
    [Limite de Requisições]. Aguardando 15 segundos (Tentativa 4/5)...
    [Limite de Requisições]. Aguardando 15 segundos (Tentativa 5/5)...
    [Desistindo do ID 1192] Excedeu tentativas.
 -> Fatiando parágrafo longo (ID: 1193) via IA...
    [Limite de Requisições]. Aguardando 15 segundos (Tentativa 1/5)...
    [Limite de Requisições]. Aguardando 15 segundos (Tentativa 2/5)...
    [Limite de Requisições]. Aguardando 15 segundos (Tentativa 3/5)...
    [Limite de Requisições]. Aguardando 15 segundos (Tentativa 4/5)...
    [Limite de Requisições]. Aguardando 15 segundos (Tentativa 5/5)...
    [Desistindo do ID 1193] Excedeu tentativas.
 -> Fatiando parágrafo longo (ID: 1194) via IA...
    [Limite de Requisições]. Aguardando 15 segundos (Tentativa 1/5)...
    [Limite de Requisições]. Aguardando 15 segundos (Tentativa 2/5)...
    [Limite de Requisições]. Aguardando 15 segundos (Tentativa 3/5)...
    [Limite de Requisições]. Aguardando 15 segundos (Tentativa 4/5)...
    [Limite de Requisições]. Aguardando 15 segundos (Tentativa 5/5)...
    [Desistindo do ID 1194] Excedeu tentativas.
 -> Fatiando parágrafo longo (ID: 1195) via IA...
    [Limite de Requisições]. Aguardando 15 segundos (Tentativa 1/5)...
    [Limite de Requisições]. Aguardando 15 segundos (Tentativa 2/5)...
    [Limite de Requisições]. Aguardando 15 segundos (Tentativa 3/5)...
    [Limite de Requisições]. Aguardando 15 segundos (Tentativa 4/5)...
    [Limite de Requisições]. Aguardando 15 segundos (Tentativa 5/5)...
    [Desistindo do ID 1195] Excedeu tentativas.
 -> Fatiando parágrafo longo (ID: 1196) via IA...
    [Limite de Requisições]. Aguardando 15 segundos (Tentativa 1/5)...
    [Limite de Requisições]. Aguardando 15 segundos (Tentativa 2/5)...
    [Limite de Requisições]. Aguardando 15 segundos (Tentativa 3/5)...
    [Limite de Requisições]. Aguardando 15 segundos (Tentativa 4/5)...
    [Limite de Requisições]. Aguardando 15 segundos (Tentativa 5/5)...
    [Desistindo do ID 1196] Excedeu tentativas.
 -> Fatiando parágrafo longo (ID: 1198) via IA...
    [Limite de Requisições]. Aguardando 15 segundos (Tentativa 1/5)...
    [Limite de Requisições]. Aguardando 15 segundos (Tentativa 2/5)...
    [Limite de Requisições]. Aguardando 15 segundos (Tentativa 3/5)...
    [Limite de Requisições]. Aguardando 15 segundos (Tentativa 4/5)...
    [Limite de Requisições]. Aguardando 15 segundos (Tentativa 5/5)...
    [Desistindo do ID 1198] Excedeu tentativas.
 -> Fatiando parágrafo longo (ID: 1199) via IA...
    [Limite de Requisições]. Aguardando 15 segundos (Tentativa 1/5)...
    [Limite de Requisições]. Aguardando 15 segundos (Tentativa 2/5)...
    [Limite de Requisições]. Aguardando 15 segundos (Tentativa 3/5)...
    [Limite de Requisições]. Aguardando 15 segundos (Tentativa 4/5)...
    [Limite de Requisições]. Aguardando 15 segundos (Tentativa 5/5)...
    [Desistindo do ID 1199] Excedeu tentativas.
 -> Fatiando parágrafo longo (ID: 1200) via IA...
    [Limite de Requisições]. Aguardando 15 segundos (Tentativa 1/5)...
    [Limite de Requisições]. Aguardando 15 segundos (Tentativa 2/5)...
    [Limite de Requisições]. Aguardando 15 segundos (Tentativa 3/5)...
    [Limite de Requisições]. Aguardando 15 segundos (Tentativa 4/5)...
    [Limite de Requisições]. Aguardando 15 segundos (Tentativa 5/5)...
    [Desistindo do ID 1200] Excedeu tentativas.
 -> Fatiando parágrafo longo (ID: 1201) via IA...
    [Limite de Requisições]. Aguardando 15 segundos (Tentativa 1/5)...
    [Limite de Requisições]. Aguardando 15 segundos (Tentativa 2/5)...
    [Limite de Requisições]. Aguardando 15 segundos (Tentativa 3/5)...
    [Limite de Requisições]. Aguardando 15 segundos (Tentativa 4/5)...
    [Limite de Requisições]. Aguardando 15 segundos (Tentativa 5/5)...
    [Desistindo do ID 1201] Excedeu tentativas.
 -> Fatiando parágrafo longo (ID: 1202) via IA...
    [Limite de Requisições]. Aguardando 15 segundos (Tentativa 1/5)...
    [Limite de Requisições]. Aguardando 15 segundos (Tentativa 2/5)...
    [Limite de Requisições]. Aguardando 15 segundos (Tentativa 3/5)...
    [Limite de Requisições]. Aguardando 15 segundos (Tentativa 4/5)...
    [Limite de Requisições]. Aguardando 15 segundos (Tentativa 5/5)...
    [Desistindo do ID 1202] Excedeu tentativas.
 -> Fatiando parágrafo longo (ID: 1203) via IA...
    [Limite de Requisições]. Aguardando 15 segundos (Tentativa 1/5)...
    [Limite de Requisições]. Aguardando 15 segundos (Tentativa 2/5)...
    [Limite de Requisições]. Aguardando 15 segundos (Tentativa 3/5)...
    [Limite de Requisições]. Aguardando 15 segundos (Tentativa 4/5)...
    [Limite de Requisições]. Aguardando 15 segundos (Tentativa 5/5)...
    [Desistindo do ID 1203] Excedeu tentativas.
 -> Fatiando parágrafo longo (ID: 1206) via IA...
    [Limite de Requisições]. Aguardando 15 segundos (Tentativa 1/5)...
    [Limite de Requisições]. Aguardando 15 segundos (Tentativa 2/5)...
    [Limite de Requisições]. Aguardando 15 segundos (Tentativa 3/5)...
    [Limite de Requisições]. Aguardando 15 segundos (Tentativa 4/5)...
    [Limite de Requisições]. Aguardando 15 segundos (Tentativa 5/5)...
    [Desistindo do ID 1206] Excedeu tentativas.
 -> Fatiando parágrafo longo (ID: 1207) via IA...
    [Limite de Requisições]. Aguardando 15 segundos (Tentativa 1/5)...
    [Limite de Requisições]. Aguardando 15 segundos (Tentativa 2/5)...
    [Limite de Requisições]. Aguardando 15 segundos (Tentativa 3/5)...
    [Limite de Requisições]. Aguardando 15 segundos (Tentativa 4/5)...
    [Limite de Requisições]. Aguardando 15 segundos (Tentativa 5/5)...
    [Desistindo do ID 1207] Excedeu tentativas.
 -> Fatiando parágrafo longo (ID: 1208) via IA...
    [Limite de Requisições]. Aguardando 15 segundos (Tentativa 1/5)...
    [Limite de Requisições]. Aguardando 15 segundos (Tentativa 2/5)...
    [Limite de Requisições]. Aguardando 15 segundos (Tentativa 3/5)...
    [Limite de Requisições]. Aguardando 15 segundos (Tentativa 4/5)...
    [Limite de Requisições]. Aguardando 15 segundos (Tentativa 5/5)...
    [Desistindo do ID 1208] Excedeu tentativas.
 -> Fatiando parágrafo longo (ID: 1209) via IA...
    [Limite de Requisições]. Aguardando 15 segundos (Tentativa 1/5)...
    [Limite de Requisições]. Aguardando 15 segundos (Tentativa 2/5)...
    [Limite de Requisições]. Aguardando 15 segundos (Tentativa 3/5)...
    [Limite de Requisições]. Aguardando 15 segundos (Tentativa 4/5)...
    [Limite de Requisições]. Aguardando 15 segundos (Tentativa 5/5)...
    [Desistindo do ID 1209] Excedeu tentativas.
 -> Fatiando parágrafo longo (ID: 1210) via IA...
    [Limite de Requisições]. Aguardando 15 segundos (Tentativa 1/5)...
    [Limite de Requisições]. Aguardando 15 segundos (Tentativa 2/5)...
    [Limite de Requisições]. Aguardando 15 segundos (Tentativa 3/5)...
    [Limite de Requisições]. Aguardando 15 segundos (Tentativa 4/5)...
    [Limite de Requisições]. Aguardando 15 segundos (Tentativa 5/5)...
    [Desistindo do ID 1210] Excedeu tentativas.
 -> Fatiando parágrafo longo (ID: 1211) via IA...
    [Limite de Requisições]. Aguardando 15 segundos (Tentativa 1/5)...
    [Limite de Requisições]. Aguardando 15 segundos (Tentativa 2/5)...
    [Limite de Requisições]. Aguardando 15 segundos (Tentativa 3/5)...
    [Limite de Requisições]. Aguardando 15 segundos (Tentativa 4/5)...
    [Limite de Requisições]. Aguardando 15 segundos (Tentativa 5/5)...
    [Desistindo do ID 1211] Excedeu tentativas.
 -> Fatiando parágrafo longo (ID: 1212) via IA...
    [Limite de Requisições]. Aguardando 15 segundos (Tentativa 1/5)...
    [Limite de Requisições]. Aguardando 15 segundos (Tentativa 2/5)...
    [Limite de Requisições]. Aguardando 15 segundos (Tentativa 3/5)...
    [Limite de Requisições]. Aguardando 15 segundos (Tentativa 4/5)...
    [Limite de Requisições]. Aguardando 15 segundos (Tentativa 5/5)...
    [Desistindo do ID 1212] Excedeu tentativas.
 -> Fatiando parágrafo longo (ID: 1213) via IA...
    [Limite de Requisições]. Aguardando 15 segundos (Tentativa 1/5)...
    [Limite de Requisições]. Aguardando 15 segundos (Tentativa 2/5)...
    [Limite de Requisições]. Aguardando 15 segundos (Tentativa 3/5)...
    [Limite de Requisições]. Aguardando 15 segundos (Tentativa 4/5)...
    [Limite de Requisições]. Aguardando 15 segundos (Tentativa 5/5)...
    [Desistindo do ID 1213] Excedeu tentativas.
 -> Fatiando parágrafo longo (ID: 1214) via IA...
    [Limite de Requisições]. Aguardando 15 segundos (Tentativa 1/5)...
    [Limite de Requisições]. Aguardando 15 segundos (Tentativa 2/5)...
    [Limite de Requisições]. Aguardando 15 segundos (Tentativa 3/5)...
    [Limite de Requisições]. Aguardando 15 segundos (Tentativa 4/5)...
    [Limite de Requisições]. Aguardando 15 segundos (Tentativa 5/5)...
    [Desistindo do ID 1214] Excedeu tentativas.
 -> Fatiando parágrafo longo (ID: 1215) via IA...
    [Limite de Requisições]. Aguardando 15 segundos (Tentativa 1/5)...
    [Limite de Requisições]. Aguardando 15 segundos (Tentativa 2/5)...
    [Limite de Requisições]. Aguardando 15 segundos (Tentativa 3/5)...
    [Limite de Requisições]. Aguardando 15 segundos (Tentativa 4/5)...
    [Limite de Requisições]. Aguardando 15 segundos (Tentativa 5/5)...
    [Desistindo do ID 1215] Excedeu tentativas.
 -> Fatiando parágrafo longo (ID: 1216) via IA...
    [Limite de Requisições]. Aguardando 15 segundos (Tentativa 1/5)...
    [Limite de Requisições]. Aguardando 15 segundos (Tentativa 2/5)...
    [Limite de Requisições]. Aguardando 15 segundos (Tentativa 3/5)...
    [Limite de Requisições]. Aguardando 15 segundos (Tentativa 4/5)...
    [Limite de Requisições]. Aguardando 15 segundos (Tentativa 5/5)...
    [Desistindo do ID 1216] Excedeu tentativas.
 -> Fatiando parágrafo longo (ID: 1217) via IA...
    [Limite de Requisições]. Aguardando 15 segundos (Tentativa 1/5)...
    [Limite de Requisições]. Aguardando 15 segundos (Tentativa 2/5)...
    [Limite de Requisições]. Aguardando 15 segundos (Tentativa 3/5)...
    [Limite de Requisições]. Aguardando 15 segundos (Tentativa 4/5)...
    [Limite de Requisições]. Aguardando 15 segundos (Tentativa 5/5)...
    [Desistindo do ID 1217] Excedeu tentativas.
 -> Fatiando parágrafo longo (ID: 1219) via IA...
    [Limite de Requisições]. Aguardando 15 segundos (Tentativa 1/5)...
    [Limite de Requisições]. Aguardando 15 segundos (Tentativa 2/5)...
    [Limite de Requisições]. Aguardando 15 segundos (Tentativa 3/5)...
    [Limite de Requisições]. Aguardando 15 segundos (Tentativa 4/5)...
    [Limite de Requisições]. Aguardando 15 segundos (Tentativa 5/5)...
    [Desistindo do ID 1219] Excedeu tentativas.
 -> Fatiando parágrafo longo (ID: 1220) via IA...
    [Limite de Requisições]. Aguardando 15 segundos (Tentativa 1/5)...
    [Limite de Requisições]. Aguardando 15 segundos (Tentativa 2/5)...
    [Limite de Requisições]. Aguardando 15 segundos (Tentativa 3/5)...
    [Limite de Requisições]. Aguardando 15 segundos (Tentativa 4/5)...
    [Limite de Requisições]. Aguardando 15 segundos (Tentativa 5/5)...
    [Desistindo do ID 1220] Excedeu tentativas.
 -> Fatiando parágrafo longo (ID: 1221) via IA...
    [Limite de Requisições]. Aguardando 15 segundos (Tentativa 1/5)...
    [Limite de Requisições]. Aguardando 15 segundos (Tentativa 2/5)...
    [Limite de Requisições]. Aguardando 15 segundos (Tentativa 3/5)...
    [Limite de Requisições]. Aguardando 15 segundos (Tentativa 4/5)...
    [Limite de Requisições]. Aguardando 15 segundos (Tentativa 5/5)...
    [Desistindo do ID 1221] Excedeu tentativas.
 -> Fatiando parágrafo longo (ID: 1222) via IA...
    [Limite de Requisições]. Aguardando 15 segundos (Tentativa 1/5)...
    [Limite de Requisições]. Aguardando 15 segundos (Tentativa 2/5)...
    [Limite de Requisições]. Aguardando 15 segundos (Tentativa 3/5)...
    [Limite de Requisições]. Aguardando 15 segundos (Tentativa 4/5)...
    [Limite de Requisições]. Aguardando 15 segundos (Tentativa 5/5)...
    [Desistindo do ID 1222] Excedeu tentativas.
 -> Fatiando parágrafo longo (ID: 1225) via IA...
    [Limite de Requisições]. Aguardando 15 segundos (Tentativa 1/5)...
    [Limite de Requisições]. Aguardando 15 segundos (Tentativa 2/5)...
    [Limite de Requisições]. Aguardando 15 segundos (Tentativa 3/5)...
    [Limite de Requisições]. Aguardando 15 segundos (Tentativa 4/5)...
    [Limite de Requisições]. Aguardando 15 segundos (Tentativa 5/5)...
    [Desistindo do ID 1225] Excedeu tentativas.
 -> Fatiando parágrafo longo (ID: 1227) via IA...
    [Limite de Requisições]. Aguardando 15 segundos (Tentativa 1/5)...
    [Limite de Requisições]. Aguardando 15 segundos (Tentativa 2/5)...
    [Limite de Requisições]. Aguardando 15 segundos (Tentativa 3/5)...
    [Limite de Requisições]. Aguardando 15 segundos (Tentativa 4/5)...
    [Limite de Requisições]. Aguardando 15 segundos (Tentativa 5/5)...
    [Desistindo do ID 1227] Excedeu tentativas.
 -> Fatiando parágrafo longo (ID: 1228) via IA...
    [Limite de Requisições]. Aguardando 15 segundos (Tentativa 1/5)...
    [Limite de Requisições]. Aguardando 15 segundos (Tentativa 2/5)...
    [Limite de Requisições]. Aguardando 15 segundos (Tentativa 3/5)...
    [Limite de Requisições]. Aguardando 15 segundos (Tentativa 4/5)...
    [Limite de Requisições]. Aguardando 15 segundos (Tentativa 5/5)...
    [Desistindo do ID 1228] Excedeu tentativas.
 -> Fatiando parágrafo longo (ID: 1229) via IA...
    [Limite de Requisições]. Aguardando 15 segundos (Tentativa 1/5)...
    [Limite de Requisições]. Aguardando 15 segundos (Tentativa 2/5)...
    [Limite de Requisições]. Aguardando 15 segundos (Tentativa 3/5)...
    [Limite de Requisições]. Aguardando 15 segundos (Tentativa 4/5)...
    [Limite de Requisições]. Aguardando 15 segundos (Tentativa 5/5)...
    [Desistindo do ID 1229] Excedeu tentativas.
 -> Fatiando parágrafo longo (ID: 1230) via IA...
    [Limite de Requisições]. Aguardando 15 segundos (Tentativa 1/5)...
    [Limite de Requisições]. Aguardando 15 segundos (Tentativa 2/5)...
    [Limite de Requisições]. Aguardando 15 segundos (Tentativa 3/5)...
    [Limite de Requisições]. Aguardando 15 segundos (Tentativa 4/5)...
    [Limite de Requisições]. Aguardando 15 segundos (Tentativa 5/5)...
    [Desistindo do ID 1230] Excedeu tentativas.
 -> Fatiando parágrafo longo (ID: 1236) via IA...
    [Limite de Requisições]. Aguardando 15 segundos (Tentativa 1/5)...
    [Limite de Requisições]. Aguardando 15 segundos (Tentativa 2/5)...
    [Limite de Requisições]. Aguardando 15 segundos (Tentativa 3/5)...
    [Limite de Requisições]. Aguardando 15 segundos (Tentativa 4/5)...
    [Limite de Requisições]. Aguardando 15 segundos (Tentativa 5/5)...
    [Desistindo do ID 1236] Excedeu tentativas.
 -> Fatiando parágrafo longo (ID: 1237) via IA...
    [Limite de Requisições]. Aguardando 15 segundos (Tentativa 1/5)...
    [Limite de Requisições]. Aguardando 15 segundos (Tentativa 2/5)...
    [Limite de Requisições]. Aguardando 15 segundos (Tentativa 3/5)...
    [Limite de Requisições]. Aguardando 15 segundos (Tentativa 4/5)...
    [Limite de Requisições]. Aguardando 15 segundos (Tentativa 5/5)...
    [Desistindo do ID 1237] Excedeu tentativas.
 -> Fatiando parágrafo longo (ID: 1238) via IA...
    [Limite de Requisições]. Aguardando 15 segundos (Tentativa 1/5)...
    [Limite de Requisições]. Aguardando 15 segundos (Tentativa 2/5)...
    [Limite de Requisições]. Aguardando 15 segundos (Tentativa 3/5)...
    [Limite de Requisições]. Aguardando 15 segundos (Tentativa 4/5)...
    [Limite de Requisições]. Aguardando 15 segundos (Tentativa 5/5)...
    [Desistindo do ID 1238] Excedeu tentativas.
 -> Fatiando parágrafo longo (ID: 1239) via IA...
    [Limite de Requisições]. Aguardando 15 segundos (Tentativa 1/5)...
    [Limite de Requisições]. Aguardando 15 segundos (Tentativa 2/5)...
    [Limite de Requisições]. Aguardando 15 segundos (Tentativa 3/5)...
    [Limite de Requisições]. Aguardando 15 segundos (Tentativa 4/5)...
    [Limite de Requisições]. Aguardando 15 segundos (Tentativa 5/5)...
    [Desistindo do ID 1239] Excedeu tentativas.
 -> Fatiando parágrafo longo (ID: 1240) via IA...
    [Limite de Requisições]. Aguardando 15 segundos (Tentativa 1/5)...
    [Limite de Requisições]. Aguardando 15 segundos (Tentativa 2/5)...
    [Limite de Requisições]. Aguardando 15 segundos (Tentativa 3/5)...
    [Limite de Requisições]. Aguardando 15 segundos (Tentativa 4/5)...
    [Limite de Requisições]. Aguardando 15 segundos (Tentativa 5/5)...
    [Desistindo do ID 1240] Excedeu tentativas.
 -> Fatiando parágrafo longo (ID: 1241) via IA...
    [Limite de Requisições]. Aguardando 15 segundos (Tentativa 1/5)...
    [Limite de Requisições]. Aguardando 15 segundos (Tentativa 2/5)...
    [Limite de Requisições]. Aguardando 15 segundos (Tentativa 3/5)...
    [Limite de Requisições]. Aguardando 15 segundos (Tentativa 4/5)...
    [Limite de Requisições]. Aguardando 15 segundos (Tentativa 5/5)...
    [Desistindo do ID 1241] Excedeu tentativas.
 -> Fatiando parágrafo longo (ID: 1242) via IA...
    [Limite de Requisições]. Aguardando 15 segundos (Tentativa 1/5)...
    [Limite de Requisições]. Aguardando 15 segundos (Tentativa 2/5)...
    [Limite de Requisições]. Aguardando 15 segundos (Tentativa 3/5)...
    [Limite de Requisições]. Aguardando 15 segundos (Tentativa 4/5)...
    [Limite de Requisições]. Aguardando 15 segundos (Tentativa 5/5)...
    [Desistindo do ID 1242] Excedeu tentativas.
 -> Fatiando parágrafo longo (ID: 1243) via IA...
    [Limite de Requisições]. Aguardando 15 segundos (Tentativa 1/5)...
    [Limite de Requisições]. Aguardando 15 segundos (Tentativa 2/5)...
    [Limite de Requisições]. Aguardando 15 segundos (Tentativa 3/5)...
    [Limite de Requisições]. Aguardando 15 segundos (Tentativa 4/5)...
    [Limite de Requisições]. Aguardando 15 segundos (Tentativa 5/5)...
    [Desistindo do ID 1243] Excedeu tentativas.
 -> Fatiando parágrafo longo (ID: 1244) via IA...
    [Limite de Requisições]. Aguardando 15 segundos (Tentativa 1/5)...
    [Limite de Requisições]. Aguardando 15 segundos (Tentativa 2/5)...
    [Limite de Requisições]. Aguardando 15 segundos (Tentativa 3/5)...
    [Limite de Requisições]. Aguardando 15 segundos (Tentativa 4/5)...
    [Limite de Requisições]. Aguardando 15 segundos (Tentativa 5/5)...
    [Desistindo do ID 1244] Excedeu tentativas.
 -> Fatiando parágrafo longo (ID: 1245) via IA...
    [Limite de Requisições]. Aguardando 15 segundos (Tentativa 1/5)...
    [Limite de Requisições]. Aguardando 15 segundos (Tentativa 2/5)...
    [Limite de Requisições]. Aguardando 15 segundos (Tentativa 3/5)...
    [Limite de Requisições]. Aguardando 15 segundos (Tentativa 4/5)...
    [Limite de Requisições]. Aguardando 15 segundos (Tentativa 5/5)...
    [Desistindo do ID 1245] Excedeu tentativas.
 -> Fatiando parágrafo longo (ID: 1246) via IA...
    [Limite de Requisições]. Aguardando 15 segundos (Tentativa 1/5)...
    [Limite de Requisições]. Aguardando 15 segundos (Tentativa 2/5)...
    [Limite de Requisições]. Aguardando 15 segundos (Tentativa 3/5)...
    [Limite de Requisições]. Aguardando 15 segundos (Tentativa 4/5)...
    [Limite de Requisições]. Aguardando 15 segundos (Tentativa 5/5)...
    [Desistindo do ID 1246] Excedeu tentativas.
 -> Fatiando parágrafo longo (ID: 1247) via IA...
    [Limite de Requisições]. Aguardando 15 segundos (Tentativa 1/5)...
    [Limite de Requisições]. Aguardando 15 segundos (Tentativa 2/5)...
    [Limite de Requisições]. Aguardando 15 segundos (Tentativa 3/5)...
    [Limite de Requisições]. Aguardando 15 segundos (Tentativa 4/5)...
    [Limite de Requisições]. Aguardando 15 segundos (Tentativa 5/5)...
    [Desistindo do ID 1247] Excedeu tentativas.
 -> Fatiando parágrafo longo (ID: 1249) via IA...
    [Limite de Requisições]. Aguardando 15 segundos (Tentativa 1/5)...
    [Limite de Requisições]. Aguardando 15 segundos (Tentativa 2/5)...
    [Limite de Requisições]. Aguardando 15 segundos (Tentativa 3/5)...
    [Limite de Requisições]. Aguardando 15 segundos (Tentativa 4/5)...
    [Limite de Requisições]. Aguardando 15 segundos (Tentativa 5/5)...
    [Desistindo do ID 1249] Excedeu tentativas.
 -> Fatiando parágrafo longo (ID: 1250) via IA...
    [Limite de Requisições]. Aguardando 15 segundos (Tentativa 1/5)...
    [Limite de Requisições]. Aguardando 15 segundos (Tentativa 2/5)...
    [Limite de Requisições]. Aguardando 15 segundos (Tentativa 3/5)...
    [Limite de Requisições]. Aguardando 15 segundos (Tentativa 4/5)...
    [Limite de Requisições]. Aguardando 15 segundos (Tentativa 5/5)...
    [Desistindo do ID 1250] Excedeu tentativas.
 -> Fatiando parágrafo longo (ID: 1251) via IA...
    [Limite de Requisições]. Aguardando 15 segundos (Tentativa 1/5)...
    [Limite de Requisições]. Aguardando 15 segundos (Tentativa 2/5)...
    [Limite de Requisições]. Aguardando 15 segundos (Tentativa 3/5)...
    [Limite de Requisições]. Aguardando 15 segundos (Tentativa 4/5)...
    [Limite de Requisições]. Aguardando 15 segundos (Tentativa 5/5)...
    [Desistindo do ID 1251] Excedeu tentativas.
 -> Fatiando parágrafo longo (ID: 1252) via IA...
    [Limite de Requisições]. Aguardando 15 segundos (Tentativa 1/5)...
    [Limite de Requisições]. Aguardando 15 segundos (Tentativa 2/5)...
    [Limite de Requisições]. Aguardando 15 segundos (Tentativa 3/5)...
    [Limite de Requisições]. Aguardando 15 segundos (Tentativa 4/5)...
    [Limite de Requisições]. Aguardando 15 segundos (Tentativa 5/5)...
    [Desistindo do ID 1252] Excedeu tentativas.
 -> Fatiando parágrafo longo (ID: 1253) via IA...
    [Limite de Requisições]. Aguardando 15 segundos (Tentativa 1/5)...
    [Limite de Requisições]. Aguardando 15 segundos (Tentativa 2/5)...
    [Limite de Requisições]. Aguardando 15 segundos (Tentativa 3/5)...
    [Limite de Requisições]. Aguardando 15 segundos (Tentativa 4/5)...
    [Limite de Requisições]. Aguardando 15 segundos (Tentativa 5/5)...
    [Desistindo do ID 1253] Excedeu tentativas.
 -> Fatiando parágrafo longo (ID: 1254) via IA...
    [Limite de Requisições]. Aguardando 15 segundos (Tentativa 1/5)...
    [Limite de Requisições]. Aguardando 15 segundos (Tentativa 2/5)...
    [Limite de Requisições]. Aguardando 15 segundos (Tentativa 3/5)...
    [Limite de Requisições]. Aguardando 15 segundos (Tentativa 4/5)...
    [Limite de Requisições]. Aguardando 15 segundos (Tentativa 5/5)...
    [Desistindo do ID 1254] Excedeu tentativas.
 -> Fatiando parágrafo longo (ID: 1255) via IA...
    [Limite de Requisições]. Aguardando 15 segundos (Tentativa 1/5)...
    [Limite de Requisições]. Aguardando 15 segundos (Tentativa 2/5)...
    [Limite de Requisições]. Aguardando 15 segundos (Tentativa 3/5)...
    [Limite de Requisições]. Aguardando 15 segundos (Tentativa 4/5)...
    [Limite de Requisições]. Aguardando 15 segundos (Tentativa 5/5)...
    [Desistindo do ID 1255] Excedeu tentativas.
 -> Fatiando parágrafo longo (ID: 1256) via IA...
    [Limite de Requisições]. Aguardando 15 segundos (Tentativa 1/5)...
    [Limite de Requisições]. Aguardando 15 segundos (Tentativa 2/5)...
    [Limite de Requisições]. Aguardando 15 segundos (Tentativa 3/5)...
    [Limite de Requisições]. Aguardando 15 segundos (Tentativa 4/5)...
    [Limite de Requisições]. Aguardando 15 segundos (Tentativa 5/5)...
    [Desistindo do ID 1256] Excedeu tentativas.
 -> Fatiando parágrafo longo (ID: 1257) via IA...
    [Limite de Requisições]. Aguardando 15 segundos (Tentativa 1/5)...
    [Limite de Requisições]. Aguardando 15 segundos (Tentativa 2/5)...
    [Limite de Requisições]. Aguardando 15 segundos (Tentativa 3/5)...
    [Limite de Requisições]. Aguardando 15 segundos (Tentativa 4/5)...
    [Limite de Requisições]. Aguardando 15 segundos (Tentativa 5/5)...
    [Desistindo do ID 1257] Excedeu tentativas.
 -> Fatiando parágrafo longo (ID: 1258) via IA...
    [Limite de Requisições]. Aguardando 15 segundos (Tentativa 1/5)...
    [Limite de Requisições]. Aguardando 15 segundos (Tentativa 2/5)...
    [Limite de Requisições]. Aguardando 15 segundos (Tentativa 3/5)...
    [Limite de Requisições]. Aguardando 15 segundos (Tentativa 4/5)...
    [Limite de Requisições]. Aguardando 15 segundos (Tentativa 5/5)...
    [Desistindo do ID 1258] Excedeu tentativas.
 -> Fatiando parágrafo longo (ID: 1259) via IA...
    [Limite de Requisições]. Aguardando 15 segundos (Tentativa 1/5)...
    [Limite de Requisições]. Aguardando 15 segundos (Tentativa 2/5)...
    [Limite de Requisições]. Aguardando 15 segundos (Tentativa 3/5)...
    [Limite de Requisições]. Aguardando 15 segundos (Tentativa 4/5)...
    [Limite de Requisições]. Aguardando 15 segundos (Tentativa 5/5)...
    [Desistindo do ID 1259] Excedeu tentativas.
 -> Fatiando parágrafo longo (ID: 1260) via IA...
    [Limite de Requisições]. Aguardando 15 segundos (Tentativa 1/5)...
    [Limite de Requisições]. Aguardando 15 segundos (Tentativa 2/5)...
    [Limite de Requisições]. Aguardando 15 segundos (Tentativa 3/5)...
    [Limite de Requisições]. Aguardando 15 segundos (Tentativa 4/5)...
    [Limite de Requisições]. Aguardando 15 segundos (Tentativa 5/5)...
    [Desistindo do ID 1260] Excedeu tentativas.
 -> Fatiando parágrafo longo (ID: 1261) via IA...
    [Limite de Requisições]. Aguardando 15 segundos (Tentativa 1/5)...
    [Limite de Requisições]. Aguardando 15 segundos (Tentativa 2/5)...
    [Limite de Requisições]. Aguardando 15 segundos (Tentativa 3/5)...
    [Limite de Requisições]. Aguardando 15 segundos (Tentativa 4/5)...
    [Limite de Requisições]. Aguardando 15 segundos (Tentativa 5/5)...
    [Desistindo do ID 1261] Excedeu tentativas.
 -> Fatiando parágrafo longo (ID: 1267) via IA...
    [Limite de Requisições]. Aguardando 15 segundos (Tentativa 1/5)...
    [Limite de Requisições]. Aguardando 15 segundos (Tentativa 2/5)...
    [Limite de Requisições]. Aguardando 15 segundos (Tentativa 3/5)...
    [Limite de Requisições]. Aguardando 15 segundos (Tentativa 4/5)...
    [Limite de Requisições]. Aguardando 15 segundos (Tentativa 5/5)...
    [Desistindo do ID 1267] Excedeu tentativas.
 -> Fatiando parágrafo longo (ID: 1268) via IA...
    [Limite de Requisições]. Aguardando 15 segundos (Tentativa 1/5)...
    [Limite de Requisições]. Aguardando 15 segundos (Tentativa 2/5)...
    [Limite de Requisições]. Aguardando 15 segundos (Tentativa 3/5)...
    [Limite de Requisições]. Aguardando 15 segundos (Tentativa 4/5)...
    [Limite de Requisições]. Aguardando 15 segundos (Tentativa 5/5)...
    [Desistindo do ID 1268] Excedeu tentativas.
 -> Fatiando parágrafo longo (ID: 1269) via IA...
    [Limite de Requisições]. Aguardando 15 segundos (Tentativa 1/5)...
    [Limite de Requisições]. Aguardando 15 segundos (Tentativa 2/5)...
    [Limite de Requisições]. Aguardando 15 segundos (Tentativa 3/5)...
    [Limite de Requisições]. Aguardando 15 segundos (Tentativa 4/5)...
    [Limite de Requisições]. Aguardando 15 segundos (Tentativa 5/5)...
    [Desistindo do ID 1269] Excedeu tentativas.
 -> Fatiando parágrafo longo (ID: 1270) via IA...
    [Limite de Requisições]. Aguardando 15 segundos (Tentativa 1/5)...
    [Limite de Requisições]. Aguardando 15 segundos (Tentativa 2/5)...
    [Limite de Requisições]. Aguardando 15 segundos (Tentativa 3/5)...
    [Limite de Requisições]. Aguardando 15 segundos (Tentativa 4/5)...
    [Limite de Requisições]. Aguardando 15 segundos (Tentativa 5/5)...
    [Desistindo do ID 1270] Excedeu tentativas.
 -> Fatiando parágrafo longo (ID: 1271) via IA...
    [Limite de Requisições]. Aguardando 15 segundos (Tentativa 1/5)...
    [Limite de Requisições]. Aguardando 15 segundos (Tentativa 2/5)...
    [Limite de Requisições]. Aguardando 15 segundos (Tentativa 3/5)...
    [Limite de Requisições]. Aguardando 15 segundos (Tentativa 4/5)...
    [Limite de Requisições]. Aguardando 15 segundos (Tentativa 5/5)...
    [Desistindo do ID 1271] Excedeu tentativas.
 -> Fatiando parágrafo longo (ID: 1273) via IA...
    [Limite de Requisições]. Aguardando 15 segundos (Tentativa 1/5)...
    [Limite de Requisições]. Aguardando 15 segundos (Tentativa 2/5)...
    [Limite de Requisições]. Aguardando 15 segundos (Tentativa 3/5)...
    [Limite de Requisições]. Aguardando 15 segundos (Tentativa 4/5)...
    [Limite de Requisições]. Aguardando 15 segundos (Tentativa 5/5)...
    [Desistindo do ID 1273] Excedeu tentativas.
 -> Fatiando parágrafo longo (ID: 1274) via IA...
    [Limite de Requisições]. Aguardando 15 segundos (Tentativa 1/5)...
    [Limite de Requisições]. Aguardando 15 segundos (Tentativa 2/5)...
    [Limite de Requisições]. Aguardando 15 segundos (Tentativa 3/5)...
    [Limite de Requisições]. Aguardando 15 segundos (Tentativa 4/5)...
    [Limite de Requisições]. Aguardando 15 segundos (Tentativa 5/5)...
    [Desistindo do ID 1274] Excedeu tentativas.
 -> Fatiando parágrafo longo (ID: 1275) via IA...
    [Limite de Requisições]. Aguardando 15 segundos (Tentativa 1/5)...
    [Limite de Requisições]. Aguardando 15 segundos (Tentativa 2/5)...
    [Limite de Requisições]. Aguardando 15 segundos (Tentativa 3/5)...
    [Limite de Requisições]. Aguardando 15 segundos (Tentativa 4/5)...
    [Limite de Requisições]. Aguardando 15 segundos (Tentativa 5/5)...
    [Desistindo do ID 1275] Excedeu tentativas.
 -> Fatiando parágrafo longo (ID: 1276) via IA...
    [Limite de Requisições]. Aguardando 15 segundos (Tentativa 1/5)...
    [Limite de Requisições]. Aguardando 15 segundos (Tentativa 2/5)...
    [Limite de Requisições]. Aguardando 15 segundos (Tentativa 3/5)...
    [Limite de Requisições]. Aguardando 15 segundos (Tentativa 4/5)...
    [Limite de Requisições]. Aguardando 15 segundos (Tentativa 5/5)...
    [Desistindo do ID 1276] Excedeu tentativas.
 -> Fatiando parágrafo longo (ID: 1279) via IA...
    [Limite de Requisições]. Aguardando 15 segundos (Tentativa 1/5)...
    [Limite de Requisições]. Aguardando 15 segundos (Tentativa 2/5)...
    [Limite de Requisições]. Aguardando 15 segundos (Tentativa 3/5)...
    [Limite de Requisições]. Aguardando 15 segundos (Tentativa 4/5)...
    [Limite de Requisições]. Aguardando 15 segundos (Tentativa 5/5)...
    [Desistindo do ID 1279] Excedeu tentativas.
 -> Fatiando parágrafo longo (ID: 1280) via IA...
    [Limite de Requisições]. Aguardando 15 segundos (Tentativa 1/5)...
    [Limite de Requisições]. Aguardando 15 segundos (Tentativa 2/5)...
    [Limite de Requisições]. Aguardando 15 segundos (Tentativa 3/5)...
    [Limite de Requisições]. Aguardando 15 segundos (Tentativa 4/5)...
    [Limite de Requisições]. Aguardando 15 segundos (Tentativa 5/5)...
    [Desistindo do ID 1280] Excedeu tentativas.
 -> Fatiando parágrafo longo (ID: 1281) via IA...
    [Limite de Requisições]. Aguardando 15 segundos (Tentativa 1/5)...
    [Limite de Requisições]. Aguardando 15 segundos (Tentativa 2/5)...
    [Limite de Requisições]. Aguardando 15 segundos (Tentativa 3/5)...
    [Limite de Requisições]. Aguardando 15 segundos (Tentativa 4/5)...
    [Limite de Requisições]. Aguardando 15 segundos (Tentativa 5/5)...
    [Desistindo do ID 1281] Excedeu tentativas.
 -> Fatiando parágrafo longo (ID: 1282) via IA...
    [Limite de Requisições]. Aguardando 15 segundos (Tentativa 1/5)...
    [Limite de Requisições]. Aguardando 15 segundos (Tentativa 2/5)...
    [Limite de Requisições]. Aguardando 15 segundos (Tentativa 3/5)...
    [Limite de Requisições]. Aguardando 15 segundos (Tentativa 4/5)...
    [Limite de Requisições]. Aguardando 15 segundos (Tentativa 5/5)...
    [Desistindo do ID 1282] Excedeu tentativas.
 -> Fatiando parágrafo longo (ID: 1286) via IA...
    [Limite de Requisições]. Aguardando 15 segundos (Tentativa 1/5)...
    [Limite de Requisições]. Aguardando 15 segundos (Tentativa 2/5)...
    [Limite de Requisições]. Aguardando 15 segundos (Tentativa 3/5)...
    [Limite de Requisições]. Aguardando 15 segundos (Tentativa 4/5)...
    [Limite de Requisições]. Aguardando 15 segundos (Tentativa 5/5)...
    [Desistindo do ID 1286] Excedeu tentativas.
 -> Fatiando parágrafo longo (ID: 1287) via IA...
    [Limite de Requisições]. Aguardando 15 segundos (Tentativa 1/5)...
    [Limite de Requisições]. Aguardando 15 segundos (Tentativa 2/5)...
    [Limite de Requisições]. Aguardando 15 segundos (Tentativa 3/5)...
    [Limite de Requisições]. Aguardando 15 segundos (Tentativa 4/5)...
    [Limite de Requisições]. Aguardando 15 segundos (Tentativa 5/5)...
    [Desistindo do ID 1287] Excedeu tentativas.
 -> Fatiando parágrafo longo (ID: 1288) via IA...
    [Limite de Requisições]. Aguardando 15 segundos (Tentativa 1/5)...
    [Limite de Requisições]. Aguardando 15 segundos (Tentativa 2/5)...
    [Limite de Requisições]. Aguardando 15 segundos (Tentativa 3/5)...
    [Limite de Requisições]. Aguardando 15 segundos (Tentativa 4/5)...
    [Limite de Requisições]. Aguardando 15 segundos (Tentativa 5/5)...
    [Desistindo do ID 1288] Excedeu tentativas.
 -> Fatiando parágrafo longo (ID: 1290) via IA...
    [Limite de Requisições]. Aguardando 15 segundos (Tentativa 1/5)...
    [Limite de Requisições]. Aguardando 15 segundos (Tentativa 2/5)...
    [Limite de Requisições]. Aguardando 15 segundos (Tentativa 3/5)...
    [Limite de Requisições]. Aguardando 15 segundos (Tentativa 4/5)...
    [Limite de Requisições]. Aguardando 15 segundos (Tentativa 5/5)...
    [Desistindo do ID 1290] Excedeu tentativas.
 -> Fatiando parágrafo longo (ID: 1291) via IA...
    [Limite de Requisições]. Aguardando 15 segundos (Tentativa 1/5)...
    [Limite de Requisições]. Aguardando 15 segundos (Tentativa 2/5)...
    [Limite de Requisições]. Aguardando 15 segundos (Tentativa 3/5)...
    [Limite de Requisições]. Aguardando 15 segundos (Tentativa 4/5)...
    [Limite de Requisições]. Aguardando 15 segundos (Tentativa 5/5)...
    [Desistindo do ID 1291] Excedeu tentativas.
 -> Fatiando parágrafo longo (ID: 1293) via IA...
    [Limite de Requisições]. Aguardando 15 segundos (Tentativa 1/5)...
    [Limite de Requisições]. Aguardando 15 segundos (Tentativa 2/5)...
    [Limite de Requisições]. Aguardando 15 segundos (Tentativa 3/5)...
    [Limite de Requisições]. Aguardando 15 segundos (Tentativa 4/5)...
    [Limite de Requisições]. Aguardando 15 segundos (Tentativa 5/5)...
    [Desistindo do ID 1293] Excedeu tentativas.
 -> Fatiando parágrafo longo (ID: 1295) via IA...
    [Limite de Requisições]. Aguardando 15 segundos (Tentativa 1/5)...
    [Limite de Requisições]. Aguardando 15 segundos (Tentativa 2/5)...
    [Limite de Requisições]. Aguardando 15 segundos (Tentativa 3/5)...
    [Limite de Requisições]. Aguardando 15 segundos (Tentativa 4/5)...
    [Limite de Requisições]. Aguardando 15 segundos (Tentativa 5/5)...
    [Desistindo do ID 1295] Excedeu tentativas.
 -> Fatiando parágrafo longo (ID: 1298) via IA...
    [Limite de Requisições]. Aguardando 15 segundos (Tentativa 1/5)...
    [Limite de Requisições]. Aguardando 15 segundos (Tentativa 2/5)...
    [Limite de Requisições]. Aguardando 15 segundos (Tentativa 3/5)...
    [Limite de Requisições]. Aguardando 15 segundos (Tentativa 4/5)...
    [Limite de Requisições]. Aguardando 15 segundos (Tentativa 5/5)...
    [Desistindo do ID 1298] Excedeu tentativas.
 -> Fatiando parágrafo longo (ID: 1299) via IA...
    [Limite de Requisições]. Aguardando 15 segundos (Tentativa 1/5)...
    [Limite de Requisições]. Aguardando 15 segundos (Tentativa 2/5)...
    [Limite de Requisições]. Aguardando 15 segundos (Tentativa 3/5)...
    [Limite de Requisições]. Aguardando 15 segundos (Tentativa 4/5)...
    [Limite de Requisições]. Aguardando 15 segundos (Tentativa 5/5)...
    [Desistindo do ID 1299] Excedeu tentativas.
 -> Fatiando parágrafo longo (ID: 1300) via IA...
    [Limite de Requisições]. Aguardando 15 segundos (Tentativa 1/5)...
    [Limite de Requisições]. Aguardando 15 segundos (Tentativa 2/5)...
    [Limite de Requisições]. Aguardando 15 segundos (Tentativa 3/5)...
    [Limite de Requisições]. Aguardando 15 segundos (Tentativa 4/5)...
    [Limite de Requisições]. Aguardando 15 segundos (Tentativa 5/5)...
    [Desistindo do ID 1300] Excedeu tentativas.
 -> Fatiando parágrafo longo (ID: 1302) via IA...
    [Limite de Requisições]. Aguardando 15 segundos (Tentativa 1/5)...
    [Limite de Requisições]. Aguardando 15 segundos (Tentativa 2/5)...
    [Limite de Requisições]. Aguardando 15 segundos (Tentativa 3/5)...
    [Limite de Requisições]. Aguardando 15 segundos (Tentativa 4/5)...
    [Limite de Requisições]. Aguardando 15 segundos (Tentativa 5/5)...
    [Desistindo do ID 1302] Excedeu tentativas.
 -> Fatiando parágrafo longo (ID: 1303) via IA...
    [Limite de Requisições]. Aguardando 15 segundos (Tentativa 1/5)...
    [Limite de Requisições]. Aguardando 15 segundos (Tentativa 2/5)...
    [Limite de Requisições]. Aguardando 15 segundos (Tentativa 3/5)...
    [Limite de Requisições]. Aguardando 15 segundos (Tentativa 4/5)...
    [Limite de Requisições]. Aguardando 15 segundos (Tentativa 5/5)...
    [Desistindo do ID 1303] Excedeu tentativas.
 -> Fatiando parágrafo longo (ID: 1309) via IA...
    [Limite de Requisições]. Aguardando 15 segundos (Tentativa 1/5)...
    [Limite de Requisições]. Aguardando 15 segundos (Tentativa 2/5)...
    [Limite de Requisições]. Aguardando 15 segundos (Tentativa 3/5)...
    [Limite de Requisições]. Aguardando 15 segundos (Tentativa 4/5)...
    [Limite de Requisições]. Aguardando 15 segundos (Tentativa 5/5)...
    [Desistindo do ID 1309] Excedeu tentativas.
 -> Fatiando parágrafo longo (ID: 1311) via IA...
    [Limite de Requisições]. Aguardando 15 segundos (Tentativa 1/5)...
    [Limite de Requisições]. Aguardando 15 segundos (Tentativa 2/5)...
    [Limite de Requisições]. Aguardando 15 segundos (Tentativa 3/5)...
    [Limite de Requisições]. Aguardando 15 segundos (Tentativa 4/5)...
    [Limite de Requisições]. Aguardando 15 segundos (Tentativa 5/5)...
    [Desistindo do ID 1311] Excedeu tentativas.
 -> Fatiando parágrafo longo (ID: 1312) via IA...
    [Limite de Requisições]. Aguardando 15 segundos (Tentativa 1/5)...
    [Limite de Requisições]. Aguardando 15 segundos (Tentativa 2/5)...
    [Limite de Requisições]. Aguardando 15 segundos (Tentativa 3/5)...
    [Limite de Requisições]. Aguardando 15 segundos (Tentativa 4/5)...
    [Limite de Requisições]. Aguardando 15 segundos (Tentativa 5/5)...
    [Desistindo do ID 1312] Excedeu tentativas.
 -> Fatiando parágrafo longo (ID: 1315) via IA...
    [Limite de Requisições]. Aguardando 15 segundos (Tentativa 1/5)...
    [Limite de Requisições]. Aguardando 15 segundos (Tentativa 2/5)...
    [Limite de Requisições]. Aguardando 15 segundos (Tentativa 3/5)...
    [Limite de Requisições]. Aguardando 15 segundos (Tentativa 4/5)...
    [Limite de Requisições]. Aguardando 15 segundos (Tentativa 5/5)...
    [Desistindo do ID 1315] Excedeu tentativas.
 -> Fatiando parágrafo longo (ID: 1316) via IA...
    [Limite de Requisições]. Aguardando 15 segundos (Tentativa 1/5)...
    [Limite de Requisições]. Aguardando 15 segundos (Tentativa 2/5)...
    [Limite de Requisições]. Aguardando 15 segundos (Tentativa 3/5)...
    [Limite de Requisições]. Aguardando 15 segundos (Tentativa 4/5)...
    [Limite de Requisições]. Aguardando 15 segundos (Tentativa 5/5)...
    [Desistindo do ID 1316] Excedeu tentativas.
 -> Fatiando parágrafo longo (ID: 1317) via IA...
    [Limite de Requisições]. Aguardando 15 segundos (Tentativa 1/5)...
    [Limite de Requisições]. Aguardando 15 segundos (Tentativa 2/5)...
    [Limite de Requisições]. Aguardando 15 segundos (Tentativa 3/5)...
    [Limite de Requisições]. Aguardando 15 segundos (Tentativa 4/5)...
    [Limite de Requisições]. Aguardando 15 segundos (Tentativa 5/5)...
    [Desistindo do ID 1317] Excedeu tentativas.
 -> Fatiando parágrafo longo (ID: 1318) via IA...
    [Limite de Requisições]. Aguardando 15 segundos (Tentativa 1/5)...
    [Limite de Requisições]. Aguardando 15 segundos (Tentativa 2/5)...
    [Limite de Requisições]. Aguardando 15 segundos (Tentativa 3/5)...
    [Limite de Requisições]. Aguardando 15 segundos (Tentativa 4/5)...
    [Limite de Requisições]. Aguardando 15 segundos (Tentativa 5/5)...
    [Desistindo do ID 1318] Excedeu tentativas.
 -> Fatiando parágrafo longo (ID: 1319) via IA...
    [Limite de Requisições]. Aguardando 15 segundos (Tentativa 1/5)...
    [Limite de Requisições]. Aguardando 15 segundos (Tentativa 2/5)...
    [Limite de Requisições]. Aguardando 15 segundos (Tentativa 3/5)...
    [Limite de Requisições]. Aguardando 15 segundos (Tentativa 4/5)...
    [Limite de Requisições]. Aguardando 15 segundos (Tentativa 5/5)...
    [Desistindo do ID 1319] Excedeu tentativas.
 -> Fatiando parágrafo longo (ID: 1320) via IA...
    [Limite de Requisições]. Aguardando 15 segundos (Tentativa 1/5)...
    [Limite de Requisições]. Aguardando 15 segundos (Tentativa 2/5)...
    [Limite de Requisições]. Aguardando 15 segundos (Tentativa 3/5)...
    [Limite de Requisições]. Aguardando 15 segundos (Tentativa 4/5)...
    [Limite de Requisições]. Aguardando 15 segundos (Tentativa 5/5)...
    [Desistindo do ID 1320] Excedeu tentativas.
 -> Fatiando parágrafo longo (ID: 1321) via IA...
    [Limite de Requisições]. Aguardando 15 segundos (Tentativa 1/5)...
    [Limite de Requisições]. Aguardando 15 segundos (Tentativa 2/5)...
    [Limite de Requisições]. Aguardando 15 segundos (Tentativa 3/5)...
    [Limite de Requisições]. Aguardando 15 segundos (Tentativa 4/5)...
    [Limite de Requisições]. Aguardando 15 segundos (Tentativa 5/5)...
    [Desistindo do ID 1321] Excedeu tentativas.
 -> Fatiando parágrafo longo (ID: 1322) via IA...
    [Limite de Requisições]. Aguardando 15 segundos (Tentativa 1/5)...
    [Limite de Requisições]. Aguardando 15 segundos (Tentativa 2/5)...
    [Limite de Requisições]. Aguardando 15 segundos (Tentativa 3/5)...
    [Limite de Requisições]. Aguardando 15 segundos (Tentativa 4/5)...
    [Limite de Requisições]. Aguardando 15 segundos (Tentativa 5/5)...
    [Desistindo do ID 1322] Excedeu tentativas.
 -> Fatiando parágrafo longo (ID: 1323) via IA...
    [Limite de Requisições]. Aguardando 15 segundos (Tentativa 1/5)...
    [Limite de Requisições]. Aguardando 15 segundos (Tentativa 2/5)...
    [Limite de Requisições]. Aguardando 15 segundos (Tentativa 3/5)...
    [Limite de Requisições]. Aguardando 15 segundos (Tentativa 4/5)...
    [Limite de Requisições]. Aguardando 15 segundos (Tentativa 5/5)...
    [Desistindo do ID 1323] Excedeu tentativas.
 -> Fatiando parágrafo longo (ID: 1324) via IA...
    [Limite de Requisições]. Aguardando 15 segundos (Tentativa 1/5)...
    [Limite de Requisições]. Aguardando 15 segundos (Tentativa 2/5)...
    [Limite de Requisições]. Aguardando 15 segundos (Tentativa 3/5)...
    [Limite de Requisições]. Aguardando 15 segundos (Tentativa 4/5)...
    [Limite de Requisições]. Aguardando 15 segundos (Tentativa 5/5)...
    [Desistindo do ID 1324] Excedeu tentativas.
 -> Fatiando parágrafo longo (ID: 1325) via IA...
    [Limite de Requisições]. Aguardando 15 segundos (Tentativa 1/5)...
    [Limite de Requisições]. Aguardando 15 segundos (Tentativa 2/5)...
    [Limite de Requisições]. Aguardando 15 segundos (Tentativa 3/5)...
    [Limite de Requisições]. Aguardando 15 segundos (Tentativa 4/5)...
    [Limite de Requisições]. Aguardando 15 segundos (Tentativa 5/5)...
    [Desistindo do ID 1325] Excedeu tentativas.
 -> Fatiando parágrafo longo (ID: 1328) via IA...
    [Limite de Requisições]. Aguardando 15 segundos (Tentativa 1/5)...
    [Limite de Requisições]. Aguardando 15 segundos (Tentativa 2/5)...
    [Limite de Requisições]. Aguardando 15 segundos (Tentativa 3/5)...
    [Limite de Requisições]. Aguardando 15 segundos (Tentativa 4/5)...
    [Limite de Requisições]. Aguardando 15 segundos (Tentativa 5/5)...
    [Desistindo do ID 1328] Excedeu tentativas.
 -> Fatiando parágrafo longo (ID: 1330) via IA...
    [Limite de Requisições]. Aguardando 15 segundos (Tentativa 1/5)...
    [Limite de Requisições]. Aguardando 15 segundos (Tentativa 2/5)...
    [Limite de Requisições]. Aguardando 15 segundos (Tentativa 3/5)...
    [Limite de Requisições]. Aguardando 15 segundos (Tentativa 4/5)...
    [Limite de Requisições]. Aguardando 15 segundos (Tentativa 5/5)...
    [Desistindo do ID 1330] Excedeu tentativas.
 -> Fatiando parágrafo longo (ID: 1331) via IA...
    [Limite de Requisições]. Aguardando 15 segundos (Tentativa 1/5)...
    [Limite de Requisições]. Aguardando 15 segundos (Tentativa 2/5)...
    [Limite de Requisições]. Aguardando 15 segundos (Tentativa 3/5)...
    [Limite de Requisições]. Aguardando 15 segundos (Tentativa 4/5)...
    [Limite de Requisições]. Aguardando 15 segundos (Tentativa 5/5)...
    [Desistindo do ID 1331] Excedeu tentativas.
 -> Fatiando parágrafo longo (ID: 1332) via IA...
    [Limite de Requisições]. Aguardando 15 segundos (Tentativa 1/5)...
    [Limite de Requisições]. Aguardando 15 segundos (Tentativa 2/5)...
    [Limite de Requisições]. Aguardando 15 segundos (Tentativa 3/5)...
    [Limite de Requisições]. Aguardando 15 segundos (Tentativa 4/5)...
    [Limite de Requisições]. Aguardando 15 segundos (Tentativa 5/5)...
    [Desistindo do ID 1332] Excedeu tentativas.
 -> Fatiando parágrafo longo (ID: 1333) via IA...
    [Limite de Requisições]. Aguardando 15 segundos (Tentativa 1/5)...
    [Limite de Requisições]. Aguardando 15 segundos (Tentativa 2/5)...
    [Limite de Requisições]. Aguardando 15 segundos (Tentativa 3/5)...
    [Limite de Requisições]. Aguardando 15 segundos (Tentativa 4/5)...
    [Limite de Requisições]. Aguardando 15 segundos (Tentativa 5/5)...
    [Desistindo do ID 1333] Excedeu tentativas.
 -> Fatiando parágrafo longo (ID: 1335) via IA...
    [Limite de Requisições]. Aguardando 15 segundos (Tentativa 1/5)...
    [Limite de Requisições]. Aguardando 15 segundos (Tentativa 2/5)...
    [Limite de Requisições]. Aguardando 15 segundos (Tentativa 3/5)...
    [Limite de Requisições]. Aguardando 15 segundos (Tentativa 4/5)...
    [Limite de Requisições]. Aguardando 15 segundos (Tentativa 5/5)...
    [Desistindo do ID 1335] Excedeu tentativas.
 -> Fatiando parágrafo longo (ID: 1337) via IA...
    [Limite de Requisições]. Aguardando 15 segundos (Tentativa 1/5)...
    [Limite de Requisições]. Aguardando 15 segundos (Tentativa 2/5)...
    [Limite de Requisições]. Aguardando 15 segundos (Tentativa 3/5)...
    [Limite de Requisições]. Aguardando 15 segundos (Tentativa 4/5)...
    [Limite de Requisições]. Aguardando 15 segundos (Tentativa 5/5)...
    [Desistindo do ID 1337] Excedeu tentativas.
 -> Fatiando parágrafo longo (ID: 1339) via IA...
    [Limite de Requisições]. Aguardando 15 segundos (Tentativa 1/5)...
    [Limite de Requisições]. Aguardando 15 segundos (Tentativa 2/5)...
    [Limite de Requisições]. Aguardando 15 segundos (Tentativa 3/5)...
    [Limite de Requisições]. Aguardando 15 segundos (Tentativa 4/5)...
    [Limite de Requisições]. Aguardando 15 segundos (Tentativa 5/5)...
    [Desistindo do ID 1339] Excedeu tentativas.
 -> Fatiando parágrafo longo (ID: 1340) via IA...
    [Limite de Requisições]. Aguardando 15 segundos (Tentativa 1/5)...
    [Limite de Requisições]. Aguardando 15 segundos (Tentativa 2/5)...
    [Limite de Requisições]. Aguardando 15 segundos (Tentativa 3/5)...
    [Limite de Requisições]. Aguardando 15 segundos (Tentativa 4/5)...
    [Limite de Requisições]. Aguardando 15 segundos (Tentativa 5/5)...
    [Desistindo do ID 1340] Excedeu tentativas.
 -> Fatiando parágrafo longo (ID: 1341) via IA...
    [Limite de Requisições]. Aguardando 15 segundos (Tentativa 1/5)...
    [Limite de Requisições]. Aguardando 15 segundos (Tentativa 2/5)...
    [Limite de Requisições]. Aguardando 15 segundos (Tentativa 3/5)...
    [Limite de Requisições]. Aguardando 15 segundos (Tentativa 4/5)...
    [Limite de Requisições]. Aguardando 15 segundos (Tentativa 5/5)...
    [Desistindo do ID 1341] Excedeu tentativas.
 -> Fatiando parágrafo longo (ID: 1343) via IA...
    [Limite de Requisições]. Aguardando 15 segundos (Tentativa 1/5)...
    [Limite de Requisições]. Aguardando 15 segundos (Tentativa 2/5)...
    [Limite de Requisições]. Aguardando 15 segundos (Tentativa 3/5)...
    [Limite de Requisições]. Aguardando 15 segundos (Tentativa 4/5)...
    [Limite de Requisições]. Aguardando 15 segundos (Tentativa 5/5)...
    [Desistindo do ID 1343] Excedeu tentativas.
 -> Fatiando parágrafo longo (ID: 1344) via IA...
    [Limite de Requisições]. Aguardando 15 segundos (Tentativa 1/5)...
    [Limite de Requisições]. Aguardando 15 segundos (Tentativa 2/5)...
    [Limite de Requisições]. Aguardando 15 segundos (Tentativa 3/5)...
    [Limite de Requisições]. Aguardando 15 segundos (Tentativa 4/5)...
    [Limite de Requisições]. Aguardando 15 segundos (Tentativa 5/5)...
    [Desistindo do ID 1344] Excedeu tentativas.
 -> Fatiando parágrafo longo (ID: 1345) via IA...
    [Limite de Requisições]. Aguardando 15 segundos (Tentativa 1/5)...
    [Limite de Requisições]. Aguardando 15 segundos (Tentativa 2/5)...
    [Limite de Requisições]. Aguardando 15 segundos (Tentativa 3/5)...
    [Limite de Requisições]. Aguardando 15 segundos (Tentativa 4/5)...
    [Limite de Requisições]. Aguardando 15 segundos (Tentativa 5/5)...
    [Desistindo do ID 1345] Excedeu tentativas.
 -> Fatiando parágrafo longo (ID: 1355) via IA...
    [Limite de Requisições]. Aguardando 15 segundos (Tentativa 1/5)...
    [Limite de Requisições]. Aguardando 15 segundos (Tentativa 2/5)...
    [Limite de Requisições]. Aguardando 15 segundos (Tentativa 3/5)...
    [Limite de Requisições]. Aguardando 15 segundos (Tentativa 4/5)...
    [Limite de Requisições]. Aguardando 15 segundos (Tentativa 5/5)...
    [Desistindo do ID 1355] Excedeu tentativas.
 -> Fatiando parágrafo longo (ID: 1356) via IA...
    [Limite de Requisições]. Aguardando 15 segundos (Tentativa 1/5)...
    [Limite de Requisições]. Aguardando 15 segundos (Tentativa 2/5)...
    [Limite de Requisições]. Aguardando 15 segundos (Tentativa 3/5)...
    [Limite de Requisições]. Aguardando 15 segundos (Tentativa 4/5)...
    [Limite de Requisições]. Aguardando 15 segundos (Tentativa 5/5)...
    [Desistindo do ID 1356] Excedeu tentativas.
 -> Fatiando parágrafo longo (ID: 1357) via IA...
    [Limite de Requisições]. Aguardando 15 segundos (Tentativa 1/5)...
    [Limite de Requisições]. Aguardando 15 segundos (Tentativa 2/5)...
    [Limite de Requisições]. Aguardando 15 segundos (Tentativa 3/5)...
    [Limite de Requisições]. Aguardando 15 segundos (Tentativa 4/5)...
    [Limite de Requisições]. Aguardando 15 segundos (Tentativa 5/5)...
    [Desistindo do ID 1357] Excedeu tentativas.
 -> Fatiando parágrafo longo (ID: 1358) via IA...
    [Limite de Requisições]. Aguardando 15 segundos (Tentativa 1/5)...
    [Limite de Requisições]. Aguardando 15 segundos (Tentativa 2/5)...
    [Limite de Requisições]. Aguardando 15 segundos (Tentativa 3/5)...
    [Limite de Requisições]. Aguardando 15 segundos (Tentativa 4/5)...
    [Limite de Requisições]. Aguardando 15 segundos (Tentativa 5/5)...
    [Desistindo do ID 1358] Excedeu tentativas.
 -> Fatiando parágrafo longo (ID: 1359) via IA...
    [Limite de Requisições]. Aguardando 15 segundos (Tentativa 1/5)...
    [Limite de Requisições]. Aguardando 15 segundos (Tentativa 2/5)...
    [Limite de Requisições]. Aguardando 15 segundos (Tentativa 3/5)...
    [Limite de Requisições]. Aguardando 15 segundos (Tentativa 4/5)...
    [Limite de Requisições]. Aguardando 15 segundos (Tentativa 5/5)...
    [Desistindo do ID 1359] Excedeu tentativas.
 -> Fatiando parágrafo longo (ID: 1360) via IA...
    [Limite de Requisições]. Aguardando 15 segundos (Tentativa 1/5)...
    [Limite de Requisições]. Aguardando 15 segundos (Tentativa 2/5)...
    [Limite de Requisições]. Aguardando 15 segundos (Tentativa 3/5)...
    [Limite de Requisições]. Aguardando 15 segundos (Tentativa 4/5)...
    [Limite de Requisições]. Aguardando 15 segundos (Tentativa 5/5)...
    [Desistindo do ID 1360] Excedeu tentativas.
 -> Fatiando parágrafo longo (ID: 1363) via IA...
    [Limite de Requisições]. Aguardando 15 segundos (Tentativa 1/5)...
    [Limite de Requisições]. Aguardando 15 segundos (Tentativa 2/5)...
    [Limite de Requisições]. Aguardando 15 segundos (Tentativa 3/5)...
    [Limite de Requisições]. Aguardando 15 segundos (Tentativa 4/5)...
    [Limite de Requisições]. Aguardando 15 segundos (Tentativa 5/5)...
    [Desistindo do ID 1363] Excedeu tentativas.
 -> Fatiando parágrafo longo (ID: 1364) via IA...
    [Limite de Requisições]. Aguardando 15 segundos (Tentativa 1/5)...
    [Limite de Requisições]. Aguardando 15 segundos (Tentativa 2/5)...
    [Limite de Requisições]. Aguardando 15 segundos (Tentativa 3/5)...
    [Limite de Requisições]. Aguardando 15 segundos (Tentativa 4/5)...
    [Limite de Requisições]. Aguardando 15 segundos (Tentativa 5/5)...
    [Desistindo do ID 1364] Excedeu tentativas.
 -> Fatiando parágrafo longo (ID: 1365) via IA...
    [Limite de Requisições]. Aguardando 15 segundos (Tentativa 1/5)...
    [Limite de Requisições]. Aguardando 15 segundos (Tentativa 2/5)...
    [Limite de Requisições]. Aguardando 15 segundos (Tentativa 3/5)...
    [Limite de Requisições]. Aguardando 15 segundos (Tentativa 4/5)...
    [Limite de Requisições]. Aguardando 15 segundos (Tentativa 5/5)...
    [Desistindo do ID 1365] Excedeu tentativas.
 -> Fatiando parágrafo longo (ID: 1366) via IA...
    [Limite de Requisições]. Aguardando 15 segundos (Tentativa 1/5)...
    [Limite de Requisições]. Aguardando 15 segundos (Tentativa 2/5)...
    [Limite de Requisições]. Aguardando 15 segundos (Tentativa 3/5)...
    [Limite de Requisições]. Aguardando 15 segundos (Tentativa 4/5)...
    [Limite de Requisições]. Aguardando 15 segundos (Tentativa 5/5)...
    [Desistindo do ID 1366] Excedeu tentativas.
 -> Fatiando parágrafo longo (ID: 1367) via IA...
    [Limite de Requisições]. Aguardando 15 segundos (Tentativa 1/5)...
    [Limite de Requisições]. Aguardando 15 segundos (Tentativa 2/5)...
    [Limite de Requisições]. Aguardando 15 segundos (Tentativa 3/5)...
    [Limite de Requisições]. Aguardando 15 segundos (Tentativa 4/5)...
    [Limite de Requisições]. Aguardando 15 segundos (Tentativa 5/5)...
    [Desistindo do ID 1367] Excedeu tentativas.
 -> Fatiando parágrafo longo (ID: 1368) via IA...
    [Limite de Requisições]. Aguardando 15 segundos (Tentativa 1/5)...
    [Limite de Requisições]. Aguardando 15 segundos (Tentativa 2/5)...
    [Limite de Requisições]. Aguardando 15 segundos (Tentativa 3/5)...
    [Limite de Requisições]. Aguardando 15 segundos (Tentativa 4/5)...
    [Limite de Requisições]. Aguardando 15 segundos (Tentativa 5/5)...
    [Desistindo do ID 1368] Excedeu tentativas.
 -> Fatiando parágrafo longo (ID: 1372) via IA...
    [Limite de Requisições]. Aguardando 15 segundos (Tentativa 1/5)...
    [Limite de Requisições]. Aguardando 15 segundos (Tentativa 2/5)...
    [Limite de Requisições]. Aguardando 15 segundos (Tentativa 3/5)...
    [Limite de Requisições]. Aguardando 15 segundos (Tentativa 4/5)...
    [Limite de Requisições]. Aguardando 15 segundos (Tentativa 5/5)...
    [Desistindo do ID 1372] Excedeu tentativas.
 -> Fatiando parágrafo longo (ID: 1373) via IA...
    [Limite de Requisições]. Aguardando 15 segundos (Tentativa 1/5)...
    [Limite de Requisições]. Aguardando 15 segundos (Tentativa 2/5)...
    [Limite de Requisições]. Aguardando 15 segundos (Tentativa 3/5)...
    [Limite de Requisições]. Aguardando 15 segundos (Tentativa 4/5)...
    [Limite de Requisições]. Aguardando 15 segundos (Tentativa 5/5)...
    [Desistindo do ID 1373] Excedeu tentativas.
 -> Fatiando parágrafo longo (ID: 1374) via IA...
    [Limite de Requisições]. Aguardando 15 segundos (Tentativa 1/5)...
    [Limite de Requisições]. Aguardando 15 segundos (Tentativa 2/5)...
    [Limite de Requisições]. Aguardando 15 segundos (Tentativa 3/5)...
    [Limite de Requisições]. Aguardando 15 segundos (Tentativa 4/5)...
    [Limite de Requisições]. Aguardando 15 segundos (Tentativa 5/5)...
    [Desistindo do ID 1374] Excedeu tentativas.
 -> Fatiando parágrafo longo (ID: 1375) via IA...
    [Limite de Requisições]. Aguardando 15 segundos (Tentativa 1/5)...
    [Limite de Requisições]. Aguardando 15 segundos (Tentativa 2/5)...
    [Limite de Requisições]. Aguardando 15 segundos (Tentativa 3/5)...
    [Limite de Requisições]. Aguardando 15 segundos (Tentativa 4/5)...
    [Limite de Requisições]. Aguardando 15 segundos (Tentativa 5/5)...
    [Desistindo do ID 1375] Excedeu tentativas.
 -> Fatiando parágrafo longo (ID: 1376) via IA...
    [Limite de Requisições]. Aguardando 15 segundos (Tentativa 1/5)...
    [Limite de Requisições]. Aguardando 15 segundos (Tentativa 2/5)...
    [Limite de Requisições]. Aguardando 15 segundos (Tentativa 3/5)...
    [Limite de Requisições]. Aguardando 15 segundos (Tentativa 4/5)...
    [Limite de Requisições]. Aguardando 15 segundos (Tentativa 5/5)...
    [Desistindo do ID 1376] Excedeu tentativas.
 -> Fatiando parágrafo longo (ID: 1377) via IA...
    [Limite de Requisições]. Aguardando 15 segundos (Tentativa 1/5)...
    [Limite de Requisições]. Aguardando 15 segundos (Tentativa 2/5)...
    [Limite de Requisições]. Aguardando 15 segundos (Tentativa 3/5)...
    [Limite de Requisições]. Aguardando 15 segundos (Tentativa 4/5)...
    [Limite de Requisições]. Aguardando 15 segundos (Tentativa 5/5)...
    [Desistindo do ID 1377] Excedeu tentativas.
 -> Fatiando parágrafo longo (ID: 1379) via IA...
    [Limite de Requisições]. Aguardando 15 segundos (Tentativa 1/5)...
    [Limite de Requisições]. Aguardando 15 segundos (Tentativa 2/5)...
    [Limite de Requisições]. Aguardando 15 segundos (Tentativa 3/5)...
    [Limite de Requisições]. Aguardando 15 segundos (Tentativa 4/5)...
    [Limite de Requisições]. Aguardando 15 segundos (Tentativa 5/5)...
    [Desistindo do ID 1379] Excedeu tentativas.
 -> Fatiando parágrafo longo (ID: 1380) via IA...
    [Limite de Requisições]. Aguardando 15 segundos (Tentativa 1/5)...
    [Limite de Requisições]. Aguardando 15 segundos (Tentativa 2/5)...
    [Limite de Requisições]. Aguardando 15 segundos (Tentativa 3/5)...
    [Limite de Requisições]. Aguardando 15 segundos (Tentativa 4/5)...
    [Limite de Requisições]. Aguardando 15 segundos (Tentativa 5/5)...
    [Desistindo do ID 1380] Excedeu tentativas.
 -> Fatiando parágrafo longo (ID: 1381) via IA...
    [Limite de Requisições]. Aguardando 15 segundos (Tentativa 1/5)...
    [Limite de Requisições]. Aguardando 15 segundos (Tentativa 2/5)...
    [Limite de Requisições]. Aguardando 15 segundos (Tentativa 3/5)...
    [Limite de Requisições]. Aguardando 15 segundos (Tentativa 4/5)...
    [Limite de Requisições]. Aguardando 15 segundos (Tentativa 5/5)...
    [Desistindo do ID 1381] Excedeu tentativas.
 -> Fatiando parágrafo longo (ID: 1382) via IA...
    [Limite de Requisições]. Aguardando 15 segundos (Tentativa 1/5)...
    [Limite de Requisições]. Aguardando 15 segundos (Tentativa 2/5)...
    [Limite de Requisições]. Aguardando 15 segundos (Tentativa 3/5)...
    [Limite de Requisições]. Aguardando 15 segundos (Tentativa 4/5)...
    [Limite de Requisições]. Aguardando 15 segundos (Tentativa 5/5)...
    [Desistindo do ID 1382] Excedeu tentativas.
 -> Fatiando parágrafo longo (ID: 1384) via IA...
    [Limite de Requisições]. Aguardando 15 segundos (Tentativa 1/5)...
    [Limite de Requisições]. Aguardando 15 segundos (Tentativa 2/5)...
    [Limite de Requisições]. Aguardando 15 segundos (Tentativa 3/5)...
    [Limite de Requisições]. Aguardando 15 segundos (Tentativa 4/5)...
    [Limite de Requisições]. Aguardando 15 segundos (Tentativa 5/5)...
    [Desistindo do ID 1384] Excedeu tentativas.
 -> Fatiando parágrafo longo (ID: 1385) via IA...
    [Limite de Requisições]. Aguardando 15 segundos (Tentativa 1/5)...
    [Limite de Requisições]. Aguardando 15 segundos (Tentativa 2/5)...
    [Limite de Requisições]. Aguardando 15 segundos (Tentativa 3/5)...
    [Limite de Requisições]. Aguardando 15 segundos (Tentativa 4/5)...
    [Limite de Requisições]. Aguardando 15 segundos (Tentativa 5/5)...
    [Desistindo do ID 1385] Excedeu tentativas.
 -> Fatiando parágrafo longo (ID: 1386) via IA...
    [Limite de Requisições]. Aguardando 15 segundos (Tentativa 1/5)...
    [Limite de Requisições]. Aguardando 15 segundos (Tentativa 2/5)...
    [Limite de Requisições]. Aguardando 15 segundos (Tentativa 3/5)...
    [Limite de Requisições]. Aguardando 15 segundos (Tentativa 4/5)...
    [Limite de Requisições]. Aguardando 15 segundos (Tentativa 5/5)...
    [Desistindo do ID 1386] Excedeu tentativas.
 -> Fatiando parágrafo longo (ID: 1387) via IA...
    [Limite de Requisições]. Aguardando 15 segundos (Tentativa 1/5)...
    [Limite de Requisições]. Aguardando 15 segundos (Tentativa 2/5)...
    [Limite de Requisições]. Aguardando 15 segundos (Tentativa 3/5)...
    [Limite de Requisições]. Aguardando 15 segundos (Tentativa 4/5)...
    [Limite de Requisições]. Aguardando 15 segundos (Tentativa 5/5)...
    [Desistindo do ID 1387] Excedeu tentativas.
 -> Fatiando parágrafo longo (ID: 1389) via IA...
    [Limite de Requisições]. Aguardando 15 segundos (Tentativa 1/5)...
    [Limite de Requisições]. Aguardando 15 segundos (Tentativa 2/5)...
    [Limite de Requisições]. Aguardando 15 segundos (Tentativa 3/5)...
    [Limite de Requisições]. Aguardando 15 segundos (Tentativa 4/5)...
    [Limite de Requisições]. Aguardando 15 segundos (Tentativa 5/5)...
    [Desistindo do ID 1389] Excedeu tentativas.
 -> Fatiando parágrafo longo (ID: 1390) via IA...
    [Limite de Requisições]. Aguardando 15 segundos (Tentativa 1/5)...
    [Limite de Requisições]. Aguardando 15 segundos (Tentativa 2/5)...
    [Limite de Requisições]. Aguardando 15 segundos (Tentativa 3/5)...
    [Limite de Requisições]. Aguardando 15 segundos (Tentativa 4/5)...
    [Limite de Requisições]. Aguardando 15 segundos (Tentativa 5/5)...
    [Desistindo do ID 1390] Excedeu tentativas.
 -> Fatiando parágrafo longo (ID: 1392) via IA...
    [Limite de Requisições]. Aguardando 15 segundos (Tentativa 1/5)...
    [Limite de Requisições]. Aguardando 15 segundos (Tentativa 2/5)...
    [Limite de Requisições]. Aguardando 15 segundos (Tentativa 3/5)...
    [Limite de Requisições]. Aguardando 15 segundos (Tentativa 4/5)...
    [Limite de Requisições]. Aguardando 15 segundos (Tentativa 5/5)...
    [Desistindo do ID 1392] Excedeu tentativas.
 -> Fatiando parágrafo longo (ID: 1393) via IA...
    [Limite de Requisições]. Aguardando 15 segundos (Tentativa 1/5)...
    [Limite de Requisições]. Aguardando 15 segundos (Tentativa 2/5)...
    [Limite de Requisições]. Aguardando 15 segundos (Tentativa 3/5)...
    [Limite de Requisições]. Aguardando 15 segundos (Tentativa 4/5)...
    [Limite de Requisições]. Aguardando 15 segundos (Tentativa 5/5)...
    [Desistindo do ID 1393] Excedeu tentativas.
 -> Fatiando parágrafo longo (ID: 1394) via IA...
    [Limite de Requisições]. Aguardando 15 segundos (Tentativa 1/5)...
    [Limite de Requisições]. Aguardando 15 segundos (Tentativa 2/5)...
    [Limite de Requisições]. Aguardando 15 segundos (Tentativa 3/5)...
    [Limite de Requisições]. Aguardando 15 segundos (Tentativa 4/5)...
    [Limite de Requisições]. Aguardando 15 segundos (Tentativa 5/5)...
    [Desistindo do ID 1394] Excedeu tentativas.
 -> Fatiando parágrafo longo (ID: 1395) via IA...
    [Limite de Requisições]. Aguardando 15 segundos (Tentativa 1/5)...
    [Limite de Requisições]. Aguardando 15 segundos (Tentativa 2/5)...
    [Limite de Requisições]. Aguardando 15 segundos (Tentativa 3/5)...
    [Limite de Requisições]. Aguardando 15 segundos (Tentativa 4/5)...
    [Limite de Requisições]. Aguardando 15 segundos (Tentativa 5/5)...
    [Desistindo do ID 1395] Excedeu tentativas.
 -> Fatiando parágrafo longo (ID: 1396) via IA...
    [Limite de Requisições]. Aguardando 15 segundos (Tentativa 1/5)...
    [Limite de Requisições]. Aguardando 15 segundos (Tentativa 2/5)...
    [Limite de Requisições]. Aguardando 15 segundos (Tentativa 3/5)...
    [Limite de Requisições]. Aguardando 15 segundos (Tentativa 4/5)...
    [Limite de Requisições]. Aguardando 15 segundos (Tentativa 5/5)...
    [Desistindo do ID 1396] Excedeu tentativas.
 -> Fatiando parágrafo longo (ID: 1397) via IA...
    [Limite de Requisições]. Aguardando 15 segundos (Tentativa 1/5)...
    [Limite de Requisições]. Aguardando 15 segundos (Tentativa 2/5)...
    [Limite de Requisições]. Aguardando 15 segundos (Tentativa 3/5)...
    [Limite de Requisições]. Aguardando 15 segundos (Tentativa 4/5)...
    [Limite de Requisições]. Aguardando 15 segundos (Tentativa 5/5)...
    [Desistindo do ID 1397] Excedeu tentativas.
 -> Fatiando parágrafo longo (ID: 1398) via IA...
    [Limite de Requisições]. Aguardando 15 segundos (Tentativa 1/5)...
    [Limite de Requisições]. Aguardando 15 segundos (Tentativa 2/5)...
    [Limite de Requisições]. Aguardando 15 segundos (Tentativa 3/5)...
    [Limite de Requisições]. Aguardando 15 segundos (Tentativa 4/5)...
    [Limite de Requisições]. Aguardando 15 segundos (Tentativa 5/5)...
    [Desistindo do ID 1398] Excedeu tentativas.
 -> Fatiando parágrafo longo (ID: 1399) via IA...
    [Limite de Requisições]. Aguardando 15 segundos (Tentativa 1/5)...
    [Limite de Requisições]. Aguardando 15 segundos (Tentativa 2/5)...
    [Limite de Requisições]. Aguardando 15 segundos (Tentativa 3/5)...
    [Limite de Requisições]. Aguardando 15 segundos (Tentativa 4/5)...
    [Limite de Requisições]. Aguardando 15 segundos (Tentativa 5/5)...
    [Desistindo do ID 1399] Excedeu tentativas.
 -> Fatiando parágrafo longo (ID: 1400) via IA...
    [Limite de Requisições]. Aguardando 15 segundos (Tentativa 1/5)...
    [Limite de Requisições]. Aguardando 15 segundos (Tentativa 2/5)...
    [Limite de Requisições]. Aguardando 15 segundos (Tentativa 3/5)...
    [Limite de Requisições]. Aguardando 15 segundos (Tentativa 4/5)...
    [Limite de Requisições]. Aguardando 15 segundos (Tentativa 5/5)...
    [Desistindo do ID 1400] Excedeu tentativas.
 -> Fatiando parágrafo longo (ID: 1401) via IA...
    [Limite de Requisições]. Aguardando 15 segundos (Tentativa 1/5)...
    [Limite de Requisições]. Aguardando 15 segundos (Tentativa 2/5)...
    [Limite de Requisições]. Aguardando 15 segundos (Tentativa 3/5)...
    [Limite de Requisições]. Aguardando 15 segundos (Tentativa 4/5)...
    [Limite de Requisições]. Aguardando 15 segundos (Tentativa 5/5)...
    [Desistindo do ID 1401] Excedeu tentativas.
 -> Fatiando parágrafo longo (ID: 1402) via IA...
    [Limite de Requisições]. Aguardando 15 segundos (Tentativa 1/5)...
    [Limite de Requisições]. Aguardando 15 segundos (Tentativa 2/5)...
    [Limite de Requisições]. Aguardando 15 segundos (Tentativa 3/5)...
    [Limite de Requisições]. Aguardando 15 segundos (Tentativa 4/5)...
    [Limite de Requisições]. Aguardando 15 segundos (Tentativa 5/5)...
    [Desistindo do ID 1402] Excedeu tentativas.
 -> Fatiando parágrafo longo (ID: 1403) via IA...
    [Limite de Requisições]. Aguardando 15 segundos (Tentativa 1/5)...
    [Limite de Requisições]. Aguardando 15 segundos (Tentativa 2/5)...
    [Limite de Requisições]. Aguardando 15 segundos (Tentativa 3/5)...
    [Limite de Requisições]. Aguardando 15 segundos (Tentativa 4/5)...
    [Limite de Requisições]. Aguardando 15 segundos (Tentativa 5/5)...
    [Desistindo do ID 1403] Excedeu tentativas.
 -> Fatiando parágrafo longo (ID: 1404) via IA...
    [Limite de Requisições]. Aguardando 15 segundos (Tentativa 1/5)...
    [Limite de Requisições]. Aguardando 15 segundos (Tentativa 2/5)...
    [Limite de Requisições]. Aguardando 15 segundos (Tentativa 3/5)...
    [Limite de Requisições]. Aguardando 15 segundos (Tentativa 4/5)...
    [Limite de Requisições]. Aguardando 15 segundos (Tentativa 5/5)...
    [Desistindo do ID 1404] Excedeu tentativas.
 -> Fatiando parágrafo longo (ID: 1405) via IA...
    [Limite de Requisições]. Aguardando 15 segundos (Tentativa 1/5)...
    [Limite de Requisições]. Aguardando 15 segundos (Tentativa 2/5)...
    [Limite de Requisições]. Aguardando 15 segundos (Tentativa 3/5)...
    [Limite de Requisições]. Aguardando 15 segundos (Tentativa 4/5)...
    [Limite de Requisições]. Aguardando 15 segundos (Tentativa 5/5)...
    [Desistindo do ID 1405] Excedeu tentativas.
 -> Fatiando parágrafo longo (ID: 1406) via IA...
    [Limite de Requisições]. Aguardando 15 segundos (Tentativa 1/5)...
    [Limite de Requisições]. Aguardando 15 segundos (Tentativa 2/5)...
    [Limite de Requisições]. Aguardando 15 segundos (Tentativa 3/5)...
    [Limite de Requisições]. Aguardando 15 segundos (Tentativa 4/5)...
    [Limite de Requisições]. Aguardando 15 segundos (Tentativa 5/5)...
    [Desistindo do ID 1406] Excedeu tentativas.
 -> Fatiando parágrafo longo (ID: 1407) via IA...
    [Limite de Requisições]. Aguardando 15 segundos (Tentativa 1/5)...
    [Limite de Requisições]. Aguardando 15 segundos (Tentativa 2/5)...
    [Limite de Requisições]. Aguardando 15 segundos (Tentativa 3/5)...
    [Limite de Requisições]. Aguardando 15 segundos (Tentativa 4/5)...
    [Limite de Requisições]. Aguardando 15 segundos (Tentativa 5/5)...
    [Desistindo do ID 1407] Excedeu tentativas.
 -> Fatiando parágrafo longo (ID: 1408) via IA...
    [Limite de Requisições]. Aguardando 15 segundos (Tentativa 1/5)...
    [Limite de Requisições]. Aguardando 15 segundos (Tentativa 2/5)...
    [Limite de Requisições]. Aguardando 15 segundos (Tentativa 3/5)...
    [Limite de Requisições]. Aguardando 15 segundos (Tentativa 4/5)...
    [Limite de Requisições]. Aguardando 15 segundos (Tentativa 5/5)...
    [Desistindo do ID 1408] Excedeu tentativas.
 -> Fatiando parágrafo longo (ID: 1409) via IA...
    [Limite de Requisições]. Aguardando 15 segundos (Tentativa 1/5)...
    [Limite de Requisições]. Aguardando 15 segundos (Tentativa 2/5)...
    [Limite de Requisições]. Aguardando 15 segundos (Tentativa 3/5)...
    [Limite de Requisições]. Aguardando 15 segundos (Tentativa 4/5)...
    [Limite de Requisições]. Aguardando 15 segundos (Tentativa 5/5)...
    [Desistindo do ID 1409] Excedeu tentativas.
 -> Fatiando parágrafo longo (ID: 1415) via IA...
    [Limite de Requisições]. Aguardando 15 segundos (Tentativa 1/5)...
    [Limite de Requisições]. Aguardando 15 segundos (Tentativa 2/5)...
    [Limite de Requisições]. Aguardando 15 segundos (Tentativa 3/5)...
    [Limite de Requisições]. Aguardando 15 segundos (Tentativa 4/5)...
    [Limite de Requisições]. Aguardando 15 segundos (Tentativa 5/5)...
    [Desistindo do ID 1415] Excedeu tentativas.
 -> Fatiando parágrafo longo (ID: 1417) via IA...
    [Limite de Requisições]. Aguardando 15 segundos (Tentativa 1/5)...
    [Limite de Requisições]. Aguardando 15 segundos (Tentativa 2/5)...
    [Limite de Requisições]. Aguardando 15 segundos (Tentativa 3/5)...
    [Limite de Requisições]. Aguardando 15 segundos (Tentativa 4/5)...
    [Limite de Requisições]. Aguardando 15 segundos (Tentativa 5/5)...
    [Desistindo do ID 1417] Excedeu tentativas.
 -> Fatiando parágrafo longo (ID: 1418) via IA...
    [Limite de Requisições]. Aguardando 15 segundos (Tentativa 1/5)...
    [Limite de Requisições]. Aguardando 15 segundos (Tentativa 2/5)...
    [Limite de Requisições]. Aguardando 15 segundos (Tentativa 3/5)...
    [Limite de Requisições]. Aguardando 15 segundos (Tentativa 4/5)...
    [Limite de Requisições]. Aguardando 15 segundos (Tentativa 5/5)...
    [Desistindo do ID 1418] Excedeu tentativas.
 -> Fatiando parágrafo longo (ID: 1420) via IA...
    [Limite de Requisições]. Aguardando 15 segundos (Tentativa 1/5)...
    [Limite de Requisições]. Aguardando 15 segundos (Tentativa 2/5)...
    [Limite de Requisições]. Aguardando 15 segundos (Tentativa 3/5)...
    [Limite de Requisições]. Aguardando 15 segundos (Tentativa 4/5)...
    [Limite de Requisições]. Aguardando 15 segundos (Tentativa 5/5)...
    [Desistindo do ID 1420] Excedeu tentativas.
 -> Fatiando parágrafo longo (ID: 1421) via IA...
    [Limite de Requisições]. Aguardando 15 segundos (Tentativa 1/5)...
    [Limite de Requisições]. Aguardando 15 segundos (Tentativa 2/5)...
    [Limite de Requisições]. Aguardando 15 segundos (Tentativa 3/5)...
    [Limite de Requisições]. Aguardando 15 segundos (Tentativa 4/5)...
    [Limite de Requisições]. Aguardando 15 segundos (Tentativa 5/5)...
    [Desistindo do ID 1421] Excedeu tentativas.
 -> Fatiando parágrafo longo (ID: 1424) via IA...
    [Limite de Requisições]. Aguardando 15 segundos (Tentativa 1/5)...
    [Limite de Requisições]. Aguardando 15 segundos (Tentativa 2/5)...
    [Limite de Requisições]. Aguardando 15 segundos (Tentativa 3/5)...
    [Limite de Requisições]. Aguardando 15 segundos (Tentativa 4/5)...
    [Limite de Requisições]. Aguardando 15 segundos (Tentativa 5/5)...
    [Desistindo do ID 1424] Excedeu tentativas.
 -> Fatiando parágrafo longo (ID: 1425) via IA...
    [Limite de Requisições]. Aguardando 15 segundos (Tentativa 1/5)...
    [Limite de Requisições]. Aguardando 15 segundos (Tentativa 2/5)...
    [Limite de Requisições]. Aguardando 15 segundos (Tentativa 3/5)...
    [Limite de Requisições]. Aguardando 15 segundos (Tentativa 4/5)...
    [Limite de Requisições]. Aguardando 15 segundos (Tentativa 5/5)...
    [Desistindo do ID 1425] Excedeu tentativas.
 -> Fatiando parágrafo longo (ID: 1426) via IA...
    [Limite de Requisições]. Aguardando 15 segundos (Tentativa 1/5)...
    [Limite de Requisições]. Aguardando 15 segundos (Tentativa 2/5)...
    [Limite de Requisições]. Aguardando 15 segundos (Tentativa 3/5)...
    [Limite de Requisições]. Aguardando 15 segundos (Tentativa 4/5)...
    [Limite de Requisições]. Aguardando 15 segundos (Tentativa 5/5)...
    [Desistindo do ID 1426] Excedeu tentativas.
 -> Fatiando parágrafo longo (ID: 1427) via IA...
    [Limite de Requisições]. Aguardando 15 segundos (Tentativa 1/5)...
    [Limite de Requisições]. Aguardando 15 segundos (Tentativa 2/5)...
    [Limite de Requisições]. Aguardando 15 segundos (Tentativa 3/5)...
    [Limite de Requisições]. Aguardando 15 segundos (Tentativa 4/5)...
    [Limite de Requisições]. Aguardando 15 segundos (Tentativa 5/5)...
    [Desistindo do ID 1427] Excedeu tentativas.
 -> Fatiando parágrafo longo (ID: 1428) via IA...
    [Limite de Requisições]. Aguardando 15 segundos (Tentativa 1/5)...
    [Limite de Requisições]. Aguardando 15 segundos (Tentativa 2/5)...
    [Limite de Requisições]. Aguardando 15 segundos (Tentativa 3/5)...
    [Limite de Requisições]. Aguardando 15 segundos (Tentativa 4/5)...
    [Limite de Requisições]. Aguardando 15 segundos (Tentativa 5/5)...
    [Desistindo do ID 1428] Excedeu tentativas.
 -> Fatiando parágrafo longo (ID: 1430) via IA...
    [Limite de Requisições]. Aguardando 15 segundos (Tentativa 1/5)...
    [Limite de Requisições]. Aguardando 15 segundos (Tentativa 2/5)...
    [Limite de Requisições]. Aguardando 15 segundos (Tentativa 3/5)...
    [Limite de Requisições]. Aguardando 15 segundos (Tentativa 4/5)...
    [Limite de Requisições]. Aguardando 15 segundos (Tentativa 5/5)...
    [Desistindo do ID 1430] Excedeu tentativas.
 -> Fatiando parágrafo longo (ID: 1431) via IA...
    [Limite de Requisições]. Aguardando 15 segundos (Tentativa 1/5)...
    [Limite de Requisições]. Aguardando 15 segundos (Tentativa 2/5)...
    [Limite de Requisições]. Aguardando 15 segundos (Tentativa 3/5)...
    [Limite de Requisições]. Aguardando 15 segundos (Tentativa 4/5)...
    [Limite de Requisições]. Aguardando 15 segundos (Tentativa 5/5)...
    [Desistindo do ID 1431] Excedeu tentativas.
 -> Fatiando parágrafo longo (ID: 1432) via IA...
    [Limite de Requisições]. Aguardando 15 segundos (Tentativa 1/5)...
    [Limite de Requisições]. Aguardando 15 segundos (Tentativa 2/5)...
    [Limite de Requisições]. Aguardando 15 segundos (Tentativa 3/5)...
    [Limite de Requisições]. Aguardando 15 segundos (Tentativa 4/5)...
    [Limite de Requisições]. Aguardando 15 segundos (Tentativa 5/5)...
    [Desistindo do ID 1432] Excedeu tentativas.
 -> Fatiando parágrafo longo (ID: 1433) via IA...
    [Limite de Requisições]. Aguardando 15 segundos (Tentativa 1/5)...
    [Limite de Requisições]. Aguardando 15 segundos (Tentativa 2/5)...
    [Limite de Requisições]. Aguardando 15 segundos (Tentativa 3/5)...
    [Limite de Requisições]. Aguardando 15 segundos (Tentativa 4/5)...
    [Limite de Requisições]. Aguardando 15 segundos (Tentativa 5/5)...
    [Desistindo do ID 1433] Excedeu tentativas.
 -> Fatiando parágrafo longo (ID: 1434) via IA...
    [Limite de Requisições]. Aguardando 15 segundos (Tentativa 1/5)...
    [Limite de Requisições]. Aguardando 15 segundos (Tentativa 2/5)...
    [Limite de Requisições]. Aguardando 15 segundos (Tentativa 3/5)...
    [Limite de Requisições]. Aguardando 15 segundos (Tentativa 4/5)...
    [Limite de Requisições]. Aguardando 15 segundos (Tentativa 5/5)...
    [Desistindo do ID 1434] Excedeu tentativas.
 -> Fatiando parágrafo longo (ID: 1436) via IA...
    [Limite de Requisições]. Aguardando 15 segundos (Tentativa 1/5)...
    [Limite de Requisições]. Aguardando 15 segundos (Tentativa 2/5)...
    [Limite de Requisições]. Aguardando 15 segundos (Tentativa 3/5)...
    [Limite de Requisições]. Aguardando 15 segundos (Tentativa 4/5)...
    [Limite de Requisições]. Aguardando 15 segundos (Tentativa 5/5)...
    [Desistindo do ID 1436] Excedeu tentativas.
 -> Fatiando parágrafo longo (ID: 1437) via IA...
    [Limite de Requisições]. Aguardando 15 segundos (Tentativa 1/5)...
    [Limite de Requisições]. Aguardando 15 segundos (Tentativa 2/5)...
    [Limite de Requisições]. Aguardando 15 segundos (Tentativa 3/5)...
    [Limite de Requisições]. Aguardando 15 segundos (Tentativa 4/5)...
    [Limite de Requisições]. Aguardando 15 segundos (Tentativa 5/5)...
    [Desistindo do ID 1437] Excedeu tentativas.
 -> Fatiando parágrafo longo (ID: 1438) via IA...
    [Limite de Requisições]. Aguardando 15 segundos (Tentativa 1/5)...
    [Limite de Requisições]. Aguardando 15 segundos (Tentativa 2/5)...
    [Limite de Requisições]. Aguardando 15 segundos (Tentativa 3/5)...
    [Limite de Requisições]. Aguardando 15 segundos (Tentativa 4/5)...
    [Limite de Requisições]. Aguardando 15 segundos (Tentativa 5/5)...
    [Desistindo do ID 1438] Excedeu tentativas.
 -> Fatiando parágrafo longo (ID: 1440) via IA...
    [Limite de Requisições]. Aguardando 15 segundos (Tentativa 1/5)...
    [Limite de Requisições]. Aguardando 15 segundos (Tentativa 2/5)...
    [Limite de Requisições]. Aguardando 15 segundos (Tentativa 3/5)...
    [Limite de Requisições]. Aguardando 15 segundos (Tentativa 4/5)...
    [Limite de Requisições]. Aguardando 15 segundos (Tentativa 5/5)...
    [Desistindo do ID 1440] Excedeu tentativas.
 -> Fatiando parágrafo longo (ID: 1441) via IA...
    [Limite de Requisições]. Aguardando 15 segundos (Tentativa 1/5)...
    [Limite de Requisições]. Aguardando 15 segundos (Tentativa 2/5)...
    [Limite de Requisições]. Aguardando 15 segundos (Tentativa 3/5)...
    [Limite de Requisições]. Aguardando 15 segundos (Tentativa 4/5)...
    [Limite de Requisições]. Aguardando 15 segundos (Tentativa 5/5)...
    [Desistindo do ID 1441] Excedeu tentativas.
 -> Fatiando parágrafo longo (ID: 1442) via IA...
    [Limite de Requisições]. Aguardando 15 segundos (Tentativa 1/5)...
    [Limite de Requisições]. Aguardando 15 segundos (Tentativa 2/5)...
    [Limite de Requisições]. Aguardando 15 segundos (Tentativa 3/5)...
    [Limite de Requisições]. Aguardando 15 segundos (Tentativa 4/5)...
    [Limite de Requisições]. Aguardando 15 segundos (Tentativa 5/5)...
    [Desistindo do ID 1442] Excedeu tentativas.
 -> Fatiando parágrafo longo (ID: 1444) via IA...
    [Limite de Requisições]. Aguardando 15 segundos (Tentativa 1/5)...
    [Limite de Requisições]. Aguardando 15 segundos (Tentativa 2/5)...
    [Limite de Requisições]. Aguardando 15 segundos (Tentativa 3/5)...
    [Limite de Requisições]. Aguardando 15 segundos (Tentativa 4/5)...
    [Limite de Requisições]. Aguardando 15 segundos (Tentativa 5/5)...
    [Desistindo do ID 1444] Excedeu tentativas.
 -> Fatiando parágrafo longo (ID: 1445) via IA...
    [Limite de Requisições]. Aguardando 15 segundos (Tentativa 1/5)...
    [Limite de Requisições]. Aguardando 15 segundos (Tentativa 2/5)...
    [Limite de Requisições]. Aguardando 15 segundos (Tentativa 3/5)...
    [Limite de Requisições]. Aguardando 15 segundos (Tentativa 4/5)...
    [Limite de Requisições]. Aguardando 15 segundos (Tentativa 5/5)...
    [Desistindo do ID 1445] Excedeu tentativas.
 -> Fatiando parágrafo longo (ID: 1447) via IA...
    [Limite de Requisições]. Aguardando 15 segundos (Tentativa 1/5)...
    [Limite de Requisições]. Aguardando 15 segundos (Tentativa 2/5)...
    [Limite de Requisições]. Aguardando 15 segundos (Tentativa 3/5)...
    [Limite de Requisições]. Aguardando 15 segundos (Tentativa 4/5)...
    [Limite de Requisições]. Aguardando 15 segundos (Tentativa 5/5)...
    [Desistindo do ID 1447] Excedeu tentativas.
 -> Fatiando parágrafo longo (ID: 1449) via IA...
    [Limite de Requisições]. Aguardando 15 segundos (Tentativa 1/5)...
    [Limite de Requisições]. Aguardando 15 segundos (Tentativa 2/5)...
    [Limite de Requisições]. Aguardando 15 segundos (Tentativa 3/5)...
    [Limite de Requisições]. Aguardando 15 segundos (Tentativa 4/5)...
    [Limite de Requisições]. Aguardando 15 segundos (Tentativa 5/5)...
    [Desistindo do ID 1449] Excedeu tentativas.
 -> Fatiando parágrafo longo (ID: 1451) via IA...
    [Limite de Requisições]. Aguardando 15 segundos (Tentativa 1/5)...
    [Limite de Requisições]. Aguardando 15 segundos (Tentativa 2/5)...
    [Limite de Requisições]. Aguardando 15 segundos (Tentativa 3/5)...
    [Limite de Requisições]. Aguardando 15 segundos (Tentativa 4/5)...
    [Limite de Requisições]. Aguardando 15 segundos (Tentativa 5/5)...
    [Desistindo do ID 1451] Excedeu tentativas.
 -> Fatiando parágrafo longo (ID: 1452) via IA...
    [Limite de Requisições]. Aguardando 15 segundos (Tentativa 1/5)...
    [Limite de Requisições]. Aguardando 15 segundos (Tentativa 2/5)...
    [Limite de Requisições]. Aguardando 15 segundos (Tentativa 3/5)...
    [Limite de Requisições]. Aguardando 15 segundos (Tentativa 4/5)...
    [Limite de Requisições]. Aguardando 15 segundos (Tentativa 5/5)...
    [Desistindo do ID 1452] Excedeu tentativas.
 -> Fatiando parágrafo longo (ID: 1453) via IA...
    [Limite de Requisições]. Aguardando 15 segundos (Tentativa 1/5)...
    [Limite de Requisições]. Aguardando 15 segundos (Tentativa 2/5)...
    [Limite de Requisições]. Aguardando 15 segundos (Tentativa 3/5)...
    [Limite de Requisições]. Aguardando 15 segundos (Tentativa 4/5)...
    [Limite de Requisições]. Aguardando 15 segundos (Tentativa 5/5)...
    [Desistindo do ID 1453] Excedeu tentativas.
 -> Fatiando parágrafo longo (ID: 1454) via IA...
    [Limite de Requisições]. Aguardando 15 segundos (Tentativa 1/5)...
    [Limite de Requisições]. Aguardando 15 segundos (Tentativa 2/5)...
    [Limite de Requisições]. Aguardando 15 segundos (Tentativa 3/5)...
    [Limite de Requisições]. Aguardando 15 segundos (Tentativa 4/5)...
    [Limite de Requisições]. Aguardando 15 segundos (Tentativa 5/5)...
    [Desistindo do ID 1454] Excedeu tentativas.
 -> Fatiando parágrafo longo (ID: 1455) via IA...
    [Limite de Requisições]. Aguardando 15 segundos (Tentativa 1/5)...
    [Limite de Requisições]. Aguardando 15 segundos (Tentativa 2/5)...
    [Limite de Requisições]. Aguardando 15 segundos (Tentativa 3/5)...
    [Limite de Requisições]. Aguardando 15 segundos (Tentativa 4/5)...
    [Limite de Requisições]. Aguardando 15 segundos (Tentativa 5/5)...
    [Desistindo do ID 1455] Excedeu tentativas.
 -> Fatiando parágrafo longo (ID: 1456) via IA...
    [Limite de Requisições]. Aguardando 15 segundos (Tentativa 1/5)...
    [Limite de Requisições]. Aguardando 15 segundos (Tentativa 2/5)...
    [Limite de Requisições]. Aguardando 15 segundos (Tentativa 3/5)...
    [Limite de Requisições]. Aguardando 15 segundos (Tentativa 4/5)...
    [Limite de Requisições]. Aguardando 15 segundos (Tentativa 5/5)...
    [Desistindo do ID 1456] Excedeu tentativas.
 -> Fatiando parágrafo longo (ID: 1457) via IA...
    [Limite de Requisições]. Aguardando 15 segundos (Tentativa 1/5)...
    [Limite de Requisições]. Aguardando 15 segundos (Tentativa 2/5)...
    [Limite de Requisições]. Aguardando 15 segundos (Tentativa 3/5)...
    [Limite de Requisições]. Aguardando 15 segundos (Tentativa 4/5)...
    [Limite de Requisições]. Aguardando 15 segundos (Tentativa 5/5)...
    [Desistindo do ID 1457] Excedeu tentativas.
 -> Fatiando parágrafo longo (ID: 1458) via IA...
    [Limite de Requisições]. Aguardando 15 segundos (Tentativa 1/5)...
    [Limite de Requisições]. Aguardando 15 segundos (Tentativa 2/5)...
    [Limite de Requisições]. Aguardando 15 segundos (Tentativa 3/5)...
    [Limite de Requisições]. Aguardando 15 segundos (Tentativa 4/5)...
    [Limite de Requisições]. Aguardando 15 segundos (Tentativa 5/5)...
    [Desistindo do ID 1458] Excedeu tentativas.
 -> Fatiando parágrafo longo (ID: 1459) via IA...
    [Limite de Requisições]. Aguardando 15 segundos (Tentativa 1/5)...
    [Limite de Requisições]. Aguardando 15 segundos (Tentativa 2/5)...
    [Limite de Requisições]. Aguardando 15 segundos (Tentativa 3/5)...
    [Limite de Requisições]. Aguardando 15 segundos (Tentativa 4/5)...
    [Limite de Requisições]. Aguardando 15 segundos (Tentativa 5/5)...
    [Desistindo do ID 1459] Excedeu tentativas.
 -> Fatiando parágrafo longo (ID: 1460) via IA...
    [Limite de Requisições]. Aguardando 15 segundos (Tentativa 1/5)...
    [Limite de Requisições]. Aguardando 15 segundos (Tentativa 2/5)...
    [Limite de Requisições]. Aguardando 15 segundos (Tentativa 3/5)...
    [Limite de Requisições]. Aguardando 15 segundos (Tentativa 4/5)...
    [Limite de Requisições]. Aguardando 15 segundos (Tentativa 5/5)...
    [Desistindo do ID 1460] Excedeu tentativas.
 -> Fatiando parágrafo longo (ID: 1463) via IA...
    [Limite de Requisições]. Aguardando 15 segundos (Tentativa 1/5)...
    [Limite de Requisições]. Aguardando 15 segundos (Tentativa 2/5)...
    [Limite de Requisições]. Aguardando 15 segundos (Tentativa 3/5)...
    [Limite de Requisições]. Aguardando 15 segundos (Tentativa 4/5)...
    [Limite de Requisições]. Aguardando 15 segundos (Tentativa 5/5)...
    [Desistindo do ID 1463] Excedeu tentativas.
 -> Fatiando parágrafo longo (ID: 1464) via IA...
    [Limite de Requisições]. Aguardando 15 segundos (Tentativa 1/5)...
    [Limite de Requisições]. Aguardando 15 segundos (Tentativa 2/5)...
    [Limite de Requisições]. Aguardando 15 segundos (Tentativa 3/5)...
    [Limite de Requisições]. Aguardando 15 segundos (Tentativa 4/5)...
    [Limite de Requisições]. Aguardando 15 segundos (Tentativa 5/5)...
    [Desistindo do ID 1464] Excedeu tentativas.
 -> Fatiando parágrafo longo (ID: 1465) via IA...
    [Limite de Requisições]. Aguardando 15 segundos (Tentativa 1/5)...
    [Limite de Requisições]. Aguardando 15 segundos (Tentativa 2/5)...
    [Limite de Requisições]. Aguardando 15 segundos (Tentativa 3/5)...
    [Limite de Requisições]. Aguardando 15 segundos (Tentativa 4/5)...
    [Limite de Requisições]. Aguardando 15 segundos (Tentativa 5/5)...
    [Desistindo do ID 1465] Excedeu tentativas.
 -> Fatiando parágrafo longo (ID: 1466) via IA...
    [Limite de Requisições]. Aguardando 15 segundos (Tentativa 1/5)...
    [Limite de Requisições]. Aguardando 15 segundos (Tentativa 2/5)...
    [Limite de Requisições]. Aguardando 15 segundos (Tentativa 3/5)...
    [Limite de Requisições]. Aguardando 15 segundos (Tentativa 4/5)...
    [Limite de Requisições]. Aguardando 15 segundos (Tentativa 5/5)...
    [Desistindo do ID 1466] Excedeu tentativas.
 -> Fatiando parágrafo longo (ID: 1467) via IA...
    [Limite de Requisições]. Aguardando 15 segundos (Tentativa 1/5)...
    [Limite de Requisições]. Aguardando 15 segundos (Tentativa 2/5)...
    [Limite de Requisições]. Aguardando 15 segundos (Tentativa 3/5)...
    [Limite de Requisições]. Aguardando 15 segundos (Tentativa 4/5)...
    [Limite de Requisições]. Aguardando 15 segundos (Tentativa 5/5)...
    [Desistindo do ID 1467] Excedeu tentativas.
 -> Fatiando parágrafo longo (ID: 1468) via IA...
    [Limite de Requisições]. Aguardando 15 segundos (Tentativa 1/5)...
    [Limite de Requisições]. Aguardando 15 segundos (Tentativa 2/5)...
    [Limite de Requisições]. Aguardando 15 segundos (Tentativa 3/5)...
    [Limite de Requisições]. Aguardando 15 segundos (Tentativa 4/5)...
    [Limite de Requisições]. Aguardando 15 segundos (Tentativa 5/5)...
    [Desistindo do ID 1468] Excedeu tentativas.
 -> Fatiando parágrafo longo (ID: 1470) via IA...
    [Limite de Requisições]. Aguardando 15 segundos (Tentativa 1/5)...
    [Limite de Requisições]. Aguardando 15 segundos (Tentativa 2/5)...
    [Limite de Requisições]. Aguardando 15 segundos (Tentativa 3/5)...
    [Limite de Requisições]. Aguardando 15 segundos (Tentativa 4/5)...
    [Limite de Requisições]. Aguardando 15 segundos (Tentativa 5/5)...
    [Desistindo do ID 1470] Excedeu tentativas.
 -> Fatiando parágrafo longo (ID: 1471) via IA...
    [Limite de Requisições]. Aguardando 15 segundos (Tentativa 1/5)...
    [Limite de Requisições]. Aguardando 15 segundos (Tentativa 2/5)...
    [Limite de Requisições]. Aguardando 15 segundos (Tentativa 3/5)...
    [Limite de Requisições]. Aguardando 15 segundos (Tentativa 4/5)...
    [Limite de Requisições]. Aguardando 15 segundos (Tentativa 5/5)...
    [Desistindo do ID 1471] Excedeu tentativas.
 -> Fatiando parágrafo longo (ID: 1473) via IA...
    [Limite de Requisições]. Aguardando 15 segundos (Tentativa 1/5)...
    [Limite de Requisições]. Aguardando 15 segundos (Tentativa 2/5)...
    [Limite de Requisições]. Aguardando 15 segundos (Tentativa 3/5)...
    [Limite de Requisições]. Aguardando 15 segundos (Tentativa 4/5)...
    [Limite de Requisições]. Aguardando 15 segundos (Tentativa 5/5)...
    [Desistindo do ID 1473] Excedeu tentativas.
 -> Fatiando parágrafo longo (ID: 1474) via IA...
    [Limite de Requisições]. Aguardando 15 segundos (Tentativa 1/5)...
    [Limite de Requisições]. Aguardando 15 segundos (Tentativa 2/5)...
    [Limite de Requisições]. Aguardando 15 segundos (Tentativa 3/5)...
    [Limite de Requisições]. Aguardando 15 segundos (Tentativa 4/5)...
    [Limite de Requisições]. Aguardando 15 segundos (Tentativa 5/5)...
    [Desistindo do ID 1474] Excedeu tentativas.
 -> Fatiando parágrafo longo (ID: 1475) via IA...
    [Limite de Requisições]. Aguardando 15 segundos (Tentativa 1/5)...
    [Limite de Requisições]. Aguardando 15 segundos (Tentativa 2/5)...
    [Limite de Requisições]. Aguardando 15 segundos (Tentativa 3/5)...
    [Limite de Requisições]. Aguardando 15 segundos (Tentativa 4/5)...
    [Limite de Requisições]. Aguardando 15 segundos (Tentativa 5/5)...
    [Desistindo do ID 1475] Excedeu tentativas.
 -> Fatiando parágrafo longo (ID: 1476) via IA...
    [Limite de Requisições]. Aguardando 15 segundos (Tentativa 1/5)...
    [Limite de Requisições]. Aguardando 15 segundos (Tentativa 2/5)...
    [Limite de Requisições]. Aguardando 15 segundos (Tentativa 3/5)...
    [Limite de Requisições]. Aguardando 15 segundos (Tentativa 4/5)...
    [Limite de Requisições]. Aguardando 15 segundos (Tentativa 5/5)...
    [Desistindo do ID 1476] Excedeu tentativas.
 -> Fatiando parágrafo longo (ID: 1477) via IA...
    [Limite de Requisições]. Aguardando 15 segundos (Tentativa 1/5)...
    [Limite de Requisições]. Aguardando 15 segundos (Tentativa 2/5)...
    [Limite de Requisições]. Aguardando 15 segundos (Tentativa 3/5)...
    [Limite de Requisições]. Aguardando 15 segundos (Tentativa 4/5)...
    [Limite de Requisições]. Aguardando 15 segundos (Tentativa 5/5)...
    [Desistindo do ID 1477] Excedeu tentativas.
 -> Fatiando parágrafo longo (ID: 1480) via IA...
    [Limite de Requisições]. Aguardando 15 segundos (Tentativa 1/5)...
    [Limite de Requisições]. Aguardando 15 segundos (Tentativa 2/5)...
    [Limite de Requisições]. Aguardando 15 segundos (Tentativa 3/5)...
    [Limite de Requisições]. Aguardando 15 segundos (Tentativa 4/5)...
    [Limite de Requisições]. Aguardando 15 segundos (Tentativa 5/5)...
    [Desistindo do ID 1480] Excedeu tentativas.
 -> Fatiando parágrafo longo (ID: 1481) via IA...
    [Limite de Requisições]. Aguardando 15 segundos (Tentativa 1/5)...
    [Limite de Requisições]. Aguardando 15 segundos (Tentativa 2/5)...
    [Limite de Requisições]. Aguardando 15 segundos (Tentativa 3/5)...
    [Limite de Requisições]. Aguardando 15 segundos (Tentativa 4/5)...
    [Limite de Requisições]. Aguardando 15 segundos (Tentativa 5/5)...
    [Desistindo do ID 1481] Excedeu tentativas.
 -> Fatiando parágrafo longo (ID: 1482) via IA...
    [Limite de Requisições]. Aguardando 15 segundos (Tentativa 1/5)...
    [Limite de Requisições]. Aguardando 15 segundos (Tentativa 2/5)...
    [Limite de Requisições]. Aguardando 15 segundos (Tentativa 3/5)...
    [Limite de Requisições]. Aguardando 15 segundos (Tentativa 4/5)...
    [Limite de Requisições]. Aguardando 15 segundos (Tentativa 5/5)...
    [Desistindo do ID 1482] Excedeu tentativas.
 -> Fatiando parágrafo longo (ID: 1483) via IA...
    [Limite de Requisições]. Aguardando 15 segundos (Tentativa 1/5)...
    [Limite de Requisições]. Aguardando 15 segundos (Tentativa 2/5)...
    [Limite de Requisições]. Aguardando 15 segundos (Tentativa 3/5)...
    [Limite de Requisições]. Aguardando 15 segundos (Tentativa 4/5)...
    [Limite de Requisições]. Aguardando 15 segundos (Tentativa 5/5)...
    [Desistindo do ID 1483] Excedeu tentativas.
 -> Fatiando parágrafo longo (ID: 1484) via IA...
    [Limite de Requisições]. Aguardando 15 segundos (Tentativa 1/5)...
    [Limite de Requisições]. Aguardando 15 segundos (Tentativa 2/5)...
    [Limite de Requisições]. Aguardando 15 segundos (Tentativa 3/5)...
    [Limite de Requisições]. Aguardando 15 segundos (Tentativa 4/5)...
    [Limite de Requisições]. Aguardando 15 segundos (Tentativa 5/5)...
    [Desistindo do ID 1484] Excedeu tentativas.
 -> Fatiando parágrafo longo (ID: 1485) via IA...
    [Limite de Requisições]. Aguardando 15 segundos (Tentativa 1/5)...
    [Limite de Requisições]. Aguardando 15 segundos (Tentativa 2/5)...
    [Limite de Requisições]. Aguardando 15 segundos (Tentativa 3/5)...
    [Limite de Requisições]. Aguardando 15 segundos (Tentativa 4/5)...
    [Limite de Requisições]. Aguardando 15 segundos (Tentativa 5/5)...
    [Desistindo do ID 1485] Excedeu tentativas.
 -> Fatiando parágrafo longo (ID: 1486) via IA...
    [Limite de Requisições]. Aguardando 15 segundos (Tentativa 1/5)...
    [Limite de Requisições]. Aguardando 15 segundos (Tentativa 2/5)...
    [Limite de Requisições]. Aguardando 15 segundos (Tentativa 3/5)...
    [Limite de Requisições]. Aguardando 15 segundos (Tentativa 4/5)...
    [Limite de Requisições]. Aguardando 15 segundos (Tentativa 5/5)...
    [Desistindo do ID 1486] Excedeu tentativas.
 -> Fatiando parágrafo longo (ID: 1487) via IA...
    [Limite de Requisições]. Aguardando 15 segundos (Tentativa 1/5)...
    [Limite de Requisições]. Aguardando 15 segundos (Tentativa 2/5)...
    [Limite de Requisições]. Aguardando 15 segundos (Tentativa 3/5)...
    [Limite de Requisições]. Aguardando 15 segundos (Tentativa 4/5)...
    [Limite de Requisições]. Aguardando 15 segundos (Tentativa 5/5)...
    [Desistindo do ID 1487] Excedeu tentativas.
 -> Fatiando parágrafo longo (ID: 1488) via IA...
    [Limite de Requisições]. Aguardando 15 segundos (Tentativa 1/5)...
    [Limite de Requisições]. Aguardando 15 segundos (Tentativa 2/5)...
    [Limite de Requisições]. Aguardando 15 segundos (Tentativa 3/5)...
    [Limite de Requisições]. Aguardando 15 segundos (Tentativa 4/5)...
    [Limite de Requisições]. Aguardando 15 segundos (Tentativa 5/5)...
    [Desistindo do ID 1488] Excedeu tentativas.
 -> Fatiando parágrafo longo (ID: 1495) via IA...
    [Limite de Requisições]. Aguardando 15 segundos (Tentativa 1/5)...
    [Limite de Requisições]. Aguardando 15 segundos (Tentativa 2/5)...
    [Limite de Requisições]. Aguardando 15 segundos (Tentativa 3/5)...
    [Limite de Requisições]. Aguardando 15 segundos (Tentativa 4/5)...
    [Limite de Requisições]. Aguardando 15 segundos (Tentativa 5/5)...
    [Desistindo do ID 1495] Excedeu tentativas.
 -> Fatiando parágrafo longo (ID: 1496) via IA...
    [Limite de Requisições]. Aguardando 15 segundos (Tentativa 1/5)...
    [Limite de Requisições]. Aguardando 15 segundos (Tentativa 2/5)...
    [Limite de Requisições]. Aguardando 15 segundos (Tentativa 3/5)...
    [Limite de Requisições]. Aguardando 15 segundos (Tentativa 4/5)...
    [Limite de Requisições]. Aguardando 15 segundos (Tentativa 5/5)...
    [Desistindo do ID 1496] Excedeu tentativas.
 -> Fatiando parágrafo longo (ID: 1497) via IA...
    [Limite de Requisições]. Aguardando 15 segundos (Tentativa 1/5)...
    [Limite de Requisições]. Aguardando 15 segundos (Tentativa 2/5)...
    [Limite de Requisições]. Aguardando 15 segundos (Tentativa 3/5)...
    [Limite de Requisições]. Aguardando 15 segundos (Tentativa 4/5)...
    [Limite de Requisições]. Aguardando 15 segundos (Tentativa 5/5)...
    [Desistindo do ID 1497] Excedeu tentativas.
 -> Fatiando parágrafo longo (ID: 1498) via IA...
    [Limite de Requisições]. Aguardando 15 segundos (Tentativa 1/5)...
    [Limite de Requisições]. Aguardando 15 segundos (Tentativa 2/5)...
    [Limite de Requisições]. Aguardando 15 segundos (Tentativa 3/5)...
    [Limite de Requisições]. Aguardando 15 segundos (Tentativa 4/5)...
    [Limite de Requisições]. Aguardando 15 segundos (Tentativa 5/5)...
    [Desistindo do ID 1498] Excedeu tentativas.
 -> Fatiando parágrafo longo (ID: 1499) via IA...
    [Limite de Requisições]. Aguardando 15 segundos (Tentativa 1/5)...
    [Limite de Requisições]. Aguardando 15 segundos (Tentativa 2/5)...
    [Limite de Requisições]. Aguardando 15 segundos (Tentativa 3/5)...
    [Limite de Requisições]. Aguardando 15 segundos (Tentativa 4/5)...
    [Limite de Requisições]. Aguardando 15 segundos (Tentativa 5/5)...
    [Desistindo do ID 1499] Excedeu tentativas.
 -> Fatiando parágrafo longo (ID: 1500) via IA...
    [Limite de Requisições]. Aguardando 15 segundos (Tentativa 1/5)...
    [Limite de Requisições]. Aguardando 15 segundos (Tentativa 2/5)...
    [Limite de Requisições]. Aguardando 15 segundos (Tentativa 3/5)...
    [Limite de Requisições]. Aguardando 15 segundos (Tentativa 4/5)...
    [Limite de Requisições]. Aguardando 15 segundos (Tentativa 5/5)...
    [Desistindo do ID 1500] Excedeu tentativas.
 -> Fatiando parágrafo longo (ID: 1501) via IA...
    [Limite de Requisições]. Aguardando 15 segundos (Tentativa 1/5)...
    [Limite de Requisições]. Aguardando 15 segundos (Tentativa 2/5)...
    [Limite de Requisições]. Aguardando 15 segundos (Tentativa 3/5)...
    [Limite de Requisições]. Aguardando 15 segundos (Tentativa 4/5)...
    [Limite de Requisições]. Aguardando 15 segundos (Tentativa 5/5)...
    [Desistindo do ID 1501] Excedeu tentativas.
 -> Fatiando parágrafo longo (ID: 1502) via IA...
    [Limite de Requisições]. Aguardando 15 segundos (Tentativa 1/5)...
    [Limite de Requisições]. Aguardando 15 segundos (Tentativa 2/5)...
    [Limite de Requisições]. Aguardando 15 segundos (Tentativa 3/5)...
    [Limite de Requisições]. Aguardando 15 segundos (Tentativa 4/5)...
    [Limite de Requisições]. Aguardando 15 segundos (Tentativa 5/5)...
    [Desistindo do ID 1502] Excedeu tentativas.
 -> Fatiando parágrafo longo (ID: 1503) via IA...
    [Limite de Requisições]. Aguardando 15 segundos (Tentativa 1/5)...
    [Limite de Requisições]. Aguardando 15 segundos (Tentativa 2/5)...
    [Limite de Requisições]. Aguardando 15 segundos (Tentativa 3/5)...
    [Limite de Requisições]. Aguardando 15 segundos (Tentativa 4/5)...
    [Limite de Requisições]. Aguardando 15 segundos (Tentativa 5/5)...
    [Desistindo do ID 1503] Excedeu tentativas.
 -> Fatiando parágrafo longo (ID: 1504) via IA...
    [Limite de Requisições]. Aguardando 15 segundos (Tentativa 1/5)...
    [Limite de Requisições]. Aguardando 15 segundos (Tentativa 2/5)...
    [Limite de Requisições]. Aguardando 15 segundos (Tentativa 3/5)...
    [Limite de Requisições]. Aguardando 15 segundos (Tentativa 4/5)...
    [Limite de Requisições]. Aguardando 15 segundos (Tentativa 5/5)...
    [Desistindo do ID 1504] Excedeu tentativas.
 -> Fatiando parágrafo longo (ID: 1505) via IA...
    [Limite de Requisições]. Aguardando 15 segundos (Tentativa 1/5)...
    [Limite de Requisições]. Aguardando 15 segundos (Tentativa 2/5)...
    [Limite de Requisições]. Aguardando 15 segundos (Tentativa 3/5)...
    [Limite de Requisições]. Aguardando 15 segundos (Tentativa 4/5)...
    [Limite de Requisições]. Aguardando 15 segundos (Tentativa 5/5)...
    [Desistindo do ID 1505] Excedeu tentativas.
 -> Fatiando parágrafo longo (ID: 1506) via IA...
    [Limite de Requisições]. Aguardando 15 segundos (Tentativa 1/5)...
    [Limite de Requisições]. Aguardando 15 segundos (Tentativa 2/5)...
    [Limite de Requisições]. Aguardando 15 segundos (Tentativa 3/5)...
    [Limite de Requisições]. Aguardando 15 segundos (Tentativa 4/5)...
    [Limite de Requisições]. Aguardando 15 segundos (Tentativa 5/5)...
    [Desistindo do ID 1506] Excedeu tentativas.
 -> Fatiando parágrafo longo (ID: 1507) via IA...
    [Limite de Requisições]. Aguardando 15 segundos (Tentativa 1/5)...
    [Limite de Requisições]. Aguardando 15 segundos (Tentativa 2/5)...
    [Limite de Requisições]. Aguardando 15 segundos (Tentativa 3/5)...
    [Limite de Requisições]. Aguardando 15 segundos (Tentativa 4/5)...
    [Limite de Requisições]. Aguardando 15 segundos (Tentativa 5/5)...
    [Desistindo do ID 1507] Excedeu tentativas.
 -> Fatiando parágrafo longo (ID: 1508) via IA...
    [Limite de Requisições]. Aguardando 15 segundos (Tentativa 1/5)...
    [Limite de Requisições]. Aguardando 15 segundos (Tentativa 2/5)...
    [Limite de Requisições]. Aguardando 15 segundos (Tentativa 3/5)...
    [Limite de Requisições]. Aguardando 15 segundos (Tentativa 4/5)...
    [Limite de Requisições]. Aguardando 15 segundos (Tentativa 5/5)...
    [Desistindo do ID 1508] Excedeu tentativas.
 -> Fatiando parágrafo longo (ID: 1509) via IA...
    [Limite de Requisições]. Aguardando 15 segundos (Tentativa 1/5)...
    [Limite de Requisições]. Aguardando 15 segundos (Tentativa 2/5)...
    [Limite de Requisições]. Aguardando 15 segundos (Tentativa 3/5)...
    [Limite de Requisições]. Aguardando 15 segundos (Tentativa 4/5)...
    [Limite de Requisições]. Aguardando 15 segundos (Tentativa 5/5)...
    [Desistindo do ID 1509] Excedeu tentativas.
 -> Fatiando parágrafo longo (ID: 1510) via IA...
    [Limite de Requisições]. Aguardando 15 segundos (Tentativa 1/5)...
    [Limite de Requisições]. Aguardando 15 segundos (Tentativa 2/5)...
    [Limite de Requisições]. Aguardando 15 segundos (Tentativa 3/5)...
    [Limite de Requisições]. Aguardando 15 segundos (Tentativa 4/5)...
    [Limite de Requisições]. Aguardando 15 segundos (Tentativa 5/5)...
    [Desistindo do ID 1510] Excedeu tentativas.
 -> Fatiando parágrafo longo (ID: 1511) via IA...
    [Limite de Requisições]. Aguardando 15 segundos (Tentativa 1/5)...
    [Limite de Requisições]. Aguardando 15 segundos (Tentativa 2/5)...
    [Limite de Requisições]. Aguardando 15 segundos (Tentativa 3/5)...
    [Limite de Requisições]. Aguardando 15 segundos (Tentativa 4/5)...
    [Limite de Requisições]. Aguardando 15 segundos (Tentativa 5/5)...
    [Desistindo do ID 1511] Excedeu tentativas.
 -> Fatiando parágrafo longo (ID: 1512) via IA...
    [Limite de Requisições]. Aguardando 15 segundos (Tentativa 1/5)...
    [Limite de Requisições]. Aguardando 15 segundos (Tentativa 2/5)...
    [Limite de Requisições]. Aguardando 15 segundos (Tentativa 3/5)...
    [Limite de Requisições]. Aguardando 15 segundos (Tentativa 4/5)...
    [Limite de Requisições]. Aguardando 15 segundos (Tentativa 5/5)...
    [Desistindo do ID 1512] Excedeu tentativas.
 -> Fatiando parágrafo longo (ID: 1513) via IA...
    [Limite de Requisições]. Aguardando 15 segundos (Tentativa 1/5)...
    [Limite de Requisições]. Aguardando 15 segundos (Tentativa 2/5)...
    [Limite de Requisições]. Aguardando 15 segundos (Tentativa 3/5)...
    [Limite de Requisições]. Aguardando 15 segundos (Tentativa 4/5)...
    [Limite de Requisições]. Aguardando 15 segundos (Tentativa 5/5)...
    [Desistindo do ID 1513] Excedeu tentativas.
 -> Fatiando parágrafo longo (ID: 1514) via IA...
    [Limite de Requisições]. Aguardando 15 segundos (Tentativa 1/5)...
    [Limite de Requisições]. Aguardando 15 segundos (Tentativa 2/5)...
    [Limite de Requisições]. Aguardando 15 segundos (Tentativa 3/5)...
    [Limite de Requisições]. Aguardando 15 segundos (Tentativa 4/5)...
    [Limite de Requisições]. Aguardando 15 segundos (Tentativa 5/5)...
    [Desistindo do ID 1514] Excedeu tentativas.
 -> Fatiando parágrafo longo (ID: 1515) via IA...
    [Limite de Requisições]. Aguardando 15 segundos (Tentativa 1/5)...
    [Limite de Requisições]. Aguardando 15 segundos (Tentativa 2/5)...
    [Limite de Requisições]. Aguardando 15 segundos (Tentativa 3/5)...
    [Limite de Requisições]. Aguardando 15 segundos (Tentativa 4/5)...
    [Limite de Requisições]. Aguardando 15 segundos (Tentativa 5/5)...
    [Desistindo do ID 1515] Excedeu tentativas.
 -> Fatiando parágrafo longo (ID: 1516) via IA...
    [Limite de Requisições]. Aguardando 15 segundos (Tentativa 1/5)...
    [Limite de Requisições]. Aguardando 15 segundos (Tentativa 2/5)...
    [Limite de Requisições]. Aguardando 15 segundos (Tentativa 3/5)...
    [Limite de Requisições]. Aguardando 15 segundos (Tentativa 4/5)...
    [Limite de Requisições]. Aguardando 15 segundos (Tentativa 5/5)...
    [Desistindo do ID 1516] Excedeu tentativas.
 -> Fatiando parágrafo longo (ID: 1517) via IA...
    [Limite de Requisições]. Aguardando 15 segundos (Tentativa 1/5)...
    [Limite de Requisições]. Aguardando 15 segundos (Tentativa 2/5)...
    [Limite de Requisições]. Aguardando 15 segundos (Tentativa 3/5)...
    [Limite de Requisições]. Aguardando 15 segundos (Tentativa 4/5)...
    [Limite de Requisições]. Aguardando 15 segundos (Tentativa 5/5)...
    [Desistindo do ID 1517] Excedeu tentativas.
 -> Fatiando parágrafo longo (ID: 1518) via IA...
    [Limite de Requisições]. Aguardando 15 segundos (Tentativa 1/5)...
    [Limite de Requisições]. Aguardando 15 segundos (Tentativa 2/5)...
    [Limite de Requisições]. Aguardando 15 segundos (Tentativa 3/5)...
    [Limite de Requisições]. Aguardando 15 segundos (Tentativa 4/5)...
    [Limite de Requisições]. Aguardando 15 segundos (Tentativa 5/5)...
    [Desistindo do ID 1518] Excedeu tentativas.
 -> Fatiando parágrafo longo (ID: 1520) via IA...
    [Limite de Requisições]. Aguardando 15 segundos (Tentativa 1/5)...
    [Limite de Requisições]. Aguardando 15 segundos (Tentativa 2/5)...
    [Limite de Requisições]. Aguardando 15 segundos (Tentativa 3/5)...
    [Limite de Requisições]. Aguardando 15 segundos (Tentativa 4/5)...
    [Limite de Requisições]. Aguardando 15 segundos (Tentativa 5/5)...
    [Desistindo do ID 1520] Excedeu tentativas.
 -> Fatiando parágrafo longo (ID: 1521) via IA...
    [Limite de Requisições]. Aguardando 15 segundos (Tentativa 1/5)...
    [Limite de Requisições]. Aguardando 15 segundos (Tentativa 2/5)...
    [Limite de Requisições]. Aguardando 15 segundos (Tentativa 3/5)...
    [Limite de Requisições]. Aguardando 15 segundos (Tentativa 4/5)...
    [Limite de Requisições]. Aguardando 15 segundos (Tentativa 5/5)...
    [Desistindo do ID 1521] Excedeu tentativas.
 -> Fatiando parágrafo longo (ID: 1522) via IA...
    [Limite de Requisições]. Aguardando 15 segundos (Tentativa 1/5)...
    [Limite de Requisições]. Aguardando 15 segundos (Tentativa 2/5)...
    [Limite de Requisições]. Aguardando 15 segundos (Tentativa 3/5)...
    [Limite de Requisições]. Aguardando 15 segundos (Tentativa 4/5)...
    [Limite de Requisições]. Aguardando 15 segundos (Tentativa 5/5)...
    [Desistindo do ID 1522] Excedeu tentativas.
 -> Fatiando parágrafo longo (ID: 1523) via IA...
    [Limite de Requisições]. Aguardando 15 segundos (Tentativa 1/5)...
    [Limite de Requisições]. Aguardando 15 segundos (Tentativa 2/5)...
    [Limite de Requisições]. Aguardando 15 segundos (Tentativa 3/5)...
    [Limite de Requisições]. Aguardando 15 segundos (Tentativa 4/5)...
    [Limite de Requisições]. Aguardando 15 segundos (Tentativa 5/5)...
    [Desistindo do ID 1523] Excedeu tentativas.
 -> Fatiando parágrafo longo (ID: 1524) via IA...
    [Limite de Requisições]. Aguardando 15 segundos (Tentativa 1/5)...
    [Limite de Requisições]. Aguardando 15 segundos (Tentativa 2/5)...
    [Limite de Requisições]. Aguardando 15 segundos (Tentativa 3/5)...
    [Limite de Requisições]. Aguardando 15 segundos (Tentativa 4/5)...
    [Limite de Requisições]. Aguardando 15 segundos (Tentativa 5/5)...
    [Desistindo do ID 1524] Excedeu tentativas.
 -> Fatiando parágrafo longo (ID: 1527) via IA...
    [Limite de Requisições]. Aguardando 15 segundos (Tentativa 1/5)...
    [Limite de Requisições]. Aguardando 15 segundos (Tentativa 2/5)...
    [Limite de Requisições]. Aguardando 15 segundos (Tentativa 3/5)...
    [Limite de Requisições]. Aguardando 15 segundos (Tentativa 4/5)...
    [Limite de Requisições]. Aguardando 15 segundos (Tentativa 5/5)...
    [Desistindo do ID 1527] Excedeu tentativas.
 -> Fatiando parágrafo longo (ID: 1528) via IA...
    [Limite de Requisições]. Aguardando 15 segundos (Tentativa 1/5)...
    [Limite de Requisições]. Aguardando 15 segundos (Tentativa 2/5)...
    [Limite de Requisições]. Aguardando 15 segundos (Tentativa 3/5)...
    [Limite de Requisições]. Aguardando 15 segundos (Tentativa 4/5)...
    [Limite de Requisições]. Aguardando 15 segundos (Tentativa 5/5)...
    [Desistindo do ID 1528] Excedeu tentativas.
 -> Fatiando parágrafo longo (ID: 1530) via IA...
    [Limite de Requisições]. Aguardando 15 segundos (Tentativa 1/5)...
    [Limite de Requisições]. Aguardando 15 segundos (Tentativa 2/5)...
    [Limite de Requisições]. Aguardando 15 segundos (Tentativa 3/5)...
    [Limite de Requisições]. Aguardando 15 segundos (Tentativa 4/5)...
    [Limite de Requisições]. Aguardando 15 segundos (Tentativa 5/5)...
    [Desistindo do ID 1530] Excedeu tentativas.
 -> Fatiando parágrafo longo (ID: 1531) via IA...
    [Limite de Requisições]. Aguardando 15 segundos (Tentativa 1/5)...
    [Limite de Requisições]. Aguardando 15 segundos (Tentativa 2/5)...
    [Limite de Requisições]. Aguardando 15 segundos (Tentativa 3/5)...
    [Limite de Requisições]. Aguardando 15 segundos (Tentativa 4/5)...
    [Limite de Requisições]. Aguardando 15 segundos (Tentativa 5/5)...
    [Desistindo do ID 1531] Excedeu tentativas.
 -> Fatiando parágrafo longo (ID: 1532) via IA...
    [Limite de Requisições]. Aguardando 15 segundos (Tentativa 1/5)...
    [Limite de Requisições]. Aguardando 15 segundos (Tentativa 2/5)...
    [Limite de Requisições]. Aguardando 15 segundos (Tentativa 3/5)...
    [Limite de Requisições]. Aguardando 15 segundos (Tentativa 4/5)...
    [Limite de Requisições]. Aguardando 15 segundos (Tentativa 5/5)...
    [Desistindo do ID 1532] Excedeu tentativas.
 -> Fatiando parágrafo longo (ID: 1533) via IA...
    [Limite de Requisições]. Aguardando 15 segundos (Tentativa 1/5)...
    [Limite de Requisições]. Aguardando 15 segundos (Tentativa 2/5)...
    [Limite de Requisições]. Aguardando 15 segundos (Tentativa 3/5)...
    [Limite de Requisições]. Aguardando 15 segundos (Tentativa 4/5)...
    [Limite de Requisições]. Aguardando 15 segundos (Tentativa 5/5)...
    [Desistindo do ID 1533] Excedeu tentativas.
 -> Fatiando parágrafo longo (ID: 1536) via IA...
    [Limite de Requisições]. Aguardando 15 segundos (Tentativa 1/5)...
    [Limite de Requisições]. Aguardando 15 segundos (Tentativa 2/5)...
    [Limite de Requisições]. Aguardando 15 segundos (Tentativa 3/5)...
    [Limite de Requisições]. Aguardando 15 segundos (Tentativa 4/5)...
    [Limite de Requisições]. Aguardando 15 segundos (Tentativa 5/5)...
    [Desistindo do ID 1536] Excedeu tentativas.
 -> Fatiando parágrafo longo (ID: 1538) via IA...
    [Limite de Requisições]. Aguardando 15 segundos (Tentativa 1/5)...
    [Limite de Requisições]. Aguardando 15 segundos (Tentativa 2/5)...
    [Limite de Requisições]. Aguardando 15 segundos (Tentativa 3/5)...
    [Limite de Requisições]. Aguardando 15 segundos (Tentativa 4/5)...
    [Limite de Requisições]. Aguardando 15 segundos (Tentativa 5/5)...
    [Desistindo do ID 1538] Excedeu tentativas.
 -> Fatiando parágrafo longo (ID: 1539) via IA...
    [Limite de Requisições]. Aguardando 15 segundos (Tentativa 1/5)...
    [Limite de Requisições]. Aguardando 15 segundos (Tentativa 2/5)...
    [Limite de Requisições]. Aguardando 15 segundos (Tentativa 3/5)...
    [Limite de Requisições]. Aguardando 15 segundos (Tentativa 4/5)...
    [Limite de Requisições]. Aguardando 15 segundos (Tentativa 5/5)...
    [Desistindo do ID 1539] Excedeu tentativas.
 -> Fatiando parágrafo longo (ID: 1540) via IA...
    [Limite de Requisições]. Aguardando 15 segundos (Tentativa 1/5)...
    [Limite de Requisições]. Aguardando 15 segundos (Tentativa 2/5)...
    [Limite de Requisições]. Aguardando 15 segundos (Tentativa 3/5)...
    [Limite de Requisições]. Aguardando 15 segundos (Tentativa 4/5)...
    [Limite de Requisições]. Aguardando 15 segundos (Tentativa 5/5)...
    [Desistindo do ID 1540] Excedeu tentativas.
 -> Fatiando parágrafo longo (ID: 1541) via IA...
    [Limite de Requisições]. Aguardando 15 segundos (Tentativa 1/5)...
    [Limite de Requisições]. Aguardando 15 segundos (Tentativa 2/5)...
    [Limite de Requisições]. Aguardando 15 segundos (Tentativa 3/5)...
    [Limite de Requisições]. Aguardando 15 segundos (Tentativa 4/5)...
    [Limite de Requisições]. Aguardando 15 segundos (Tentativa 5/5)...
    [Desistindo do ID 1541] Excedeu tentativas.
 -> Fatiando parágrafo longo (ID: 1542) via IA...
    [Limite de Requisições]. Aguardando 15 segundos (Tentativa 1/5)...
    [Limite de Requisições]. Aguardando 15 segundos (Tentativa 2/5)...
    [Limite de Requisições]. Aguardando 15 segundos (Tentativa 3/5)...
    [Limite de Requisições]. Aguardando 15 segundos (Tentativa 4/5)...
    [Limite de Requisições]. Aguardando 15 segundos (Tentativa 5/5)...
    [Desistindo do ID 1542] Excedeu tentativas.
 -> Fatiando parágrafo longo (ID: 1543) via IA...
    [Limite de Requisições]. Aguardando 15 segundos (Tentativa 1/5)...
    [Limite de Requisições]. Aguardando 15 segundos (Tentativa 2/5)...
    [Limite de Requisições]. Aguardando 15 segundos (Tentativa 3/5)...
    [Limite de Requisições]. Aguardando 15 segundos (Tentativa 4/5)...
    [Limite de Requisições]. Aguardando 15 segundos (Tentativa 5/5)...
    [Desistindo do ID 1543] Excedeu tentativas.
 -> Fatiando parágrafo longo (ID: 1545) via IA...
    [Limite de Requisições]. Aguardando 15 segundos (Tentativa 1/5)...
    [Limite de Requisições]. Aguardando 15 segundos (Tentativa 2/5)...
    [Limite de Requisições]. Aguardando 15 segundos (Tentativa 3/5)...
    [Limite de Requisições]. Aguardando 15 segundos (Tentativa 4/5)...
    [Limite de Requisições]. Aguardando 15 segundos (Tentativa 5/5)...
    [Desistindo do ID 1545] Excedeu tentativas.
 -> Fatiando parágrafo longo (ID: 1547) via IA...
    [Limite de Requisições]. Aguardando 15 segundos (Tentativa 1/5)...
    [Limite de Requisições]. Aguardando 15 segundos (Tentativa 2/5)...
    [Limite de Requisições]. Aguardando 15 segundos (Tentativa 3/5)...
    [Limite de Requisições]. Aguardando 15 segundos (Tentativa 4/5)...
    [Limite de Requisições]. Aguardando 15 segundos (Tentativa 5/5)...
    [Desistindo do ID 1547] Excedeu tentativas.
 -> Fatiando parágrafo longo (ID: 1549) via IA...
    [Limite de Requisições]. Aguardando 15 segundos (Tentativa 1/5)...
    [Limite de Requisições]. Aguardando 15 segundos (Tentativa 2/5)...
    [Limite de Requisições]. Aguardando 15 segundos (Tentativa 3/5)...
    [Limite de Requisições]. Aguardando 15 segundos (Tentativa 4/5)...
    [Limite de Requisições]. Aguardando 15 segundos (Tentativa 5/5)...
    [Desistindo do ID 1549] Excedeu tentativas.
 -> Fatiando parágrafo longo (ID: 1550) via IA...
    [Limite de Requisições]. Aguardando 15 segundos (Tentativa 1/5)...
    [Limite de Requisições]. Aguardando 15 segundos (Tentativa 2/5)...
    [Limite de Requisições]. Aguardando 15 segundos (Tentativa 3/5)...
    [Limite de Requisições]. Aguardando 15 segundos (Tentativa 4/5)...
    [Limite de Requisições]. Aguardando 15 segundos (Tentativa 5/5)...
    [Desistindo do ID 1550] Excedeu tentativas.
 -> Fatiando parágrafo longo (ID: 1552) via IA...
    [Limite de Requisições]. Aguardando 15 segundos (Tentativa 1/5)...
    [Limite de Requisições]. Aguardando 15 segundos (Tentativa 2/5)...
    [Limite de Requisições]. Aguardando 15 segundos (Tentativa 3/5)...
    [Limite de Requisições]. Aguardando 15 segundos (Tentativa 4/5)...
    [Limite de Requisições]. Aguardando 15 segundos (Tentativa 5/5)...
    [Desistindo do ID 1552] Excedeu tentativas.
 -> Fatiando parágrafo longo (ID: 1553) via IA...
    [Limite de Requisições]. Aguardando 15 segundos (Tentativa 1/5)...
    [Limite de Requisições]. Aguardando 15 segundos (Tentativa 2/5)...
    [Limite de Requisições]. Aguardando 15 segundos (Tentativa 3/5)...
    [Limite de Requisições]. Aguardando 15 segundos (Tentativa 4/5)...
    [Limite de Requisições]. Aguardando 15 segundos (Tentativa 5/5)...
    [Desistindo do ID 1553] Excedeu tentativas.
 -> Fatiando parágrafo longo (ID: 1559) via IA...
    [Limite de Requisições]. Aguardando 15 segundos (Tentativa 1/5)...
    [Limite de Requisições]. Aguardando 15 segundos (Tentativa 2/5)...
    [Limite de Requisições]. Aguardando 15 segundos (Tentativa 3/5)...
    [Limite de Requisições]. Aguardando 15 segundos (Tentativa 4/5)...
    [Limite de Requisições]. Aguardando 15 segundos (Tentativa 5/5)...
    [Desistindo do ID 1559] Excedeu tentativas.
 -> Fatiando parágrafo longo (ID: 1560) via IA...
    [Limite de Requisições]. Aguardando 15 segundos (Tentativa 1/5)...
    [Limite de Requisições]. Aguardando 15 segundos (Tentativa 2/5)...
    [Limite de Requisições]. Aguardando 15 segundos (Tentativa 3/5)...
    [Limite de Requisições]. Aguardando 15 segundos (Tentativa 4/5)...
    [Limite de Requisições]. Aguardando 15 segundos (Tentativa 5/5)...
    [Desistindo do ID 1560] Excedeu tentativas.
 -> Fatiando parágrafo longo (ID: 1561) via IA...
    [Limite de Requisições]. Aguardando 15 segundos (Tentativa 1/5)...
    [Limite de Requisições]. Aguardando 15 segundos (Tentativa 2/5)...
    [Limite de Requisições]. Aguardando 15 segundos (Tentativa 3/5)...
    [Limite de Requisições]. Aguardando 15 segundos (Tentativa 4/5)...
    [Limite de Requisições]. Aguardando 15 segundos (Tentativa 5/5)...
    [Desistindo do ID 1561] Excedeu tentativas.
 -> Fatiando parágrafo longo (ID: 1562) via IA...
    [Limite de Requisições]. Aguardando 15 segundos (Tentativa 1/5)...
    [Limite de Requisições]. Aguardando 15 segundos (Tentativa 2/5)...
    [Limite de Requisições]. Aguardando 15 segundos (Tentativa 3/5)...
    [Limite de Requisições]. Aguardando 15 segundos (Tentativa 4/5)...
    [Limite de Requisições]. Aguardando 15 segundos (Tentativa 5/5)...
    [Desistindo do ID 1562] Excedeu tentativas.
 -> Fatiando parágrafo longo (ID: 1563) via IA...
    [Limite de Requisições]. Aguardando 15 segundos (Tentativa 1/5)...
    [Limite de Requisições]. Aguardando 15 segundos (Tentativa 2/5)...
    [Limite de Requisições]. Aguardando 15 segundos (Tentativa 3/5)...
    [Limite de Requisições]. Aguardando 15 segundos (Tentativa 4/5)...
    [Limite de Requisições]. Aguardando 15 segundos (Tentativa 5/5)...
    [Desistindo do ID 1563] Excedeu tentativas.
 -> Fatiando parágrafo longo (ID: 1564) via IA...
    [Limite de Requisições]. Aguardando 15 segundos (Tentativa 1/5)...
    [Limite de Requisições]. Aguardando 15 segundos (Tentativa 2/5)...
    [Limite de Requisições]. Aguardando 15 segundos (Tentativa 3/5)...
    [Limite de Requisições]. Aguardando 15 segundos (Tentativa 4/5)...
    [Limite de Requisições]. Aguardando 15 segundos (Tentativa 5/5)...
    [Desistindo do ID 1564] Excedeu tentativas.
 -> Fatiando parágrafo longo (ID: 1565) via IA...
    [Limite de Requisições]. Aguardando 15 segundos (Tentativa 1/5)...
    [Limite de Requisições]. Aguardando 15 segundos (Tentativa 2/5)...
    [Limite de Requisições]. Aguardando 15 segundos (Tentativa 3/5)...
    [Limite de Requisições]. Aguardando 15 segundos (Tentativa 4/5)...
    [Limite de Requisições]. Aguardando 15 segundos (Tentativa 5/5)...
    [Desistindo do ID 1565] Excedeu tentativas.
 -> Fatiando parágrafo longo (ID: 1566) via IA...
    [Limite de Requisições]. Aguardando 15 segundos (Tentativa 1/5)...
    [Limite de Requisições]. Aguardando 15 segundos (Tentativa 2/5)...
    [Limite de Requisições]. Aguardando 15 segundos (Tentativa 3/5)...
    [Limite de Requisições]. Aguardando 15 segundos (Tentativa 4/5)...
    [Limite de Requisições]. Aguardando 15 segundos (Tentativa 5/5)...
    [Desistindo do ID 1566] Excedeu tentativas.
 -> Fatiando parágrafo longo (ID: 1567) via IA...
    [Limite de Requisições]. Aguardando 15 segundos (Tentativa 1/5)...
    [Limite de Requisições]. Aguardando 15 segundos (Tentativa 2/5)...
    [Limite de Requisições]. Aguardando 15 segundos (Tentativa 3/5)...
    [Limite de Requisições]. Aguardando 15 segundos (Tentativa 4/5)...
    [Limite de Requisições]. Aguardando 15 segundos (Tentativa 5/5)...
    [Desistindo do ID 1567] Excedeu tentativas.
 -> Fatiando parágrafo longo (ID: 1569) via IA...
    [Limite de Requisições]. Aguardando 15 segundos (Tentativa 1/5)...
    [Limite de Requisições]. Aguardando 15 segundos (Tentativa 2/5)...
    [Limite de Requisições]. Aguardando 15 segundos (Tentativa 3/5)...
    [Limite de Requisições]. Aguardando 15 segundos (Tentativa 4/5)...
    [Limite de Requisições]. Aguardando 15 segundos (Tentativa 5/5)...
    [Desistindo do ID 1569] Excedeu tentativas.
 -> Fatiando parágrafo longo (ID: 1570) via IA...
    [Limite de Requisições]. Aguardando 15 segundos (Tentativa 1/5)...
    [Limite de Requisições]. Aguardando 15 segundos (Tentativa 2/5)...
    [Limite de Requisições]. Aguardando 15 segundos (Tentativa 3/5)...
    [Limite de Requisições]. Aguardando 15 segundos (Tentativa 4/5)...
    [Limite de Requisições]. Aguardando 15 segundos (Tentativa 5/5)...
    [Desistindo do ID 1570] Excedeu tentativas.
 -> Fatiando parágrafo longo (ID: 1572) via IA...
    [Limite de Requisições]. Aguardando 15 segundos (Tentativa 1/5)...
    [Limite de Requisições]. Aguardando 15 segundos (Tentativa 2/5)...
    [Limite de Requisições]. Aguardando 15 segundos (Tentativa 3/5)...
    [Limite de Requisições]. Aguardando 15 segundos (Tentativa 4/5)...
    [Limite de Requisições]. Aguardando 15 segundos (Tentativa 5/5)...
    [Desistindo do ID 1572] Excedeu tentativas.
 -> Fatiando parágrafo longo (ID: 1573) via IA...
    [Limite de Requisições]. Aguardando 15 segundos (Tentativa 1/5)...
    [Limite de Requisições]. Aguardando 15 segundos (Tentativa 2/5)...
    [Limite de Requisições]. Aguardando 15 segundos (Tentativa 3/5)...
    [Limite de Requisições]. Aguardando 15 segundos (Tentativa 4/5)...
    [Limite de Requisições]. Aguardando 15 segundos (Tentativa 5/5)...
    [Desistindo do ID 1573] Excedeu tentativas.
 -> Fatiando parágrafo longo (ID: 1574) via IA...
    [Limite de Requisições]. Aguardando 15 segundos (Tentativa 1/5)...
    [Limite de Requisições]. Aguardando 15 segundos (Tentativa 2/5)...
    [Limite de Requisições]. Aguardando 15 segundos (Tentativa 3/5)...
    [Limite de Requisições]. Aguardando 15 segundos (Tentativa 4/5)...
    [Limite de Requisições]. Aguardando 15 segundos (Tentativa 5/5)...
    [Desistindo do ID 1574] Excedeu tentativas.
 -> Fatiando parágrafo longo (ID: 1575) via IA...
    [Limite de Requisições]. Aguardando 15 segundos (Tentativa 1/5)...
    [Limite de Requisições]. Aguardando 15 segundos (Tentativa 2/5)...
    [Limite de Requisições]. Aguardando 15 segundos (Tentativa 3/5)...
    [Limite de Requisições]. Aguardando 15 segundos (Tentativa 4/5)...
    [Limite de Requisições]. Aguardando 15 segundos (Tentativa 5/5)...
    [Desistindo do ID 1575] Excedeu tentativas.
 -> Fatiando parágrafo longo (ID: 1578) via IA...
    [Limite de Requisições]. Aguardando 15 segundos (Tentativa 1/5)...
    [Limite de Requisições]. Aguardando 15 segundos (Tentativa 2/5)...
    [Limite de Requisições]. Aguardando 15 segundos (Tentativa 3/5)...
    [Limite de Requisições]. Aguardando 15 segundos (Tentativa 4/5)...
    [Limite de Requisições]. Aguardando 15 segundos (Tentativa 5/5)...
    [Desistindo do ID 1578] Excedeu tentativas.
 -> Fatiando parágrafo longo (ID: 1579) via IA...
    [Limite de Requisições]. Aguardando 15 segundos (Tentativa 1/5)...
    [Limite de Requisições]. Aguardando 15 segundos (Tentativa 2/5)...
    [Limite de Requisições]. Aguardando 15 segundos (Tentativa 3/5)...
    [Limite de Requisições]. Aguardando 15 segundos (Tentativa 4/5)...
    [Limite de Requisições]. Aguardando 15 segundos (Tentativa 5/5)...
    [Desistindo do ID 1579] Excedeu tentativas.
 -> Fatiando parágrafo longo (ID: 1580) via IA...
    [Limite de Requisições]. Aguardando 15 segundos (Tentativa 1/5)...
    [Limite de Requisições]. Aguardando 15 segundos (Tentativa 2/5)...
    [Limite de Requisições]. Aguardando 15 segundos (Tentativa 3/5)...
    [Limite de Requisições]. Aguardando 15 segundos (Tentativa 4/5)...
    [Limite de Requisições]. Aguardando 15 segundos (Tentativa 5/5)...
    [Desistindo do ID 1580] Excedeu tentativas.
 -> Fatiando parágrafo longo (ID: 1582) via IA...
    [Limite de Requisições]. Aguardando 15 segundos (Tentativa 1/5)...
    [Limite de Requisições]. Aguardando 15 segundos (Tentativa 2/5)...
    [Limite de Requisições]. Aguardando 15 segundos (Tentativa 3/5)...
    [Limite de Requisições]. Aguardando 15 segundos (Tentativa 4/5)...
    [Limite de Requisições]. Aguardando 15 segundos (Tentativa 5/5)...
    [Desistindo do ID 1582] Excedeu tentativas.
 -> Fatiando parágrafo longo (ID: 1583) via IA...
    [Limite de Requisições]. Aguardando 15 segundos (Tentativa 1/5)...
    [Limite de Requisições]. Aguardando 15 segundos (Tentativa 2/5)...
    [Limite de Requisições]. Aguardando 15 segundos (Tentativa 3/5)...
    [Limite de Requisições]. Aguardando 15 segundos (Tentativa 4/5)...
    [Limite de Requisições]. Aguardando 15 segundos (Tentativa 5/5)...
    [Desistindo do ID 1583] Excedeu tentativas.
 -> Fatiando parágrafo longo (ID: 1585) via IA...
    [Limite de Requisições]. Aguardando 15 segundos (Tentativa 1/5)...
    [Limite de Requisições]. Aguardando 15 segundos (Tentativa 2/5)...
    [Limite de Requisições]. Aguardando 15 segundos (Tentativa 3/5)...
    [Limite de Requisições]. Aguardando 15 segundos (Tentativa 4/5)...
    [Limite de Requisições]. Aguardando 15 segundos (Tentativa 5/5)...
    [Desistindo do ID 1585] Excedeu tentativas.
 -> Fatiando parágrafo longo (ID: 1586) via IA...
    [Limite de Requisições]. Aguardando 15 segundos (Tentativa 1/5)...
    [Limite de Requisições]. Aguardando 15 segundos (Tentativa 2/5)...
    [Limite de Requisições]. Aguardando 15 segundos (Tentativa 3/5)...
    [Limite de Requisições]. Aguardando 15 segundos (Tentativa 4/5)...
    [Limite de Requisições]. Aguardando 15 segundos (Tentativa 5/5)...
    [Desistindo do ID 1586] Excedeu tentativas.
 -> Fatiando parágrafo longo (ID: 1587) via IA...
    [Limite de Requisições]. Aguardando 15 segundos (Tentativa 1/5)...
    [Limite de Requisições]. Aguardando 15 segundos (Tentativa 2/5)...
    [Limite de Requisições]. Aguardando 15 segundos (Tentativa 3/5)...
    [Limite de Requisições]. Aguardando 15 segundos (Tentativa 4/5)...
    [Limite de Requisições]. Aguardando 15 segundos (Tentativa 5/5)...
    [Desistindo do ID 1587] Excedeu tentativas.
 -> Fatiando parágrafo longo (ID: 1588) via IA...
    [Limite de Requisições]. Aguardando 15 segundos (Tentativa 1/5)...
    [Limite de Requisições]. Aguardando 15 segundos (Tentativa 2/5)...
    [Limite de Requisições]. Aguardando 15 segundos (Tentativa 3/5)...
    [Limite de Requisições]. Aguardando 15 segundos (Tentativa 4/5)...
    [Limite de Requisições]. Aguardando 15 segundos (Tentativa 5/5)...
    [Desistindo do ID 1588] Excedeu tentativas.
 -> Fatiando parágrafo longo (ID: 1589) via IA...
    [Limite de Requisições]. Aguardando 15 segundos (Tentativa 1/5)...
    [Limite de Requisições]. Aguardando 15 segundos (Tentativa 2/5)...
    [Limite de Requisições]. Aguardando 15 segundos (Tentativa 3/5)...
    [Limite de Requisições]. Aguardando 15 segundos (Tentativa 4/5)...
    [Limite de Requisições]. Aguardando 15 segundos (Tentativa 5/5)...
    [Desistindo do ID 1589] Excedeu tentativas.
 -> Fatiando parágrafo longo (ID: 1590) via IA...
    [Limite de Requisições]. Aguardando 15 segundos (Tentativa 1/5)...
    [Limite de Requisições]. Aguardando 15 segundos (Tentativa 2/5)...
    [Limite de Requisições]. Aguardando 15 segundos (Tentativa 3/5)...
    [Limite de Requisições]. Aguardando 15 segundos (Tentativa 4/5)...
    [Limite de Requisições]. Aguardando 15 segundos (Tentativa 5/5)...
    [Desistindo do ID 1590] Excedeu tentativas.
 -> Fatiando parágrafo longo (ID: 1593) via IA...
    [Limite de Requisições]. Aguardando 15 segundos (Tentativa 1/5)...
    [Limite de Requisições]. Aguardando 15 segundos (Tentativa 2/5)...
    [Limite de Requisições]. Aguardando 15 segundos (Tentativa 3/5)...
    [Limite de Requisições]. Aguardando 15 segundos (Tentativa 4/5)...
    [Limite de Requisições]. Aguardando 15 segundos (Tentativa 5/5)...
    [Desistindo do ID 1593] Excedeu tentativas.
 -> Fatiando parágrafo longo (ID: 1594) via IA...
    [Limite de Requisições]. Aguardando 15 segundos (Tentativa 1/5)...
    [Limite de Requisições]. Aguardando 15 segundos (Tentativa 2/5)...
    [Limite de Requisições]. Aguardando 15 segundos (Tentativa 3/5)...
    [Limite de Requisições]. Aguardando 15 segundos (Tentativa 4/5)...
    [Limite de Requisições]. Aguardando 15 segundos (Tentativa 5/5)...
    [Desistindo do ID 1594] Excedeu tentativas.
 -> Fatiando parágrafo longo (ID: 1595) via IA...
    [Limite de Requisições]. Aguardando 15 segundos (Tentativa 1/5)...
    [Limite de Requisições]. Aguardando 15 segundos (Tentativa 2/5)...
    [Limite de Requisições]. Aguardando 15 segundos (Tentativa 3/5)...
    [Limite de Requisições]. Aguardando 15 segundos (Tentativa 4/5)...
    [Limite de Requisições]. Aguardando 15 segundos (Tentativa 5/5)...
    [Desistindo do ID 1595] Excedeu tentativas.
 -> Fatiando parágrafo longo (ID: 1596) via IA...
    [Limite de Requisições]. Aguardando 15 segundos (Tentativa 1/5)...
    [Limite de Requisições]. Aguardando 15 segundos (Tentativa 2/5)...
    [Limite de Requisições]. Aguardando 15 segundos (Tentativa 3/5)...
    [Limite de Requisições]. Aguardando 15 segundos (Tentativa 4/5)...
    [Limite de Requisições]. Aguardando 15 segundos (Tentativa 5/5)...
    [Desistindo do ID 1596] Excedeu tentativas.
 -> Fatiando parágrafo longo (ID: 1597) via IA...
    [Limite de Requisições]. Aguardando 15 segundos (Tentativa 1/5)...
    [Limite de Requisições]. Aguardando 15 segundos (Tentativa 2/5)...
    [Limite de Requisições]. Aguardando 15 segundos (Tentativa 3/5)...
    [Limite de Requisições]. Aguardando 15 segundos (Tentativa 4/5)...
    [Limite de Requisições]. Aguardando 15 segundos (Tentativa 5/5)...
    [Desistindo do ID 1597] Excedeu tentativas.
 -> Fatiando parágrafo longo (ID: 1600) via IA...
    [Limite de Requisições]. Aguardando 15 segundos (Tentativa 1/5)...
    [Limite de Requisições]. Aguardando 15 segundos (Tentativa 2/5)...
    [Limite de Requisições]. Aguardando 15 segundos (Tentativa 3/5)...
    [Limite de Requisições]. Aguardando 15 segundos (Tentativa 4/5)...
    [Limite de Requisições]. Aguardando 15 segundos (Tentativa 5/5)...
    [Desistindo do ID 1600] Excedeu tentativas.
 -> Fatiando parágrafo longo (ID: 1602) via IA...
    [Limite de Requisições]. Aguardando 15 segundos (Tentativa 1/5)...
    [Limite de Requisições]. Aguardando 15 segundos (Tentativa 2/5)...
    [Limite de Requisições]. Aguardando 15 segundos (Tentativa 3/5)...
    [Limite de Requisições]. Aguardando 15 segundos (Tentativa 4/5)...
    [Limite de Requisições]. Aguardando 15 segundos (Tentativa 5/5)...
    [Desistindo do ID 1602] Excedeu tentativas.
 -> Fatiando parágrafo longo (ID: 1610) via IA...
    [Limite de Requisições]. Aguardando 15 segundos (Tentativa 1/5)...
    [Limite de Requisições]. Aguardando 15 segundos (Tentativa 2/5)...
    [Limite de Requisições]. Aguardando 15 segundos (Tentativa 3/5)...
    [Limite de Requisições]. Aguardando 15 segundos (Tentativa 4/5)...
    [Limite de Requisições]. Aguardando 15 segundos (Tentativa 5/5)...
    [Desistindo do ID 1610] Excedeu tentativas.
 -> Fatiando parágrafo longo (ID: 1612) via IA...
    [Limite de Requisições]. Aguardando 15 segundos (Tentativa 1/5)...
    [Limite de Requisições]. Aguardando 15 segundos (Tentativa 2/5)...
    [Limite de Requisições]. Aguardando 15 segundos (Tentativa 3/5)...
    [Limite de Requisições]. Aguardando 15 segundos (Tentativa 4/5)...
    [Limite de Requisições]. Aguardando 15 segundos (Tentativa 5/5)...
    [Desistindo do ID 1612] Excedeu tentativas.
 -> Fatiando parágrafo longo (ID: 1613) via IA...
    [Limite de Requisições]. Aguardando 15 segundos (Tentativa 1/5)...
    [Limite de Requisições]. Aguardando 15 segundos (Tentativa 2/5)...
    [Limite de Requisições]. Aguardando 15 segundos (Tentativa 3/5)...
    [Limite de Requisições]. Aguardando 15 segundos (Tentativa 4/5)...
    [Limite de Requisições]. Aguardando 15 segundos (Tentativa 5/5)...
    [Desistindo do ID 1613] Excedeu tentativas.
 -> Fatiando parágrafo longo (ID: 1614) via IA...
    [Limite de Requisições]. Aguardando 15 segundos (Tentativa 1/5)...
    [Limite de Requisições]. Aguardando 15 segundos (Tentativa 2/5)...
    [Limite de Requisições]. Aguardando 15 segundos (Tentativa 3/5)...
    [Limite de Requisições]. Aguardando 15 segundos (Tentativa 4/5)...
    [Limite de Requisições]. Aguardando 15 segundos (Tentativa 5/5)...
    [Desistindo do ID 1614] Excedeu tentativas.
 -> Fatiando parágrafo longo (ID: 1615) via IA...
    [Limite de Requisições]. Aguardando 15 segundos (Tentativa 1/5)...
    [Limite de Requisições]. Aguardando 15 segundos (Tentativa 2/5)...
    [Limite de Requisições]. Aguardando 15 segundos (Tentativa 3/5)...
    [Limite de Requisições]. Aguardando 15 segundos (Tentativa 4/5)...
    [Limite de Requisições]. Aguardando 15 segundos (Tentativa 5/5)...
    [Desistindo do ID 1615] Excedeu tentativas.
 -> Fatiando parágrafo longo (ID: 1616) via IA...
    [Limite de Requisições]. Aguardando 15 segundos (Tentativa 1/5)...
    [Limite de Requisições]. Aguardando 15 segundos (Tentativa 2/5)...
    [Limite de Requisições]. Aguardando 15 segundos (Tentativa 3/5)...
    [Limite de Requisições]. Aguardando 15 segundos (Tentativa 4/5)...
    [Limite de Requisições]. Aguardando 15 segundos (Tentativa 5/5)...
    [Desistindo do ID 1616] Excedeu tentativas.
 -> Fatiando parágrafo longo (ID: 1617) via IA...
    [Limite de Requisições]. Aguardando 15 segundos (Tentativa 1/5)...
    [Limite de Requisições]. Aguardando 15 segundos (Tentativa 2/5)...
    [Limite de Requisições]. Aguardando 15 segundos (Tentativa 3/5)...
    [Limite de Requisições]. Aguardando 15 segundos (Tentativa 4/5)...
    [Limite de Requisições]. Aguardando 15 segundos (Tentativa 5/5)...
    [Desistindo do ID 1617] Excedeu tentativas.
 -> Fatiando parágrafo longo (ID: 1619) via IA...
    [Limite de Requisições]. Aguardando 15 segundos (Tentativa 1/5)...
    [Limite de Requisições]. Aguardando 15 segundos (Tentativa 2/5)...
    [Limite de Requisições]. Aguardando 15 segundos (Tentativa 3/5)...
    [Limite de Requisições]. Aguardando 15 segundos (Tentativa 4/5)...
    [Limite de Requisições]. Aguardando 15 segundos (Tentativa 5/5)...
    [Desistindo do ID 1619] Excedeu tentativas.
 -> Fatiando parágrafo longo (ID: 1622) via IA...
    [Limite de Requisições]. Aguardando 15 segundos (Tentativa 1/5)...
    [Limite de Requisições]. Aguardando 15 segundos (Tentativa 2/5)...
    [Limite de Requisições]. Aguardando 15 segundos (Tentativa 3/5)...
    [Limite de Requisições]. Aguardando 15 segundos (Tentativa 4/5)...
    [Limite de Requisições]. Aguardando 15 segundos (Tentativa 5/5)...
    [Desistindo do ID 1622] Excedeu tentativas.
 -> Fatiando parágrafo longo (ID: 1623) via IA...
    [Limite de Requisições]. Aguardando 15 segundos (Tentativa 1/5)...
    [Limite de Requisições]. Aguardando 15 segundos (Tentativa 2/5)...
    [Limite de Requisições]. Aguardando 15 segundos (Tentativa 3/5)...
    [Limite de Requisições]. Aguardando 15 segundos (Tentativa 4/5)...
    [Limite de Requisições]. Aguardando 15 segundos (Tentativa 5/5)...
    [Desistindo do ID 1623] Excedeu tentativas.
 -> Fatiando parágrafo longo (ID: 1624) via IA...
    [Limite de Requisições]. Aguardando 15 segundos (Tentativa 1/5)...
    [Erro Fatal no ID 1624]: 503 UNAVAILABLE. {'error': {'code': 503, 'message': 'The service is currently unavailable.', 'status': 'UNAVAILABLE'}}
 -> Fatiando parágrafo longo (ID: 1625) via IA...
    [Limite de Requisições]. Aguardando 15 segundos (Tentativa 1/5)...
    [Limite de Requisições]. Aguardando 15 segundos (Tentativa 2/5)...
    [Limite de Requisições]. Aguardando 15 segundos (Tentativa 3/5)...
    [Limite de Requisições]. Aguardando 15 segundos (Tentativa 4/5)...
    [Limite de Requisições]. Aguardando 15 segundos (Tentativa 5/5)...
    [Desistindo do ID 1625] Excedeu tentativas.
 -> Fatiando parágrafo longo (ID: 1626) via IA...
    [Limite de Requisições]. Aguardando 15 segundos (Tentativa 1/5)...
    [Limite de Requisições]. Aguardando 15 segundos (Tentativa 2/5)...
    [Limite de Requisições]. Aguardando 15 segundos (Tentativa 3/5)...
    [Limite de Requisições]. Aguardando 15 segundos (Tentativa 4/5)...
    [Limite de Requisições]. Aguardando 15 segundos (Tentativa 5/5)...
    [Desistindo do ID 1626] Excedeu tentativas.
 -> Fatiando parágrafo longo (ID: 1627) via IA...
    [Limite de Requisições]. Aguardando 15 segundos (Tentativa 1/5)...
    [Limite de Requisições]. Aguardando 15 segundos (Tentativa 2/5)...
    [Limite de Requisições]. Aguardando 15 segundos (Tentativa 3/5)...
    [Limite de Requisições]. Aguardando 15 segundos (Tentativa 4/5)...
    [Limite de Requisições]. Aguardando 15 segundos (Tentativa 5/5)...
    [Desistindo do ID 1627] Excedeu tentativas.
 -> Fatiando parágrafo longo (ID: 1628) via IA...
    [Limite de Requisições]. Aguardando 15 segundos (Tentativa 1/5)...
    [Limite de Requisições]. Aguardando 15 segundos (Tentativa 2/5)...
    [Limite de Requisições]. Aguardando 15 segundos (Tentativa 3/5)...
    [Limite de Requisições]. Aguardando 15 segundos (Tentativa 4/5)...
    [Limite de Requisições]. Aguardando 15 segundos (Tentativa 5/5)...
    [Desistindo do ID 1628] Excedeu tentativas.
 -> Fatiando parágrafo longo (ID: 1629) via IA...
    [Limite de Requisições]. Aguardando 15 segundos (Tentativa 1/5)...
    [Limite de Requisições]. Aguardando 15 segundos (Tentativa 2/5)...
    [Limite de Requisições]. Aguardando 15 segundos (Tentativa 3/5)...
    [Limite de Requisições]. Aguardando 15 segundos (Tentativa 4/5)...
    [Limite de Requisições]. Aguardando 15 segundos (Tentativa 5/5)...
    [Desistindo do ID 1629] Excedeu tentativas.
 -> Fatiando parágrafo longo (ID: 1630) via IA...
    [Limite de Requisições]. Aguardando 15 segundos (Tentativa 1/5)...
    [Limite de Requisições]. Aguardando 15 segundos (Tentativa 2/5)...
    [Limite de Requisições]. Aguardando 15 segundos (Tentativa 3/5)...
    [Limite de Requisições]. Aguardando 15 segundos (Tentativa 4/5)...
    [Limite de Requisições]. Aguardando 15 segundos (Tentativa 5/5)...
    [Desistindo do ID 1630] Excedeu tentativas.
 -> Fatiando parágrafo longo (ID: 1631) via IA...
    [Limite de Requisições]. Aguardando 15 segundos (Tentativa 1/5)...
    [Limite de Requisições]. Aguardando 15 segundos (Tentativa 2/5)...
    [Limite de Requisições]. Aguardando 15 segundos (Tentativa 3/5)...
    [Limite de Requisições]. Aguardando 15 segundos (Tentativa 4/5)...
    [Limite de Requisições]. Aguardando 15 segundos (Tentativa 5/5)...
    [Desistindo do ID 1631] Excedeu tentativas.
 -> Fatiando parágrafo longo (ID: 1632) via IA...
    [Limite de Requisições]. Aguardando 15 segundos (Tentativa 1/5)...
    [Limite de Requisições]. Aguardando 15 segundos (Tentativa 2/5)...
    [Limite de Requisições]. Aguardando 15 segundos (Tentativa 3/5)...
    [Limite de Requisições]. Aguardando 15 segundos (Tentativa 4/5)...
    [Limite de Requisições]. Aguardando 15 segundos (Tentativa 5/5)...
    [Desistindo do ID 1632] Excedeu tentativas.
 -> Fatiando parágrafo longo (ID: 1633) via IA...
    [Limite de Requisições]. Aguardando 15 segundos (Tentativa 1/5)...
    [Limite de Requisições]. Aguardando 15 segundos (Tentativa 2/5)...
    [Limite de Requisições]. Aguardando 15 segundos (Tentativa 3/5)...
    [Limite de Requisições]. Aguardando 15 segundos (Tentativa 4/5)...
    [Limite de Requisições]. Aguardando 15 segundos (Tentativa 5/5)...
    [Desistindo do ID 1633] Excedeu tentativas.
 -> Fatiando parágrafo longo (ID: 1634) via IA...
    [Limite de Requisições]. Aguardando 15 segundos (Tentativa 1/5)...
    [Limite de Requisições]. Aguardando 15 segundos (Tentativa 2/5)...
    [Limite de Requisições]. Aguardando 15 segundos (Tentativa 3/5)...
    [Limite de Requisições]. Aguardando 15 segundos (Tentativa 4/5)...
    [Limite de Requisições]. Aguardando 15 segundos (Tentativa 5/5)...
    [Desistindo do ID 1634] Excedeu tentativas.
 -> Fatiando parágrafo longo (ID: 1635) via IA...
    [Limite de Requisições]. Aguardando 15 segundos (Tentativa 1/5)...
    [Limite de Requisições]. Aguardando 15 segundos (Tentativa 2/5)...
    [Limite de Requisições]. Aguardando 15 segundos (Tentativa 3/5)...
    [Limite de Requisições]. Aguardando 15 segundos (Tentativa 4/5)...
    [Limite de Requisições]. Aguardando 15 segundos (Tentativa 5/5)...
    [Desistindo do ID 1635] Excedeu tentativas.
 -> Fatiando parágrafo longo (ID: 1636) via IA...
    [Limite de Requisições]. Aguardando 15 segundos (Tentativa 1/5)...
    [Limite de Requisições]. Aguardando 15 segundos (Tentativa 2/5)...
    [Limite de Requisições]. Aguardando 15 segundos (Tentativa 3/5)...
    [Limite de Requisições]. Aguardando 15 segundos (Tentativa 4/5)...
    [Limite de Requisições]. Aguardando 15 segundos (Tentativa 5/5)...
    [Desistindo do ID 1636] Excedeu tentativas.
 -> Fatiando parágrafo longo (ID: 1637) via IA...
    [Limite de Requisições]. Aguardando 15 segundos (Tentativa 1/5)...
    [Limite de Requisições]. Aguardando 15 segundos (Tentativa 2/5)...
    [Limite de Requisições]. Aguardando 15 segundos (Tentativa 3/5)...
    [Limite de Requisições]. Aguardando 15 segundos (Tentativa 4/5)...
    [Limite de Requisições]. Aguardando 15 segundos (Tentativa 5/5)...
    [Desistindo do ID 1637] Excedeu tentativas.
 -> Fatiando parágrafo longo (ID: 1638) via IA...
    [Limite de Requisições]. Aguardando 15 segundos (Tentativa 1/5)...
    [Limite de Requisições]. Aguardando 15 segundos (Tentativa 2/5)...
    [Limite de Requisições]. Aguardando 15 segundos (Tentativa 3/5)...
    [Limite de Requisições]. Aguardando 15 segundos (Tentativa 4/5)...
    [Limite de Requisições]. Aguardando 15 segundos (Tentativa 5/5)...
    [Desistindo do ID 1638] Excedeu tentativas.
 -> Fatiando parágrafo longo (ID: 1639) via IA...
    [Limite de Requisições]. Aguardando 15 segundos (Tentativa 1/5)...
    [Limite de Requisições]. Aguardando 15 segundos (Tentativa 2/5)...
    [Limite de Requisições]. Aguardando 15 segundos (Tentativa 3/5)...
    [Limite de Requisições]. Aguardando 15 segundos (Tentativa 4/5)...
    [Limite de Requisições]. Aguardando 15 segundos (Tentativa 5/5)...
    [Desistindo do ID 1639] Excedeu tentativas.
 -> Fatiando parágrafo longo (ID: 1640) via IA...
    [Limite de Requisições]. Aguardando 15 segundos (Tentativa 1/5)...
    [Limite de Requisições]. Aguardando 15 segundos (Tentativa 2/5)...
    [Limite de Requisições]. Aguardando 15 segundos (Tentativa 3/5)...
    [Limite de Requisições]. Aguardando 15 segundos (Tentativa 4/5)...
    [Limite de Requisições]. Aguardando 15 segundos (Tentativa 5/5)...
    [Desistindo do ID 1640] Excedeu tentativas.
 -> Fatiando parágrafo longo (ID: 1641) via IA...
    [Limite de Requisições]. Aguardando 15 segundos (Tentativa 1/5)...
    [Limite de Requisições]. Aguardando 15 segundos (Tentativa 2/5)...
    [Limite de Requisições]. Aguardando 15 segundos (Tentativa 3/5)...
    [Limite de Requisições]. Aguardando 15 segundos (Tentativa 4/5)...
    [Limite de Requisições]. Aguardando 15 segundos (Tentativa 5/5)...
    [Desistindo do ID 1641] Excedeu tentativas.
 -> Fatiando parágrafo longo (ID: 1642) via IA...
    [Limite de Requisições]. Aguardando 15 segundos (Tentativa 1/5)...
    [Limite de Requisições]. Aguardando 15 segundos (Tentativa 2/5)...
    [Limite de Requisições]. Aguardando 15 segundos (Tentativa 3/5)...
    [Limite de Requisições]. Aguardando 15 segundos (Tentativa 4/5)...
    [Limite de Requisições]. Aguardando 15 segundos (Tentativa 5/5)...
    [Desistindo do ID 1642] Excedeu tentativas.
 -> Fatiando parágrafo longo (ID: 1643) via IA...
    [Limite de Requisições]. Aguardando 15 segundos (Tentativa 1/5)...
    [Limite de Requisições]. Aguardando 15 segundos (Tentativa 2/5)...
    [Limite de Requisições]. Aguardando 15 segundos (Tentativa 3/5)...
    [Limite de Requisições]. Aguardando 15 segundos (Tentativa 4/5)...
    [Limite de Requisições]. Aguardando 15 segundos (Tentativa 5/5)...
    [Desistindo do ID 1643] Excedeu tentativas.
 -> Fatiando parágrafo longo (ID: 1644) via IA...
    [Limite de Requisições]. Aguardando 15 segundos (Tentativa 1/5)...
    [Limite de Requisições]. Aguardando 15 segundos (Tentativa 2/5)...
    [Limite de Requisições]. Aguardando 15 segundos (Tentativa 3/5)...
    [Limite de Requisições]. Aguardando 15 segundos (Tentativa 4/5)...
    [Limite de Requisições]. Aguardando 15 segundos (Tentativa 5/5)...
    [Desistindo do ID 1644] Excedeu tentativas.
 -> Fatiando parágrafo longo (ID: 1646) via IA...
    [Limite de Requisições]. Aguardando 15 segundos (Tentativa 1/5)...
    [Limite de Requisições]. Aguardando 15 segundos (Tentativa 2/5)...
    [Limite de Requisições]. Aguardando 15 segundos (Tentativa 3/5)...
    [Limite de Requisições]. Aguardando 15 segundos (Tentativa 4/5)...
    [Limite de Requisições]. Aguardando 15 segundos (Tentativa 5/5)...
    [Desistindo do ID 1646] Excedeu tentativas.
 -> Fatiando parágrafo longo (ID: 1647) via IA...
    [Limite de Requisições]. Aguardando 15 segundos (Tentativa 1/5)...
    [Limite de Requisições]. Aguardando 15 segundos (Tentativa 2/5)...
    [Limite de Requisições]. Aguardando 15 segundos (Tentativa 3/5)...
    [Limite de Requisições]. Aguardando 15 segundos (Tentativa 4/5)...
    [Limite de Requisições]. Aguardando 15 segundos (Tentativa 5/5)...
    [Desistindo do ID 1647] Excedeu tentativas.
 -> Fatiando parágrafo longo (ID: 1648) via IA...
    [Limite de Requisições]. Aguardando 15 segundos (Tentativa 1/5)...
    [Limite de Requisições]. Aguardando 15 segundos (Tentativa 2/5)...
    [Limite de Requisições]. Aguardando 15 segundos (Tentativa 3/5)...
    [Limite de Requisições]. Aguardando 15 segundos (Tentativa 4/5)...
    [Limite de Requisições]. Aguardando 15 segundos (Tentativa 5/5)...
    [Desistindo do ID 1648] Excedeu tentativas.
 -> Fatiando parágrafo longo (ID: 1649) via IA...
    [Limite de Requisições]. Aguardando 15 segundos (Tentativa 1/5)...
    [Limite de Requisições]. Aguardando 15 segundos (Tentativa 2/5)...
    [Erro Fatal no ID 1649]: 503 UNAVAILABLE. {'error': {'code': 503, 'message': 'The service is currently unavailable.', 'status': 'UNAVAILABLE'}}
 -> Fatiando parágrafo longo (ID: 1650) via IA...
    [Erro Fatal no ID 1650]: 503 UNAVAILABLE. {'error': {'code': 503, 'message': 'The service is currently unavailable.', 'status': 'UNAVAILABLE'}}
 -> Fatiando parágrafo longo (ID: 1651) via IA...
    [Limite de Requisições]. Aguardando 15 segundos (Tentativa 1/5)...
    [Limite de Requisições]. Aguardando 15 segundos (Tentativa 2/5)...
    [Limite de Requisições]. Aguardando 15 segundos (Tentativa 3/5)...
    [Limite de Requisições]. Aguardando 15 segundos (Tentativa 4/5)...
    [Limite de Requisições]. Aguardando 15 segundos (Tentativa 5/5)...
    [Desistindo do ID 1651] Excedeu tentativas.
 -> Fatiando parágrafo longo (ID: 1652) via IA...
    [Limite de Requisições]. Aguardando 15 segundos (Tentativa 1/5)...
    [Limite de Requisições]. Aguardando 15 segundos (Tentativa 2/5)...
    [Limite de Requisições]. Aguardando 15 segundos (Tentativa 3/5)...
    [Limite de Requisições]. Aguardando 15 segundos (Tentativa 4/5)...
    [Limite de Requisições]. Aguardando 15 segundos (Tentativa 5/5)...
    [Desistindo do ID 1652] Excedeu tentativas.
 -> Fatiando parágrafo longo (ID: 1653) via IA...
    [Limite de Requisições]. Aguardando 15 segundos (Tentativa 1/5)...
    [Limite de Requisições]. Aguardando 15 segundos (Tentativa 2/5)...
    [Limite de Requisições]. Aguardando 15 segundos (Tentativa 3/5)...
    [Limite de Requisições]. Aguardando 15 segundos (Tentativa 4/5)...
    [Limite de Requisições]. Aguardando 15 segundos (Tentativa 5/5)...
    [Desistindo do ID 1653] Excedeu tentativas.
 -> Fatiando parágrafo longo (ID: 1654) via IA...
    [Limite de Requisições]. Aguardando 15 segundos (Tentativa 1/5)...
    [Limite de Requisições]. Aguardando 15 segundos (Tentativa 2/5)...
    [Limite de Requisições]. Aguardando 15 segundos (Tentativa 3/5)...
    [Limite de Requisições]. Aguardando 15 segundos (Tentativa 4/5)...
    [Limite de Requisições]. Aguardando 15 segundos (Tentativa 5/5)...
    [Desistindo do ID 1654] Excedeu tentativas.
 -> Fatiando parágrafo longo (ID: 1655) via IA...
    [Limite de Requisições]. Aguardando 15 segundos (Tentativa 1/5)...
    [Limite de Requisições]. Aguardando 15 segundos (Tentativa 2/5)...
    [Limite de Requisições]. Aguardando 15 segundos (Tentativa 3/5)...
    [Limite de Requisições]. Aguardando 15 segundos (Tentativa 4/5)...
    [Limite de Requisições]. Aguardando 15 segundos (Tentativa 5/5)...
    [Desistindo do ID 1655] Excedeu tentativas.
 -> Fatiando parágrafo longo (ID: 1656) via IA...
    [Limite de Requisições]. Aguardando 15 segundos (Tentativa 1/5)...
    [Limite de Requisições]. Aguardando 15 segundos (Tentativa 2/5)...
    [Limite de Requisições]. Aguardando 15 segundos (Tentativa 3/5)...
    [Limite de Requisições]. Aguardando 15 segundos (Tentativa 4/5)...
    [Limite de Requisições]. Aguardando 15 segundos (Tentativa 5/5)...
    [Desistindo do ID 1656] Excedeu tentativas.
 -> Fatiando parágrafo longo (ID: 1657) via IA...
    [Limite de Requisições]. Aguardando 15 segundos (Tentativa 1/5)...
    [Limite de Requisições]. Aguardando 15 segundos (Tentativa 2/5)...
    [Limite de Requisições]. Aguardando 15 segundos (Tentativa 3/5)...
    [Limite de Requisições]. Aguardando 15 segundos (Tentativa 4/5)...
    [Limite de Requisições]. Aguardando 15 segundos (Tentativa 5/5)...
    [Desistindo do ID 1657] Excedeu tentativas.
 -> Fatiando parágrafo longo (ID: 1658) via IA...
    [Limite de Requisições]. Aguardando 15 segundos (Tentativa 1/5)...
    [Limite de Requisições]. Aguardando 15 segundos (Tentativa 2/5)...
    [Limite de Requisições]. Aguardando 15 segundos (Tentativa 3/5)...
    [Limite de Requisições]. Aguardando 15 segundos (Tentativa 4/5)...
    [Limite de Requisições]. Aguardando 15 segundos (Tentativa 5/5)...
    [Desistindo do ID 1658] Excedeu tentativas.
 -> Fatiando parágrafo longo (ID: 1659) via IA...
    [Limite de Requisições]. Aguardando 15 segundos (Tentativa 1/5)...
    [Limite de Requisições]. Aguardando 15 segundos (Tentativa 2/5)...
    [Limite de Requisições]. Aguardando 15 segundos (Tentativa 3/5)...
    [Limite de Requisições]. Aguardando 15 segundos (Tentativa 4/5)...
    [Limite de Requisições]. Aguardando 15 segundos (Tentativa 5/5)...
    [Desistindo do ID 1659] Excedeu tentativas.
 -> Fatiando parágrafo longo (ID: 1660) via IA...
    [Limite de Requisições]. Aguardando 15 segundos (Tentativa 1/5)...
    [Limite de Requisições]. Aguardando 15 segundos (Tentativa 2/5)...
    [Limite de Requisições]. Aguardando 15 segundos (Tentativa 3/5)...
    [Limite de Requisições]. Aguardando 15 segundos (Tentativa 4/5)...
    [Limite de Requisições]. Aguardando 15 segundos (Tentativa 5/5)...
    [Desistindo do ID 1660] Excedeu tentativas.
 -> Fatiando parágrafo longo (ID: 1661) via IA...
    [Limite de Requisições]. Aguardando 15 segundos (Tentativa 1/5)...
    [Limite de Requisições]. Aguardando 15 segundos (Tentativa 2/5)...
    [Limite de Requisições]. Aguardando 15 segundos (Tentativa 3/5)...
    [Limite de Requisições]. Aguardando 15 segundos (Tentativa 4/5)...
    [Limite de Requisições]. Aguardando 15 segundos (Tentativa 5/5)...
    [Desistindo do ID 1661] Excedeu tentativas.
 -> Fatiando parágrafo longo (ID: 1662) via IA...
    [Limite de Requisições]. Aguardando 15 segundos (Tentativa 1/5)...
    [Limite de Requisições]. Aguardando 15 segundos (Tentativa 2/5)...
    [Limite de Requisições]. Aguardando 15 segundos (Tentativa 3/5)...
    [Limite de Requisições]. Aguardando 15 segundos (Tentativa 4/5)...
    [Limite de Requisições]. Aguardando 15 segundos (Tentativa 5/5)...
    [Desistindo do ID 1662] Excedeu tentativas.
 -> Fatiando parágrafo longo (ID: 1664) via IA...
    [Limite de Requisições]. Aguardando 15 segundos (Tentativa 1/5)...
    [Limite de Requisições]. Aguardando 15 segundos (Tentativa 2/5)...
    [Limite de Requisições]. Aguardando 15 segundos (Tentativa 3/5)...
    [Limite de Requisições]. Aguardando 15 segundos (Tentativa 4/5)...
    [Limite de Requisições]. Aguardando 15 segundos (Tentativa 5/5)...
    [Desistindo do ID 1664] Excedeu tentativas.
 -> Fatiando parágrafo longo (ID: 1665) via IA...
    [Limite de Requisições]. Aguardando 15 segundos (Tentativa 1/5)...
    [Limite de Requisições]. Aguardando 15 segundos (Tentativa 2/5)...
    [Limite de Requisições]. Aguardando 15 segundos (Tentativa 3/5)...
    [Limite de Requisições]. Aguardando 15 segundos (Tentativa 4/5)...
    [Limite de Requisições]. Aguardando 15 segundos (Tentativa 5/5)...
    [Desistindo do ID 1665] Excedeu tentativas.
 -> Fatiando parágrafo longo (ID: 1666) via IA...
    [Limite de Requisições]. Aguardando 15 segundos (Tentativa 1/5)...
    [Limite de Requisições]. Aguardando 15 segundos (Tentativa 2/5)...
    [Limite de Requisições]. Aguardando 15 segundos (Tentativa 3/5)...
    [Limite de Requisições]. Aguardando 15 segundos (Tentativa 4/5)...
    [Limite de Requisições]. Aguardando 15 segundos (Tentativa 5/5)...
    [Desistindo do ID 1666] Excedeu tentativas.
 -> Fatiando parágrafo longo (ID: 1667) via IA...
    [Limite de Requisições]. Aguardando 15 segundos (Tentativa 1/5)...
    [Limite de Requisições]. Aguardando 15 segundos (Tentativa 2/5)...
    [Limite de Requisições]. Aguardando 15 segundos (Tentativa 3/5)...
    [Limite de Requisições]. Aguardando 15 segundos (Tentativa 4/5)...
    [Limite de Requisições]. Aguardando 15 segundos (Tentativa 5/5)...
    [Desistindo do ID 1667] Excedeu tentativas.
 -> Fatiando parágrafo longo (ID: 1668) via IA...
    [Limite de Requisições]. Aguardando 15 segundos (Tentativa 1/5)...
    [Limite de Requisições]. Aguardando 15 segundos (Tentativa 2/5)...
    [Limite de Requisições]. Aguardando 15 segundos (Tentativa 3/5)...
    [Limite de Requisições]. Aguardando 15 segundos (Tentativa 4/5)...
    [Limite de Requisições]. Aguardando 15 segundos (Tentativa 5/5)...
    [Desistindo do ID 1668] Excedeu tentativas.
 -> Fatiando parágrafo longo (ID: 1669) via IA...
    [Limite de Requisições]. Aguardando 15 segundos (Tentativa 1/5)...
    [Limite de Requisições]. Aguardando 15 segundos (Tentativa 2/5)...
    [Limite de Requisições]. Aguardando 15 segundos (Tentativa 3/5)...
    [Limite de Requisições]. Aguardando 15 segundos (Tentativa 4/5)...
    [Limite de Requisições]. Aguardando 15 segundos (Tentativa 5/5)...
    [Desistindo do ID 1669] Excedeu tentativas.
 -> Fatiando parágrafo longo (ID: 1670) via IA...
    [Limite de Requisições]. Aguardando 15 segundos (Tentativa 1/5)...
    [Limite de Requisições]. Aguardando 15 segundos (Tentativa 2/5)...
    [Limite de Requisições]. Aguardando 15 segundos (Tentativa 3/5)...
    [Limite de Requisições]. Aguardando 15 segundos (Tentativa 4/5)...
    [Limite de Requisições]. Aguardando 15 segundos (Tentativa 5/5)...
    [Desistindo do ID 1670] Excedeu tentativas.
 -> Fatiando parágrafo longo (ID: 1671) via IA...
    [Limite de Requisições]. Aguardando 15 segundos (Tentativa 1/5)...
    [Limite de Requisições]. Aguardando 15 segundos (Tentativa 2/5)...
    [Limite de Requisições]. Aguardando 15 segundos (Tentativa 3/5)...
    [Limite de Requisições]. Aguardando 15 segundos (Tentativa 4/5)...
    [Limite de Requisições]. Aguardando 15 segundos (Tentativa 5/5)...
    [Desistindo do ID 1671] Excedeu tentativas.
 -> Fatiando parágrafo longo (ID: 1672) via IA...
    [Limite de Requisições]. Aguardando 15 segundos (Tentativa 1/5)...
    [Limite de Requisições]. Aguardando 15 segundos (Tentativa 2/5)...
    [Limite de Requisições]. Aguardando 15 segundos (Tentativa 3/5)...
    [Limite de Requisições]. Aguardando 15 segundos (Tentativa 4/5)...
    [Limite de Requisições]. Aguardando 15 segundos (Tentativa 5/5)...
    [Desistindo do ID 1672] Excedeu tentativas.
 -> Fatiando parágrafo longo (ID: 1675) via IA...
    [Limite de Requisições]. Aguardando 15 segundos (Tentativa 1/5)...
    [Limite de Requisições]. Aguardando 15 segundos (Tentativa 2/5)...
    [Limite de Requisições]. Aguardando 15 segundos (Tentativa 3/5)...
    [Limite de Requisições]. Aguardando 15 segundos (Tentativa 4/5)...
    [Limite de Requisições]. Aguardando 15 segundos (Tentativa 5/5)...
    [Desistindo do ID 1675] Excedeu tentativas.
 -> Fatiando parágrafo longo (ID: 1676) via IA...
    [Limite de Requisições]. Aguardando 15 segundos (Tentativa 1/5)...
    [Limite de Requisições]. Aguardando 15 segundos (Tentativa 2/5)...
    [Limite de Requisições]. Aguardando 15 segundos (Tentativa 3/5)...
    [Limite de Requisições]. Aguardando 15 segundos (Tentativa 4/5)...
    [Limite de Requisições]. Aguardando 15 segundos (Tentativa 5/5)...
    [Desistindo do ID 1676] Excedeu tentativas.
 -> Fatiando parágrafo longo (ID: 1677) via IA...
    [Limite de Requisições]. Aguardando 15 segundos (Tentativa 1/5)...
    [Limite de Requisições]. Aguardando 15 segundos (Tentativa 2/5)...
    [Limite de Requisições]. Aguardando 15 segundos (Tentativa 3/5)...
    [Limite de Requisições]. Aguardando 15 segundos (Tentativa 4/5)...
    [Limite de Requisições]. Aguardando 15 segundos (Tentativa 5/5)...
    [Desistindo do ID 1677] Excedeu tentativas.
 -> Fatiando parágrafo longo (ID: 1678) via IA...
    [Limite de Requisições]. Aguardando 15 segundos (Tentativa 1/5)...
    [Limite de Requisições]. Aguardando 15 segundos (Tentativa 2/5)...
    [Limite de Requisições]. Aguardando 15 segundos (Tentativa 3/5)...
    [Limite de Requisições]. Aguardando 15 segundos (Tentativa 4/5)...
    [Limite de Requisições]. Aguardando 15 segundos (Tentativa 5/5)...
    [Desistindo do ID 1678] Excedeu tentativas.
 -> Fatiando parágrafo longo (ID: 1679) via IA...
    [Limite de Requisições]. Aguardando 15 segundos (Tentativa 1/5)...
    [Limite de Requisições]. Aguardando 15 segundos (Tentativa 2/5)...
    [Limite de Requisições]. Aguardando 15 segundos (Tentativa 3/5)...
    [Limite de Requisições]. Aguardando 15 segundos (Tentativa 4/5)...
    [Limite de Requisições]. Aguardando 15 segundos (Tentativa 5/5)...
    [Desistindo do ID 1679] Excedeu tentativas.
 -> Fatiando parágrafo longo (ID: 1680) via IA...
    [Limite de Requisições]. Aguardando 15 segundos (Tentativa 1/5)...
    [Limite de Requisições]. Aguardando 15 segundos (Tentativa 2/5)...
    [Limite de Requisições]. Aguardando 15 segundos (Tentativa 3/5)...
    [Limite de Requisições]. Aguardando 15 segundos (Tentativa 4/5)...
    [Limite de Requisições]. Aguardando 15 segundos (Tentativa 5/5)...
    [Desistindo do ID 1680] Excedeu tentativas.
 -> Fatiando parágrafo longo (ID: 1681) via IA...
    [Limite de Requisições]. Aguardando 15 segundos (Tentativa 1/5)...
    [Limite de Requisições]. Aguardando 15 segundos (Tentativa 2/5)...
    [Limite de Requisições]. Aguardando 15 segundos (Tentativa 3/5)...
    [Limite de Requisições]. Aguardando 15 segundos (Tentativa 4/5)...
    [Limite de Requisições]. Aguardando 15 segundos (Tentativa 5/5)...
    [Desistindo do ID 1681] Excedeu tentativas.
 -> Fatiando parágrafo longo (ID: 1682) via IA...
    [Limite de Requisições]. Aguardando 15 segundos (Tentativa 1/5)...
    [Limite de Requisições]. Aguardando 15 segundos (Tentativa 2/5)...
    [Limite de Requisições]. Aguardando 15 segundos (Tentativa 3/5)...
    [Limite de Requisições]. Aguardando 15 segundos (Tentativa 4/5)...
    [Limite de Requisições]. Aguardando 15 segundos (Tentativa 5/5)...
    [Desistindo do ID 1682] Excedeu tentativas.
 -> Fatiando parágrafo longo (ID: 1683) via IA...
    [Limite de Requisições]. Aguardando 15 segundos (Tentativa 1/5)...
    [Limite de Requisições]. Aguardando 15 segundos (Tentativa 2/5)...
    [Limite de Requisições]. Aguardando 15 segundos (Tentativa 3/5)...
    [Limite de Requisições]. Aguardando 15 segundos (Tentativa 4/5)...
    [Limite de Requisições]. Aguardando 15 segundos (Tentativa 5/5)...
    [Desistindo do ID 1683] Excedeu tentativas.
 -> Fatiando parágrafo longo (ID: 1685) via IA...
    [Limite de Requisições]. Aguardando 15 segundos (Tentativa 1/5)...
    [Limite de Requisições]. Aguardando 15 segundos (Tentativa 2/5)...
    [Limite de Requisições]. Aguardando 15 segundos (Tentativa 3/5)...
    [Limite de Requisições]. Aguardando 15 segundos (Tentativa 4/5)...
    [Limite de Requisições]. Aguardando 15 segundos (Tentativa 5/5)...
    [Desistindo do ID 1685] Excedeu tentativas.
 -> Fatiando parágrafo longo (ID: 1686) via IA...
    [Limite de Requisições]. Aguardando 15 segundos (Tentativa 1/5)...
    [Limite de Requisições]. Aguardando 15 segundos (Tentativa 2/5)...
    [Limite de Requisições]. Aguardando 15 segundos (Tentativa 3/5)...
    [Limite de Requisições]. Aguardando 15 segundos (Tentativa 4/5)...
    [Limite de Requisições]. Aguardando 15 segundos (Tentativa 5/5)...
    [Desistindo do ID 1686] Excedeu tentativas.
 -> Fatiando parágrafo longo (ID: 1687) via IA...
    [Limite de Requisições]. Aguardando 15 segundos (Tentativa 1/5)...
    [Limite de Requisições]. Aguardando 15 segundos (Tentativa 2/5)...
    [Limite de Requisições]. Aguardando 15 segundos (Tentativa 3/5)...
    [Limite de Requisições]. Aguardando 15 segundos (Tentativa 4/5)...
    [Limite de Requisições]. Aguardando 15 segundos (Tentativa 5/5)...
    [Desistindo do ID 1687] Excedeu tentativas.
 -> Fatiando parágrafo longo (ID: 1688) via IA...
    [Limite de Requisições]. Aguardando 15 segundos (Tentativa 1/5)...
    [Limite de Requisições]. Aguardando 15 segundos (Tentativa 2/5)...
    [Erro Fatal no ID 1688]: [Errno 54] Connection reset by peer
 -> Fatiando parágrafo longo (ID: 1689) via IA...
    [Limite de Requisições]. Aguardando 15 segundos (Tentativa 1/5)...
    [Limite de Requisições]. Aguardando 15 segundos (Tentativa 2/5)...
    [Limite de Requisições]. Aguardando 15 segundos (Tentativa 3/5)...
    [Limite de Requisições]. Aguardando 15 segundos (Tentativa 4/5)...
    [Limite de Requisições]. Aguardando 15 segundos (Tentativa 5/5)...
    [Desistindo do ID 1689] Excedeu tentativas.
 -> Fatiando parágrafo longo (ID: 1690) via IA...
    [Limite de Requisições]. Aguardando 15 segundos (Tentativa 1/5)...
    [Limite de Requisições]. Aguardando 15 segundos (Tentativa 2/5)...
    [Limite de Requisições]. Aguardando 15 segundos (Tentativa 3/5)...
    [Limite de Requisições]. Aguardando 15 segundos (Tentativa 4/5)...
    [Limite de Requisições]. Aguardando 15 segundos (Tentativa 5/5)...
    [Desistindo do ID 1690] Excedeu tentativas.
 -> Fatiando parágrafo longo (ID: 1691) via IA...
    [Limite de Requisições]. Aguardando 15 segundos (Tentativa 1/5)...
    [Limite de Requisições]. Aguardando 15 segundos (Tentativa 2/5)...
    [Limite de Requisições]. Aguardando 15 segundos (Tentativa 3/5)...
    [Limite de Requisições]. Aguardando 15 segundos (Tentativa 4/5)...
    [Limite de Requisições]. Aguardando 15 segundos (Tentativa 5/5)...
    [Desistindo do ID 1691] Excedeu tentativas.
 -> Fatiando parágrafo longo (ID: 1692) via IA...
    [Limite de Requisições]. Aguardando 15 segundos (Tentativa 1/5)...
    [Limite de Requisições]. Aguardando 15 segundos (Tentativa 2/5)...
    [Limite de Requisições]. Aguardando 15 segundos (Tentativa 3/5)...
    [Limite de Requisições]. Aguardando 15 segundos (Tentativa 4/5)...
    [Limite de Requisições]. Aguardando 15 segundos (Tentativa 5/5)...
    [Desistindo do ID 1692] Excedeu tentativas.
 -> Fatiando parágrafo longo (ID: 1693) via IA...
    [Limite de Requisições]. Aguardando 15 segundos (Tentativa 1/5)...
    [Limite de Requisições]. Aguardando 15 segundos (Tentativa 2/5)...
    [Limite de Requisições]. Aguardando 15 segundos (Tentativa 3/5)...
    [Limite de Requisições]. Aguardando 15 segundos (Tentativa 4/5)...
    [Limite de Requisições]. Aguardando 15 segundos (Tentativa 5/5)...
    [Desistindo do ID 1693] Excedeu tentativas.
 -> Fatiando parágrafo longo (ID: 1695) via IA...
    [Limite de Requisições]. Aguardando 15 segundos (Tentativa 1/5)...
    [Limite de Requisições]. Aguardando 15 segundos (Tentativa 2/5)...
    [Limite de Requisições]. Aguardando 15 segundos (Tentativa 3/5)...
    [Limite de Requisições]. Aguardando 15 segundos (Tentativa 4/5)...
    [Limite de Requisições]. Aguardando 15 segundos (Tentativa 5/5)...
    [Desistindo do ID 1695] Excedeu tentativas.
 -> Fatiando parágrafo longo (ID: 1696) via IA...
    [Limite de Requisições]. Aguardando 15 segundos (Tentativa 1/5)...
    [Limite de Requisições]. Aguardando 15 segundos (Tentativa 2/5)...
    [Limite de Requisições]. Aguardando 15 segundos (Tentativa 3/5)...
    [Limite de Requisições]. Aguardando 15 segundos (Tentativa 4/5)...
    [Limite de Requisições]. Aguardando 15 segundos (Tentativa 5/5)...
    [Desistindo do ID 1696] Excedeu tentativas.
 -> Fatiando parágrafo longo (ID: 1697) via IA...
    [Limite de Requisições]. Aguardando 15 segundos (Tentativa 1/5)...
    [Limite de Requisições]. Aguardando 15 segundos (Tentativa 2/5)...
    [Limite de Requisições]. Aguardando 15 segundos (Tentativa 3/5)...
    [Limite de Requisições]. Aguardando 15 segundos (Tentativa 4/5)...
    [Limite de Requisições]. Aguardando 15 segundos (Tentativa 5/5)...
    [Desistindo do ID 1697] Excedeu tentativas.
 -> Fatiando parágrafo longo (ID: 1698) via IA...
    [Limite de Requisições]. Aguardando 15 segundos (Tentativa 1/5)...
    [Limite de Requisições]. Aguardando 15 segundos (Tentativa 2/5)...
    [Limite de Requisições]. Aguardando 15 segundos (Tentativa 3/5)...
    [Limite de Requisições]. Aguardando 15 segundos (Tentativa 4/5)...
    [Limite de Requisições]. Aguardando 15 segundos (Tentativa 5/5)...
    [Desistindo do ID 1698] Excedeu tentativas.
 -> Fatiando parágrafo longo (ID: 1699) via IA...
    [Limite de Requisições]. Aguardando 15 segundos (Tentativa 1/5)...
    [Limite de Requisições]. Aguardando 15 segundos (Tentativa 2/5)...
    [Limite de Requisições]. Aguardando 15 segundos (Tentativa 3/5)...
    [Limite de Requisições]. Aguardando 15 segundos (Tentativa 4/5)...
    [Limite de Requisições]. Aguardando 15 segundos (Tentativa 5/5)...
    [Desistindo do ID 1699] Excedeu tentativas.
 -> Fatiando parágrafo longo (ID: 1700) via IA...
    [Limite de Requisições]. Aguardando 15 segundos (Tentativa 1/5)...
    [Limite de Requisições]. Aguardando 15 segundos (Tentativa 2/5)...
    [Limite de Requisições]. Aguardando 15 segundos (Tentativa 3/5)...
    [Limite de Requisições]. Aguardando 15 segundos (Tentativa 4/5)...
    [Limite de Requisições]. Aguardando 15 segundos (Tentativa 5/5)...
    [Desistindo do ID 1700] Excedeu tentativas.
 -> Fatiando parágrafo longo (ID: 1701) via IA...
    [Limite de Requisições]. Aguardando 15 segundos (Tentativa 1/5)...
    [Limite de Requisições]. Aguardando 15 segundos (Tentativa 2/5)...
    [Limite de Requisições]. Aguardando 15 segundos (Tentativa 3/5)...
    [Limite de Requisições]. Aguardando 15 segundos (Tentativa 4/5)...
    [Limite de Requisições]. Aguardando 15 segundos (Tentativa 5/5)...
    [Desistindo do ID 1701] Excedeu tentativas.
 -> Fatiando parágrafo longo (ID: 1702) via IA...
    [Limite de Requisições]. Aguardando 15 segundos (Tentativa 1/5)...
    [Limite de Requisições]. Aguardando 15 segundos (Tentativa 2/5)...
    [Limite de Requisições]. Aguardando 15 segundos (Tentativa 3/5)...
    [Limite de Requisições]. Aguardando 15 segundos (Tentativa 4/5)...
    [Limite de Requisições]. Aguardando 15 segundos (Tentativa 5/5)...
    [Desistindo do ID 1702] Excedeu tentativas.
 -> Fatiando parágrafo longo (ID: 1703) via IA...
    [Limite de Requisições]. Aguardando 15 segundos (Tentativa 1/5)...
    [Limite de Requisições]. Aguardando 15 segundos (Tentativa 2/5)...
    [Limite de Requisições]. Aguardando 15 segundos (Tentativa 3/5)...
    [Limite de Requisições]. Aguardando 15 segundos (Tentativa 4/5)...
    [Limite de Requisições]. Aguardando 15 segundos (Tentativa 5/5)...
    [Desistindo do ID 1703] Excedeu tentativas.
 -> Fatiando parágrafo longo (ID: 1704) via IA...
    [Limite de Requisições]. Aguardando 15 segundos (Tentativa 1/5)...
    [Limite de Requisições]. Aguardando 15 segundos (Tentativa 2/5)...
    [Limite de Requisições]. Aguardando 15 segundos (Tentativa 3/5)...
    [Limite de Requisições]. Aguardando 15 segundos (Tentativa 4/5)...
    [Limite de Requisições]. Aguardando 15 segundos (Tentativa 5/5)...
    [Desistindo do ID 1704] Excedeu tentativas.
 -> Fatiando parágrafo longo (ID: 1705) via IA...
    [Limite de Requisições]. Aguardando 15 segundos (Tentativa 1/5)...
    [Limite de Requisições]. Aguardando 15 segundos (Tentativa 2/5)...
    [Limite de Requisições]. Aguardando 15 segundos (Tentativa 3/5)...
    [Limite de Requisições]. Aguardando 15 segundos (Tentativa 4/5)...
    [Limite de Requisições]. Aguardando 15 segundos (Tentativa 5/5)...
    [Desistindo do ID 1705] Excedeu tentativas.
 -> Fatiando parágrafo longo (ID: 1706) via IA...
    [Limite de Requisições]. Aguardando 15 segundos (Tentativa 1/5)...
    [Limite de Requisições]. Aguardando 15 segundos (Tentativa 2/5)...
    [Limite de Requisições]. Aguardando 15 segundos (Tentativa 3/5)...
    [Limite de Requisições]. Aguardando 15 segundos (Tentativa 4/5)...
    [Limite de Requisições]. Aguardando 15 segundos (Tentativa 5/5)...
    [Desistindo do ID 1706] Excedeu tentativas.
 -> Fatiando parágrafo longo (ID: 1707) via IA...
    [Limite de Requisições]. Aguardando 15 segundos (Tentativa 1/5)...
    [Limite de Requisições]. Aguardando 15 segundos (Tentativa 2/5)...
    [Limite de Requisições]. Aguardando 15 segundos (Tentativa 3/5)...
    [Limite de Requisições]. Aguardando 15 segundos (Tentativa 4/5)...
    [Limite de Requisições]. Aguardando 15 segundos (Tentativa 5/5)...
    [Desistindo do ID 1707] Excedeu tentativas.
 -> Fatiando parágrafo longo (ID: 1708) via IA...
    [Limite de Requisições]. Aguardando 15 segundos (Tentativa 1/5)...
    [Limite de Requisições]. Aguardando 15 segundos (Tentativa 2/5)...
    [Limite de Requisições]. Aguardando 15 segundos (Tentativa 3/5)...
    [Limite de Requisições]. Aguardando 15 segundos (Tentativa 4/5)...
    [Limite de Requisições]. Aguardando 15 segundos (Tentativa 5/5)...
    [Desistindo do ID 1708] Excedeu tentativas.
 -> Fatiando parágrafo longo (ID: 1709) via IA...
    [Limite de Requisições]. Aguardando 15 segundos (Tentativa 1/5)...
    [Limite de Requisições]. Aguardando 15 segundos (Tentativa 2/5)...
    [Limite de Requisições]. Aguardando 15 segundos (Tentativa 3/5)...
    [Limite de Requisições]. Aguardando 15 segundos (Tentativa 4/5)...
    [Limite de Requisições]. Aguardando 15 segundos (Tentativa 5/5)...
    [Desistindo do ID 1709] Excedeu tentativas.
 -> Fatiando parágrafo longo (ID: 1710) via IA...
    [Limite de Requisições]. Aguardando 15 segundos (Tentativa 1/5)...
    [Limite de Requisições]. Aguardando 15 segundos (Tentativa 2/5)...
    [Limite de Requisições]. Aguardando 15 segundos (Tentativa 3/5)...
    [Limite de Requisições]. Aguardando 15 segundos (Tentativa 4/5)...
    [Limite de Requisições]. Aguardando 15 segundos (Tentativa 5/5)...
    [Desistindo do ID 1710] Excedeu tentativas.
 -> Fatiando parágrafo longo (ID: 1711) via IA...
    [Limite de Requisições]. Aguardando 15 segundos (Tentativa 1/5)...
    [Limite de Requisições]. Aguardando 15 segundos (Tentativa 2/5)...
    [Limite de Requisições]. Aguardando 15 segundos (Tentativa 3/5)...
    [Limite de Requisições]. Aguardando 15 segundos (Tentativa 4/5)...
    [Limite de Requisições]. Aguardando 15 segundos (Tentativa 5/5)...
    [Desistindo do ID 1711] Excedeu tentativas.
 -> Fatiando parágrafo longo (ID: 1712) via IA...
    [Limite de Requisições]. Aguardando 15 segundos (Tentativa 1/5)...
    [Limite de Requisições]. Aguardando 15 segundos (Tentativa 2/5)...
    [Limite de Requisições]. Aguardando 15 segundos (Tentativa 3/5)...
    [Limite de Requisições]. Aguardando 15 segundos (Tentativa 4/5)...
    [Limite de Requisições]. Aguardando 15 segundos (Tentativa 5/5)...
    [Desistindo do ID 1712] Excedeu tentativas.
 -> Fatiando parágrafo longo (ID: 1713) via IA...
    [Limite de Requisições]. Aguardando 15 segundos (Tentativa 1/5)...
    [Limite de Requisições]. Aguardando 15 segundos (Tentativa 2/5)...
    [Limite de Requisições]. Aguardando 15 segundos (Tentativa 3/5)...
    [Limite de Requisições]. Aguardando 15 segundos (Tentativa 4/5)...
    [Limite de Requisições]. Aguardando 15 segundos (Tentativa 5/5)...
    [Desistindo do ID 1713] Excedeu tentativas.
 -> Fatiando parágrafo longo (ID: 1716) via IA...
    [Limite de Requisições]. Aguardando 15 segundos (Tentativa 1/5)...
    [Limite de Requisições]. Aguardando 15 segundos (Tentativa 2/5)...
    [Limite de Requisições]. Aguardando 15 segundos (Tentativa 3/5)...
    [Limite de Requisições]. Aguardando 15 segundos (Tentativa 4/5)...
    [Limite de Requisições]. Aguardando 15 segundos (Tentativa 5/5)...
    [Desistindo do ID 1716] Excedeu tentativas.
 -> Fatiando parágrafo longo (ID: 1717) via IA...
    [Limite de Requisições]. Aguardando 15 segundos (Tentativa 1/5)...
    [Limite de Requisições]. Aguardando 15 segundos (Tentativa 2/5)...
    [Limite de Requisições]. Aguardando 15 segundos (Tentativa 3/5)...
    [Limite de Requisições]. Aguardando 15 segundos (Tentativa 4/5)...
    [Limite de Requisições]. Aguardando 15 segundos (Tentativa 5/5)...
    [Desistindo do ID 1717] Excedeu tentativas.
 -> Fatiando parágrafo longo (ID: 1718) via IA...
    [Limite de Requisições]. Aguardando 15 segundos (Tentativa 1/5)...
    [Limite de Requisições]. Aguardando 15 segundos (Tentativa 2/5)...
    [Limite de Requisições]. Aguardando 15 segundos (Tentativa 3/5)...
    [Limite de Requisições]. Aguardando 15 segundos (Tentativa 4/5)...
    [Limite de Requisições]. Aguardando 15 segundos (Tentativa 5/5)...
    [Desistindo do ID 1718] Excedeu tentativas.
 -> Fatiando parágrafo longo (ID: 1719) via IA...
    [Limite de Requisições]. Aguardando 15 segundos (Tentativa 1/5)...
    [Limite de Requisições]. Aguardando 15 segundos (Tentativa 2/5)...
    [Limite de Requisições]. Aguardando 15 segundos (Tentativa 3/5)...
    [Limite de Requisições]. Aguardando 15 segundos (Tentativa 4/5)...
    [Limite de Requisições]. Aguardando 15 segundos (Tentativa 5/5)...
    [Desistindo do ID 1719] Excedeu tentativas.
 -> Fatiando parágrafo longo (ID: 1720) via IA...
    [Limite de Requisições]. Aguardando 15 segundos (Tentativa 1/5)...
    [Limite de Requisições]. Aguardando 15 segundos (Tentativa 2/5)...
    [Limite de Requisições]. Aguardando 15 segundos (Tentativa 3/5)...
    [Limite de Requisições]. Aguardando 15 segundos (Tentativa 4/5)...
    [Limite de Requisições]. Aguardando 15 segundos (Tentativa 5/5)...
    [Desistindo do ID 1720] Excedeu tentativas.
 -> Fatiando parágrafo longo (ID: 1722) via IA...
    [Limite de Requisições]. Aguardando 15 segundos (Tentativa 1/5)...
    [Limite de Requisições]. Aguardando 15 segundos (Tentativa 2/5)...
    [Limite de Requisições]. Aguardando 15 segundos (Tentativa 3/5)...
    [Limite de Requisições]. Aguardando 15 segundos (Tentativa 4/5)...
    [Limite de Requisições]. Aguardando 15 segundos (Tentativa 5/5)...
    [Desistindo do ID 1722] Excedeu tentativas.
 -> Fatiando parágrafo longo (ID: 1723) via IA...
    [Limite de Requisições]. Aguardando 15 segundos (Tentativa 1/5)...
    [Limite de Requisições]. Aguardando 15 segundos (Tentativa 2/5)...
    [Limite de Requisições]. Aguardando 15 segundos (Tentativa 3/5)...
    [Limite de Requisições]. Aguardando 15 segundos (Tentativa 4/5)...
    [Limite de Requisições]. Aguardando 15 segundos (Tentativa 5/5)...
    [Desistindo do ID 1723] Excedeu tentativas.
 -> Fatiando parágrafo longo (ID: 1725) via IA...
    [Limite de Requisições]. Aguardando 15 segundos (Tentativa 1/5)...
    [Limite de Requisições]. Aguardando 15 segundos (Tentativa 2/5)...
    [Limite de Requisições]. Aguardando 15 segundos (Tentativa 3/5)...
    [Limite de Requisições]. Aguardando 15 segundos (Tentativa 4/5)...
    [Limite de Requisições]. Aguardando 15 segundos (Tentativa 5/5)...
    [Desistindo do ID 1725] Excedeu tentativas.
 -> Fatiando parágrafo longo (ID: 1726) via IA...
    [Limite de Requisições]. Aguardando 15 segundos (Tentativa 1/5)...
    [Limite de Requisições]. Aguardando 15 segundos (Tentativa 2/5)...
    [Limite de Requisições]. Aguardando 15 segundos (Tentativa 3/5)...
    [Limite de Requisições]. Aguardando 15 segundos (Tentativa 4/5)...
    [Limite de Requisições]. Aguardando 15 segundos (Tentativa 5/5)...
    [Desistindo do ID 1726] Excedeu tentativas.
 -> Fatiando parágrafo longo (ID: 1727) via IA...
    [Limite de Requisições]. Aguardando 15 segundos (Tentativa 1/5)...
    [Limite de Requisições]. Aguardando 15 segundos (Tentativa 2/5)...
    [Limite de Requisições]. Aguardando 15 segundos (Tentativa 3/5)...
    [Limite de Requisições]. Aguardando 15 segundos (Tentativa 4/5)...
    [Limite de Requisições]. Aguardando 15 segundos (Tentativa 5/5)...
    [Desistindo do ID 1727] Excedeu tentativas.
 -> Fatiando parágrafo longo (ID: 1728) via IA...
    [Limite de Requisições]. Aguardando 15 segundos (Tentativa 1/5)...
    [Limite de Requisições]. Aguardando 15 segundos (Tentativa 2/5)...
    [Limite de Requisições]. Aguardando 15 segundos (Tentativa 3/5)...
    [Limite de Requisições]. Aguardando 15 segundos (Tentativa 4/5)...
    [Limite de Requisições]. Aguardando 15 segundos (Tentativa 5/5)...
    [Desistindo do ID 1728] Excedeu tentativas.
 -> Fatiando parágrafo longo (ID: 1729) via IA...
    [Limite de Requisições]. Aguardando 15 segundos (Tentativa 1/5)...
    [Limite de Requisições]. Aguardando 15 segundos (Tentativa 2/5)...
    [Limite de Requisições]. Aguardando 15 segundos (Tentativa 3/5)...
    [Limite de Requisições]. Aguardando 15 segundos (Tentativa 4/5)...
    [Limite de Requisições]. Aguardando 15 segundos (Tentativa 5/5)...
    [Desistindo do ID 1729] Excedeu tentativas.
 -> Fatiando parágrafo longo (ID: 1731) via IA...
    [Limite de Requisições]. Aguardando 15 segundos (Tentativa 1/5)...
    [Limite de Requisições]. Aguardando 15 segundos (Tentativa 2/5)...
    [Limite de Requisições]. Aguardando 15 segundos (Tentativa 3/5)...
    [Limite de Requisições]. Aguardando 15 segundos (Tentativa 4/5)...
    [Limite de Requisições]. Aguardando 15 segundos (Tentativa 5/5)...
    [Desistindo do ID 1731] Excedeu tentativas.
 -> Fatiando parágrafo longo (ID: 1732) via IA...
    [Limite de Requisições]. Aguardando 15 segundos (Tentativa 1/5)...
    [Limite de Requisições]. Aguardando 15 segundos (Tentativa 2/5)...
    [Limite de Requisições]. Aguardando 15 segundos (Tentativa 3/5)...
    [Limite de Requisições]. Aguardando 15 segundos (Tentativa 4/5)...
    [Limite de Requisições]. Aguardando 15 segundos (Tentativa 5/5)...
    [Desistindo do ID 1732] Excedeu tentativas.
 -> Fatiando parágrafo longo (ID: 1733) via IA...
    [Limite de Requisições]. Aguardando 15 segundos (Tentativa 1/5)...
    [Limite de Requisições]. Aguardando 15 segundos (Tentativa 2/5)...
    [Limite de Requisições]. Aguardando 15 segundos (Tentativa 3/5)...
    [Limite de Requisições]. Aguardando 15 segundos (Tentativa 4/5)...
    [Limite de Requisições]. Aguardando 15 segundos (Tentativa 5/5)...
    [Desistindo do ID 1733] Excedeu tentativas.
 -> Fatiando parágrafo longo (ID: 1734) via IA...
    [Limite de Requisições]. Aguardando 15 segundos (Tentativa 1/5)...
    [Limite de Requisições]. Aguardando 15 segundos (Tentativa 2/5)...
    [Limite de Requisições]. Aguardando 15 segundos (Tentativa 3/5)...
    [Limite de Requisições]. Aguardando 15 segundos (Tentativa 4/5)...
    [Limite de Requisições]. Aguardando 15 segundos (Tentativa 5/5)...
    [Desistindo do ID 1734] Excedeu tentativas.
 -> Fatiando parágrafo longo (ID: 1735) via IA...
    [Limite de Requisições]. Aguardando 15 segundos (Tentativa 1/5)...
    [Limite de Requisições]. Aguardando 15 segundos (Tentativa 2/5)...
    [Limite de Requisições]. Aguardando 15 segundos (Tentativa 3/5)...
    [Limite de Requisições]. Aguardando 15 segundos (Tentativa 4/5)...
    [Limite de Requisições]. Aguardando 15 segundos (Tentativa 5/5)...
    [Desistindo do ID 1735] Excedeu tentativas.
 -> Fatiando parágrafo longo (ID: 1736) via IA...
    [Limite de Requisições]. Aguardando 15 segundos (Tentativa 1/5)...
    [Limite de Requisições]. Aguardando 15 segundos (Tentativa 2/5)...
    [Limite de Requisições]. Aguardando 15 segundos (Tentativa 3/5)...
    [Limite de Requisições]. Aguardando 15 segundos (Tentativa 4/5)...
    [Limite de Requisições]. Aguardando 15 segundos (Tentativa 5/5)...
    [Desistindo do ID 1736] Excedeu tentativas.
 -> Fatiando parágrafo longo (ID: 1737) via IA...
    [Limite de Requisições]. Aguardando 15 segundos (Tentativa 1/5)...
    [Limite de Requisições]. Aguardando 15 segundos (Tentativa 2/5)...
    [Limite de Requisições]. Aguardando 15 segundos (Tentativa 3/5)...
    [Limite de Requisições]. Aguardando 15 segundos (Tentativa 4/5)...
    [Limite de Requisições]. Aguardando 15 segundos (Tentativa 5/5)...
    [Desistindo do ID 1737] Excedeu tentativas.
 -> Fatiando parágrafo longo (ID: 1738) via IA...
    [Limite de Requisições]. Aguardando 15 segundos (Tentativa 1/5)...
    [Limite de Requisições]. Aguardando 15 segundos (Tentativa 2/5)...
    [Limite de Requisições]. Aguardando 15 segundos (Tentativa 3/5)...
    [Limite de Requisições]. Aguardando 15 segundos (Tentativa 4/5)...
    [Limite de Requisições]. Aguardando 15 segundos (Tentativa 5/5)...
    [Desistindo do ID 1738] Excedeu tentativas.
 -> Fatiando parágrafo longo (ID: 1739) via IA...
    [Limite de Requisições]. Aguardando 15 segundos (Tentativa 1/5)...
    [Limite de Requisições]. Aguardando 15 segundos (Tentativa 2/5)...
    [Limite de Requisições]. Aguardando 15 segundos (Tentativa 3/5)...
    [Limite de Requisições]. Aguardando 15 segundos (Tentativa 4/5)...
    [Limite de Requisições]. Aguardando 15 segundos (Tentativa 5/5)...
    [Desistindo do ID 1739] Excedeu tentativas.
 -> Fatiando parágrafo longo (ID: 1740) via IA...
    [Limite de Requisições]. Aguardando 15 segundos (Tentativa 1/5)...
    [Limite de Requisições]. Aguardando 15 segundos (Tentativa 2/5)...
    [Limite de Requisições]. Aguardando 15 segundos (Tentativa 3/5)...
    [Limite de Requisições]. Aguardando 15 segundos (Tentativa 4/5)...
    [Limite de Requisições]. Aguardando 15 segundos (Tentativa 5/5)...
    [Desistindo do ID 1740] Excedeu tentativas.
 -> Fatiando parágrafo longo (ID: 1741) via IA...
    [Limite de Requisições]. Aguardando 15 segundos (Tentativa 1/5)...
    [Limite de Requisições]. Aguardando 15 segundos (Tentativa 2/5)...
    [Limite de Requisições]. Aguardando 15 segundos (Tentativa 3/5)...
    [Limite de Requisições]. Aguardando 15 segundos (Tentativa 4/5)...
    [Limite de Requisições]. Aguardando 15 segundos (Tentativa 5/5)...
    [Desistindo do ID 1741] Excedeu tentativas.
 -> Fatiando parágrafo longo (ID: 1742) via IA...
    [Limite de Requisições]. Aguardando 15 segundos (Tentativa 1/5)...
    [Limite de Requisições]. Aguardando 15 segundos (Tentativa 2/5)...
    [Limite de Requisições]. Aguardando 15 segundos (Tentativa 3/5)...
    [Limite de Requisições]. Aguardando 15 segundos (Tentativa 4/5)...
    [Limite de Requisições]. Aguardando 15 segundos (Tentativa 5/5)...
    [Desistindo do ID 1742] Excedeu tentativas.
 -> Fatiando parágrafo longo (ID: 1743) via IA...
    [Limite de Requisições]. Aguardando 15 segundos (Tentativa 1/5)...
    [Limite de Requisições]. Aguardando 15 segundos (Tentativa 2/5)...
    [Limite de Requisições]. Aguardando 15 segundos (Tentativa 3/5)...
    [Limite de Requisições]. Aguardando 15 segundos (Tentativa 4/5)...
    [Limite de Requisições]. Aguardando 15 segundos (Tentativa 5/5)...
    [Desistindo do ID 1743] Excedeu tentativas.
 -> Fatiando parágrafo longo (ID: 1744) via IA...
    [Limite de Requisições]. Aguardando 15 segundos (Tentativa 1/5)...
    [Limite de Requisições]. Aguardando 15 segundos (Tentativa 2/5)...
    [Limite de Requisições]. Aguardando 15 segundos (Tentativa 3/5)...
    [Limite de Requisições]. Aguardando 15 segundos (Tentativa 4/5)...
    [Limite de Requisições]. Aguardando 15 segundos (Tentativa 5/5)...
    [Desistindo do ID 1744] Excedeu tentativas.
 -> Fatiando parágrafo longo (ID: 1745) via IA...
    [Limite de Requisições]. Aguardando 15 segundos (Tentativa 1/5)...
    [Limite de Requisições]. Aguardando 15 segundos (Tentativa 2/5)...
    [Limite de Requisições]. Aguardando 15 segundos (Tentativa 3/5)...
    [Limite de Requisições]. Aguardando 15 segundos (Tentativa 4/5)...
    [Limite de Requisições]. Aguardando 15 segundos (Tentativa 5/5)...
    [Desistindo do ID 1745] Excedeu tentativas.
 -> Fatiando parágrafo longo (ID: 1746) via IA...
    [Limite de Requisições]. Aguardando 15 segundos (Tentativa 1/5)...
    [Limite de Requisições]. Aguardando 15 segundos (Tentativa 2/5)...
    [Limite de Requisições]. Aguardando 15 segundos (Tentativa 3/5)...
    [Limite de Requisições]. Aguardando 15 segundos (Tentativa 4/5)...
    [Limite de Requisições]. Aguardando 15 segundos (Tentativa 5/5)...
    [Desistindo do ID 1746] Excedeu tentativas.
 -> Fatiando parágrafo longo (ID: 1747) via IA...
    [Limite de Requisições]. Aguardando 15 segundos (Tentativa 1/5)...
    [Limite de Requisições]. Aguardando 15 segundos (Tentativa 2/5)...
    [Limite de Requisições]. Aguardando 15 segundos (Tentativa 3/5)...
    [Limite de Requisições]. Aguardando 15 segundos (Tentativa 4/5)...
    [Limite de Requisições]. Aguardando 15 segundos (Tentativa 5/5)...
    [Desistindo do ID 1747] Excedeu tentativas.
 -> Fatiando parágrafo longo (ID: 1748) via IA...
    [Limite de Requisições]. Aguardando 15 segundos (Tentativa 1/5)...
    [Limite de Requisições]. Aguardando 15 segundos (Tentativa 2/5)...
    [Limite de Requisições]. Aguardando 15 segundos (Tentativa 3/5)...
    [Limite de Requisições]. Aguardando 15 segundos (Tentativa 4/5)...
    [Limite de Requisições]. Aguardando 15 segundos (Tentativa 5/5)...
    [Desistindo do ID 1748] Excedeu tentativas.
 -> Fatiando parágrafo longo (ID: 1749) via IA...
    [Limite de Requisições]. Aguardando 15 segundos (Tentativa 1/5)...
    [Limite de Requisições]. Aguardando 15 segundos (Tentativa 2/5)...
    [Limite de Requisições]. Aguardando 15 segundos (Tentativa 3/5)...
    [Limite de Requisições]. Aguardando 15 segundos (Tentativa 4/5)...
    [Limite de Requisições]. Aguardando 15 segundos (Tentativa 5/5)...
    [Desistindo do ID 1749] Excedeu tentativas.
 -> Fatiando parágrafo longo (ID: 1750) via IA...
    [Limite de Requisições]. Aguardando 15 segundos (Tentativa 1/5)...
    [Limite de Requisições]. Aguardando 15 segundos (Tentativa 2/5)...
    [Limite de Requisições]. Aguardando 15 segundos (Tentativa 3/5)...
    [Limite de Requisições]. Aguardando 15 segundos (Tentativa 4/5)...
    [Limite de Requisições]. Aguardando 15 segundos (Tentativa 5/5)...
    [Desistindo do ID 1750] Excedeu tentativas.
 -> Fatiando parágrafo longo (ID: 1751) via IA...
    [Limite de Requisições]. Aguardando 15 segundos (Tentativa 1/5)...
    [Limite de Requisições]. Aguardando 15 segundos (Tentativa 2/5)...
    [Limite de Requisições]. Aguardando 15 segundos (Tentativa 3/5)...
    [Limite de Requisições]. Aguardando 15 segundos (Tentativa 4/5)...
    [Limite de Requisições]. Aguardando 15 segundos (Tentativa 5/5)...
    [Desistindo do ID 1751] Excedeu tentativas.
 -> Fatiando parágrafo longo (ID: 1753) via IA...
    [Limite de Requisições]. Aguardando 15 segundos (Tentativa 1/5)...
    [Limite de Requisições]. Aguardando 15 segundos (Tentativa 2/5)...
    [Limite de Requisições]. Aguardando 15 segundos (Tentativa 3/5)...
    [Limite de Requisições]. Aguardando 15 segundos (Tentativa 4/5)...
    [Limite de Requisições]. Aguardando 15 segundos (Tentativa 5/5)...
    [Desistindo do ID 1753] Excedeu tentativas.
 -> Fatiando parágrafo longo (ID: 1756) via IA...
    [Limite de Requisições]. Aguardando 15 segundos (Tentativa 1/5)...
    [Limite de Requisições]. Aguardando 15 segundos (Tentativa 2/5)...
    [Limite de Requisições]. Aguardando 15 segundos (Tentativa 3/5)...
    [Limite de Requisições]. Aguardando 15 segundos (Tentativa 4/5)...
    [Limite de Requisições]. Aguardando 15 segundos (Tentativa 5/5)...
    [Desistindo do ID 1756] Excedeu tentativas.
 -> Fatiando parágrafo longo (ID: 1757) via IA...
    [Limite de Requisições]. Aguardando 15 segundos (Tentativa 1/5)...
    [Limite de Requisições]. Aguardando 15 segundos (Tentativa 2/5)...
    [Limite de Requisições]. Aguardando 15 segundos (Tentativa 3/5)...
    [Limite de Requisições]. Aguardando 15 segundos (Tentativa 4/5)...
    [Limite de Requisições]. Aguardando 15 segundos (Tentativa 5/5)...
    [Desistindo do ID 1757] Excedeu tentativas.
 -> Fatiando parágrafo longo (ID: 1758) via IA...
    [Limite de Requisições]. Aguardando 15 segundos (Tentativa 1/5)...
    [Limite de Requisições]. Aguardando 15 segundos (Tentativa 2/5)...
    [Limite de Requisições]. Aguardando 15 segundos (Tentativa 3/5)...
    [Limite de Requisições]. Aguardando 15 segundos (Tentativa 4/5)...
    [Limite de Requisições]. Aguardando 15 segundos (Tentativa 5/5)...
    [Desistindo do ID 1758] Excedeu tentativas.
 -> Fatiando parágrafo longo (ID: 1760) via IA...
    [Limite de Requisições]. Aguardando 15 segundos (Tentativa 1/5)...
    [Limite de Requisições]. Aguardando 15 segundos (Tentativa 2/5)...
    [Limite de Requisições]. Aguardando 15 segundos (Tentativa 3/5)...
    [Limite de Requisições]. Aguardando 15 segundos (Tentativa 4/5)...
    [Limite de Requisições]. Aguardando 15 segundos (Tentativa 5/5)...
    [Desistindo do ID 1760] Excedeu tentativas.
 -> Fatiando parágrafo longo (ID: 1761) via IA...
    [Limite de Requisições]. Aguardando 15 segundos (Tentativa 1/5)...
    [Limite de Requisições]. Aguardando 15 segundos (Tentativa 2/5)...
    [Limite de Requisições]. Aguardando 15 segundos (Tentativa 3/5)...
    [Limite de Requisições]. Aguardando 15 segundos (Tentativa 4/5)...
    [Limite de Requisições]. Aguardando 15 segundos (Tentativa 5/5)...
    [Desistindo do ID 1761] Excedeu tentativas.
 -> Fatiando parágrafo longo (ID: 1762) via IA...
    [Limite de Requisições]. Aguardando 15 segundos (Tentativa 1/5)...
    [Limite de Requisições]. Aguardando 15 segundos (Tentativa 2/5)...
    [Limite de Requisições]. Aguardando 15 segundos (Tentativa 3/5)...
    [Limite de Requisições]. Aguardando 15 segundos (Tentativa 4/5)...
    [Limite de Requisições]. Aguardando 15 segundos (Tentativa 5/5)...
    [Desistindo do ID 1762] Excedeu tentativas.
 -> Fatiando parágrafo longo (ID: 1764) via IA...
    [Limite de Requisições]. Aguardando 15 segundos (Tentativa 1/5)...
    [Limite de Requisições]. Aguardando 15 segundos (Tentativa 2/5)...
    [Limite de Requisições]. Aguardando 15 segundos (Tentativa 3/5)...
    [Limite de Requisições]. Aguardando 15 segundos (Tentativa 4/5)...
    [Limite de Requisições]. Aguardando 15 segundos (Tentativa 5/5)...
    [Desistindo do ID 1764] Excedeu tentativas.
 -> Fatiando parágrafo longo (ID: 1765) via IA...
    [Limite de Requisições]. Aguardando 15 segundos (Tentativa 1/5)...
    [Limite de Requisições]. Aguardando 15 segundos (Tentativa 2/5)...
    [Limite de Requisições]. Aguardando 15 segundos (Tentativa 3/5)...
    [Limite de Requisições]. Aguardando 15 segundos (Tentativa 4/5)...
    [Limite de Requisições]. Aguardando 15 segundos (Tentativa 5/5)...
    [Desistindo do ID 1765] Excedeu tentativas.
 -> Fatiando parágrafo longo (ID: 1766) via IA...
    [Limite de Requisições]. Aguardando 15 segundos (Tentativa 1/5)...
    [Limite de Requisições]. Aguardando 15 segundos (Tentativa 2/5)...
    [Limite de Requisições]. Aguardando 15 segundos (Tentativa 3/5)...
    [Limite de Requisições]. Aguardando 15 segundos (Tentativa 4/5)...
    [Limite de Requisições]. Aguardando 15 segundos (Tentativa 5/5)...
    [Desistindo do ID 1766] Excedeu tentativas.
 -> Fatiando parágrafo longo (ID: 1767) via IA...
    [Limite de Requisições]. Aguardando 15 segundos (Tentativa 1/5)...
    [Limite de Requisições]. Aguardando 15 segundos (Tentativa 2/5)...
    [Limite de Requisições]. Aguardando 15 segundos (Tentativa 3/5)...
    [Limite de Requisições]. Aguardando 15 segundos (Tentativa 4/5)...
    [Limite de Requisições]. Aguardando 15 segundos (Tentativa 5/5)...
    [Desistindo do ID 1767] Excedeu tentativas.
 -> Fatiando parágrafo longo (ID: 1768) via IA...
    [Limite de Requisições]. Aguardando 15 segundos (Tentativa 1/5)...
    [Limite de Requisições]. Aguardando 15 segundos (Tentativa 2/5)...
    [Limite de Requisições]. Aguardando 15 segundos (Tentativa 3/5)...
    [Limite de Requisições]. Aguardando 15 segundos (Tentativa 4/5)...
    [Limite de Requisições]. Aguardando 15 segundos (Tentativa 5/5)...
    [Desistindo do ID 1768] Excedeu tentativas.
 -> Fatiando parágrafo longo (ID: 1769) via IA...
    [Limite de Requisições]. Aguardando 15 segundos (Tentativa 1/5)...
    [Limite de Requisições]. Aguardando 15 segundos (Tentativa 2/5)...
    [Limite de Requisições]. Aguardando 15 segundos (Tentativa 3/5)...
    [Limite de Requisições]. Aguardando 15 segundos (Tentativa 4/5)...
    [Limite de Requisições]. Aguardando 15 segundos (Tentativa 5/5)...
    [Desistindo do ID 1769] Excedeu tentativas.
 -> Fatiando parágrafo longo (ID: 1770) via IA...
    [Limite de Requisições]. Aguardando 15 segundos (Tentativa 1/5)...
    [Limite de Requisições]. Aguardando 15 segundos (Tentativa 2/5)...
    [Limite de Requisições]. Aguardando 15 segundos (Tentativa 3/5)...
    [Limite de Requisições]. Aguardando 15 segundos (Tentativa 4/5)...
    [Limite de Requisições]. Aguardando 15 segundos (Tentativa 5/5)...
    [Desistindo do ID 1770] Excedeu tentativas.
 -> Fatiando parágrafo longo (ID: 1771) via IA...
    [Limite de Requisições]. Aguardando 15 segundos (Tentativa 1/5)...
    [Limite de Requisições]. Aguardando 15 segundos (Tentativa 2/5)...
    [Limite de Requisições]. Aguardando 15 segundos (Tentativa 3/5)...
    [Limite de Requisições]. Aguardando 15 segundos (Tentativa 4/5)...
    [Limite de Requisições]. Aguardando 15 segundos (Tentativa 5/5)...
    [Desistindo do ID 1771] Excedeu tentativas.
 -> Fatiando parágrafo longo (ID: 1772) via IA...
    [Limite de Requisições]. Aguardando 15 segundos (Tentativa 1/5)...
    [Limite de Requisições]. Aguardando 15 segundos (Tentativa 2/5)...
    [Limite de Requisições]. Aguardando 15 segundos (Tentativa 3/5)...
    [Limite de Requisições]. Aguardando 15 segundos (Tentativa 4/5)...
    [Limite de Requisições]. Aguardando 15 segundos (Tentativa 5/5)...
    [Desistindo do ID 1772] Excedeu tentativas.
 -> Fatiando parágrafo longo (ID: 1773) via IA...
    [Limite de Requisições]. Aguardando 15 segundos (Tentativa 1/5)...
    [Limite de Requisições]. Aguardando 15 segundos (Tentativa 2/5)...
    [Limite de Requisições]. Aguardando 15 segundos (Tentativa 3/5)...
    [Limite de Requisições]. Aguardando 15 segundos (Tentativa 4/5)...
    [Limite de Requisições]. Aguardando 15 segundos (Tentativa 5/5)...
    [Desistindo do ID 1773] Excedeu tentativas.
 -> Fatiando parágrafo longo (ID: 1775) via IA...
    [Limite de Requisições]. Aguardando 15 segundos (Tentativa 1/5)...
    [Limite de Requisições]. Aguardando 15 segundos (Tentativa 2/5)...
    [Limite de Requisições]. Aguardando 15 segundos (Tentativa 3/5)...
    [Limite de Requisições]. Aguardando 15 segundos (Tentativa 4/5)...
    [Limite de Requisições]. Aguardando 15 segundos (Tentativa 5/5)...
    [Desistindo do ID 1775] Excedeu tentativas.
 -> Fatiando parágrafo longo (ID: 1776) via IA...
    [Limite de Requisições]. Aguardando 15 segundos (Tentativa 1/5)...
    [Limite de Requisições]. Aguardando 15 segundos (Tentativa 2/5)...
    [Limite de Requisições]. Aguardando 15 segundos (Tentativa 3/5)...
    [Limite de Requisições]. Aguardando 15 segundos (Tentativa 4/5)...
    [Limite de Requisições]. Aguardando 15 segundos (Tentativa 5/5)...
    [Desistindo do ID 1776] Excedeu tentativas.
 -> Fatiando parágrafo longo (ID: 1777) via IA...
    [Limite de Requisições]. Aguardando 15 segundos (Tentativa 1/5)...
    [Limite de Requisições]. Aguardando 15 segundos (Tentativa 2/5)...
    [Limite de Requisições]. Aguardando 15 segundos (Tentativa 3/5)...
    [Limite de Requisições]. Aguardando 15 segundos (Tentativa 4/5)...
    [Limite de Requisições]. Aguardando 15 segundos (Tentativa 5/5)...
    [Desistindo do ID 1777] Excedeu tentativas.
 -> Fatiando parágrafo longo (ID: 1778) via IA...
    [Limite de Requisições]. Aguardando 15 segundos (Tentativa 1/5)...
    [Limite de Requisições]. Aguardando 15 segundos (Tentativa 2/5)...
    [Limite de Requisições]. Aguardando 15 segundos (Tentativa 3/5)...
    [Limite de Requisições]. Aguardando 15 segundos (Tentativa 4/5)...
    [Limite de Requisições]. Aguardando 15 segundos (Tentativa 5/5)...
    [Desistindo do ID 1778] Excedeu tentativas.
 -> Fatiando parágrafo longo (ID: 1779) via IA...
    [Limite de Requisições]. Aguardando 15 segundos (Tentativa 1/5)...
    [Limite de Requisições]. Aguardando 15 segundos (Tentativa 2/5)...
    [Limite de Requisições]. Aguardando 15 segundos (Tentativa 3/5)...
    [Limite de Requisições]. Aguardando 15 segundos (Tentativa 4/5)...
    [Limite de Requisições]. Aguardando 15 segundos (Tentativa 5/5)...
    [Desistindo do ID 1779] Excedeu tentativas.
 -> Fatiando parágrafo longo (ID: 1780) via IA...
    [Limite de Requisições]. Aguardando 15 segundos (Tentativa 1/5)...
    [Limite de Requisições]. Aguardando 15 segundos (Tentativa 2/5)...
    [Limite de Requisições]. Aguardando 15 segundos (Tentativa 3/5)...
    [Limite de Requisições]. Aguardando 15 segundos (Tentativa 4/5)...
    [Limite de Requisições]. Aguardando 15 segundos (Tentativa 5/5)...
    [Desistindo do ID 1780] Excedeu tentativas.
 -> Fatiando parágrafo longo (ID: 1781) via IA...
    [Limite de Requisições]. Aguardando 15 segundos (Tentativa 1/5)...
    [Limite de Requisições]. Aguardando 15 segundos (Tentativa 2/5)...
    [Limite de Requisições]. Aguardando 15 segundos (Tentativa 3/5)...
    [Limite de Requisições]. Aguardando 15 segundos (Tentativa 4/5)...
    [Limite de Requisições]. Aguardando 15 segundos (Tentativa 5/5)...
    [Desistindo do ID 1781] Excedeu tentativas.
 -> Fatiando parágrafo longo (ID: 1782) via IA...
    [Limite de Requisições]. Aguardando 15 segundos (Tentativa 1/5)...
    [Limite de Requisições]. Aguardando 15 segundos (Tentativa 2/5)...
    [Limite de Requisições]. Aguardando 15 segundos (Tentativa 3/5)...
    [Limite de Requisições]. Aguardando 15 segundos (Tentativa 4/5)...
    [Limite de Requisições]. Aguardando 15 segundos (Tentativa 5/5)...
    [Desistindo do ID 1782] Excedeu tentativas.
 -> Fatiando parágrafo longo (ID: 1783) via IA...
    [Limite de Requisições]. Aguardando 15 segundos (Tentativa 1/5)...
    [Limite de Requisições]. Aguardando 15 segundos (Tentativa 2/5)...
    [Limite de Requisições]. Aguardando 15 segundos (Tentativa 3/5)...
    [Limite de Requisições]. Aguardando 15 segundos (Tentativa 4/5)...
    [Limite de Requisições]. Aguardando 15 segundos (Tentativa 5/5)...
    [Desistindo do ID 1783] Excedeu tentativas.
 -> Fatiando parágrafo longo (ID: 1784) via IA...
    [Limite de Requisições]. Aguardando 15 segundos (Tentativa 1/5)...
    [Limite de Requisições]. Aguardando 15 segundos (Tentativa 2/5)...
    [Limite de Requisições]. Aguardando 15 segundos (Tentativa 3/5)...
    [Limite de Requisições]. Aguardando 15 segundos (Tentativa 4/5)...
    [Limite de Requisições]. Aguardando 15 segundos (Tentativa 5/5)...
    [Desistindo do ID 1784] Excedeu tentativas.
 -> Fatiando parágrafo longo (ID: 1785) via IA...
    [Limite de Requisições]. Aguardando 15 segundos (Tentativa 1/5)...
    [Limite de Requisições]. Aguardando 15 segundos (Tentativa 2/5)...
    [Limite de Requisições]. Aguardando 15 segundos (Tentativa 3/5)...
    [Limite de Requisições]. Aguardando 15 segundos (Tentativa 4/5)...
    [Limite de Requisições]. Aguardando 15 segundos (Tentativa 5/5)...
    [Desistindo do ID 1785] Excedeu tentativas.
 -> Fatiando parágrafo longo (ID: 1786) via IA...
    [Limite de Requisições]. Aguardando 15 segundos (Tentativa 1/5)...
    [Limite de Requisições]. Aguardando 15 segundos (Tentativa 2/5)...
    [Limite de Requisições]. Aguardando 15 segundos (Tentativa 3/5)...
    [Limite de Requisições]. Aguardando 15 segundos (Tentativa 4/5)...
    [Limite de Requisições]. Aguardando 15 segundos (Tentativa 5/5)...
    [Desistindo do ID 1786] Excedeu tentativas.
 -> Fatiando parágrafo longo (ID: 1787) via IA...
    [Limite de Requisições]. Aguardando 15 segundos (Tentativa 1/5)...
    [Limite de Requisições]. Aguardando 15 segundos (Tentativa 2/5)...
    [Limite de Requisições]. Aguardando 15 segundos (Tentativa 3/5)...
    [Limite de Requisições]. Aguardando 15 segundos (Tentativa 4/5)...
    [Limite de Requisições]. Aguardando 15 segundos (Tentativa 5/5)...
    [Desistindo do ID 1787] Excedeu tentativas.
 -> Fatiando parágrafo longo (ID: 1788) via IA...
    [Limite de Requisições]. Aguardando 15 segundos (Tentativa 1/5)...
    [Limite de Requisições]. Aguardando 15 segundos (Tentativa 2/5)...
    [Limite de Requisições]. Aguardando 15 segundos (Tentativa 3/5)...
    [Limite de Requisições]. Aguardando 15 segundos (Tentativa 4/5)...
    [Limite de Requisições]. Aguardando 15 segundos (Tentativa 5/5)...
    [Desistindo do ID 1788] Excedeu tentativas.
 -> Fatiando parágrafo longo (ID: 1790) via IA...
    [Limite de Requisições]. Aguardando 15 segundos (Tentativa 1/5)...
    [Limite de Requisições]. Aguardando 15 segundos (Tentativa 2/5)...
    [Limite de Requisições]. Aguardando 15 segundos (Tentativa 3/5)...
    [Limite de Requisições]. Aguardando 15 segundos (Tentativa 4/5)...
    [Limite de Requisições]. Aguardando 15 segundos (Tentativa 5/5)...
    [Desistindo do ID 1790] Excedeu tentativas.
 -> Fatiando parágrafo longo (ID: 1791) via IA...
    [Limite de Requisições]. Aguardando 15 segundos (Tentativa 1/5)...
    [Limite de Requisições]. Aguardando 15 segundos (Tentativa 2/5)...
    [Limite de Requisições]. Aguardando 15 segundos (Tentativa 3/5)...
    [Limite de Requisições]. Aguardando 15 segundos (Tentativa 4/5)...
    [Limite de Requisições]. Aguardando 15 segundos (Tentativa 5/5)...
    [Desistindo do ID 1791] Excedeu tentativas.
 -> Fatiando parágrafo longo (ID: 1793) via IA...
    [Limite de Requisições]. Aguardando 15 segundos (Tentativa 1/5)...
    [Limite de Requisições]. Aguardando 15 segundos (Tentativa 2/5)...
    [Limite de Requisições]. Aguardando 15 segundos (Tentativa 3/5)...
    [Limite de Requisições]. Aguardando 15 segundos (Tentativa 4/5)...
    [Limite de Requisições]. Aguardando 15 segundos (Tentativa 5/5)...
    [Desistindo do ID 1793] Excedeu tentativas.
 -> Fatiando parágrafo longo (ID: 1794) via IA...
    [Limite de Requisições]. Aguardando 15 segundos (Tentativa 1/5)...
    [Limite de Requisições]. Aguardando 15 segundos (Tentativa 2/5)...
    [Limite de Requisições]. Aguardando 15 segundos (Tentativa 3/5)...
    [Limite de Requisições]. Aguardando 15 segundos (Tentativa 4/5)...
    [Limite de Requisições]. Aguardando 15 segundos (Tentativa 5/5)...
    [Desistindo do ID 1794] Excedeu tentativas.
 -> Fatiando parágrafo longo (ID: 1795) via IA...
    [Limite de Requisições]. Aguardando 15 segundos (Tentativa 1/5)...
    [Limite de Requisições]. Aguardando 15 segundos (Tentativa 2/5)...
    [Limite de Requisições]. Aguardando 15 segundos (Tentativa 3/5)...
    [Limite de Requisições]. Aguardando 15 segundos (Tentativa 4/5)...
    [Limite de Requisições]. Aguardando 15 segundos (Tentativa 5/5)...
    [Desistindo do ID 1795] Excedeu tentativas.
 -> Fatiando parágrafo longo (ID: 1802) via IA...
    [Limite de Requisições]. Aguardando 15 segundos (Tentativa 1/5)...
    [Limite de Requisições]. Aguardando 15 segundos (Tentativa 2/5)...
    [Limite de Requisições]. Aguardando 15 segundos (Tentativa 3/5)...
    [Limite de Requisições]. Aguardando 15 segundos (Tentativa 4/5)...
    [Limite de Requisições]. Aguardando 15 segundos (Tentativa 5/5)...
    [Desistindo do ID 1802] Excedeu tentativas.
 -> Fatiando parágrafo longo (ID: 1804) via IA...
    [Limite de Requisições]. Aguardando 15 segundos (Tentativa 1/5)...
    [Limite de Requisições]. Aguardando 15 segundos (Tentativa 2/5)...
    [Limite de Requisições]. Aguardando 15 segundos (Tentativa 3/5)...
    [Limite de Requisições]. Aguardando 15 segundos (Tentativa 4/5)...
    [Limite de Requisições]. Aguardando 15 segundos (Tentativa 5/5)...
    [Desistindo do ID 1804] Excedeu tentativas.
 -> Fatiando parágrafo longo (ID: 1805) via IA...
    [Limite de Requisições]. Aguardando 15 segundos (Tentativa 1/5)...
    [Limite de Requisições]. Aguardando 15 segundos (Tentativa 2/5)...
    [Limite de Requisições]. Aguardando 15 segundos (Tentativa 3/5)...
    [Limite de Requisições]. Aguardando 15 segundos (Tentativa 4/5)...
    [Limite de Requisições]. Aguardando 15 segundos (Tentativa 5/5)...
    [Desistindo do ID 1805] Excedeu tentativas.
 -> Fatiando parágrafo longo (ID: 1806) via IA...
    [Limite de Requisições]. Aguardando 15 segundos (Tentativa 1/5)...
    [Limite de Requisições]. Aguardando 15 segundos (Tentativa 2/5)...
    [Limite de Requisições]. Aguardando 15 segundos (Tentativa 3/5)...
    [Limite de Requisições]. Aguardando 15 segundos (Tentativa 4/5)...
    [Limite de Requisições]. Aguardando 15 segundos (Tentativa 5/5)...
    [Desistindo do ID 1806] Excedeu tentativas.
 -> Fatiando parágrafo longo (ID: 1807) via IA...
    [Limite de Requisições]. Aguardando 15 segundos (Tentativa 1/5)...
    [Limite de Requisições]. Aguardando 15 segundos (Tentativa 2/5)...
    [Limite de Requisições]. Aguardando 15 segundos (Tentativa 3/5)...
    [Limite de Requisições]. Aguardando 15 segundos (Tentativa 4/5)...
    [Limite de Requisições]. Aguardando 15 segundos (Tentativa 5/5)...
    [Desistindo do ID 1807] Excedeu tentativas.
 -> Fatiando parágrafo longo (ID: 1808) via IA...
    [Limite de Requisições]. Aguardando 15 segundos (Tentativa 1/5)...
    [Limite de Requisições]. Aguardando 15 segundos (Tentativa 2/5)...
    [Limite de Requisições]. Aguardando 15 segundos (Tentativa 3/5)...
    [Limite de Requisições]. Aguardando 15 segundos (Tentativa 4/5)...
    [Limite de Requisições]. Aguardando 15 segundos (Tentativa 5/5)...
    [Desistindo do ID 1808] Excedeu tentativas.
 -> Fatiando parágrafo longo (ID: 1809) via IA...
    [Limite de Requisições]. Aguardando 15 segundos (Tentativa 1/5)...
    [Limite de Requisições]. Aguardando 15 segundos (Tentativa 2/5)...
    [Limite de Requisições]. Aguardando 15 segundos (Tentativa 3/5)...
    [Limite de Requisições]. Aguardando 15 segundos (Tentativa 4/5)...
    [Limite de Requisições]. Aguardando 15 segundos (Tentativa 5/5)...
    [Desistindo do ID 1809] Excedeu tentativas.
 -> Fatiando parágrafo longo (ID: 1810) via IA...
    [Limite de Requisições]. Aguardando 15 segundos (Tentativa 1/5)...
    [Limite de Requisições]. Aguardando 15 segundos (Tentativa 2/5)...
    [Limite de Requisições]. Aguardando 15 segundos (Tentativa 3/5)...
    [Limite de Requisições]. Aguardando 15 segundos (Tentativa 4/5)...
    [Limite de Requisições]. Aguardando 15 segundos (Tentativa 5/5)...
    [Desistindo do ID 1810] Excedeu tentativas.
 -> Fatiando parágrafo longo (ID: 1811) via IA...
    [Limite de Requisições]. Aguardando 15 segundos (Tentativa 1/5)...
    [Limite de Requisições]. Aguardando 15 segundos (Tentativa 2/5)...
    [Limite de Requisições]. Aguardando 15 segundos (Tentativa 3/5)...
    [Limite de Requisições]. Aguardando 15 segundos (Tentativa 4/5)...
    [Limite de Requisições]. Aguardando 15 segundos (Tentativa 5/5)...
    [Desistindo do ID 1811] Excedeu tentativas.
 -> Fatiando parágrafo longo (ID: 1812) via IA...
    [Limite de Requisições]. Aguardando 15 segundos (Tentativa 1/5)...
    [Limite de Requisições]. Aguardando 15 segundos (Tentativa 2/5)...
    [Limite de Requisições]. Aguardando 15 segundos (Tentativa 3/5)...
    [Limite de Requisições]. Aguardando 15 segundos (Tentativa 4/5)...
    [Limite de Requisições]. Aguardando 15 segundos (Tentativa 5/5)...
    [Desistindo do ID 1812] Excedeu tentativas.
 -> Fatiando parágrafo longo (ID: 1813) via IA...
    [Limite de Requisições]. Aguardando 15 segundos (Tentativa 1/5)...
    [Limite de Requisições]. Aguardando 15 segundos (Tentativa 2/5)...
    [Limite de Requisições]. Aguardando 15 segundos (Tentativa 3/5)...
    [Limite de Requisições]. Aguardando 15 segundos (Tentativa 4/5)...
    [Limite de Requisições]. Aguardando 15 segundos (Tentativa 5/5)...
    [Desistindo do ID 1813] Excedeu tentativas.
 -> Fatiando parágrafo longo (ID: 1814) via IA...
    [Limite de Requisições]. Aguardando 15 segundos (Tentativa 1/5)...
    [Limite de Requisições]. Aguardando 15 segundos (Tentativa 2/5)...
    [Limite de Requisições]. Aguardando 15 segundos (Tentativa 3/5)...
    [Limite de Requisições]. Aguardando 15 segundos (Tentativa 4/5)...
    [Limite de Requisições]. Aguardando 15 segundos (Tentativa 5/5)...
    [Desistindo do ID 1814] Excedeu tentativas.
 -> Fatiando parágrafo longo (ID: 1816) via IA...
    [Limite de Requisições]. Aguardando 15 segundos (Tentativa 1/5)...
    [Limite de Requisições]. Aguardando 15 segundos (Tentativa 2/5)...
    [Limite de Requisições]. Aguardando 15 segundos (Tentativa 3/5)...
    [Limite de Requisições]. Aguardando 15 segundos (Tentativa 4/5)...
    [Limite de Requisições]. Aguardando 15 segundos (Tentativa 5/5)...
    [Desistindo do ID 1816] Excedeu tentativas.
 -> Fatiando parágrafo longo (ID: 1817) via IA...
    [Limite de Requisições]. Aguardando 15 segundos (Tentativa 1/5)...
    [Limite de Requisições]. Aguardando 15 segundos (Tentativa 2/5)...
    [Limite de Requisições]. Aguardando 15 segundos (Tentativa 3/5)...
    [Limite de Requisições]. Aguardando 15 segundos (Tentativa 4/5)...
    [Limite de Requisições]. Aguardando 15 segundos (Tentativa 5/5)...
    [Desistindo do ID 1817] Excedeu tentativas.
 -> Fatiando parágrafo longo (ID: 1819) via IA...
    [Limite de Requisições]. Aguardando 15 segundos (Tentativa 1/5)...
    [Limite de Requisições]. Aguardando 15 segundos (Tentativa 2/5)...
    [Limite de Requisições]. Aguardando 15 segundos (Tentativa 3/5)...
    [Limite de Requisições]. Aguardando 15 segundos (Tentativa 4/5)...
    [Limite de Requisições]. Aguardando 15 segundos (Tentativa 5/5)...
    [Desistindo do ID 1819] Excedeu tentativas.
 -> Fatiando parágrafo longo (ID: 1821) via IA...
    [Limite de Requisições]. Aguardando 15 segundos (Tentativa 1/5)...
    [Limite de Requisições]. Aguardando 15 segundos (Tentativa 2/5)...
    [Limite de Requisições]. Aguardando 15 segundos (Tentativa 3/5)...
    [Limite de Requisições]. Aguardando 15 segundos (Tentativa 4/5)...
    [Limite de Requisições]. Aguardando 15 segundos (Tentativa 5/5)...
    [Desistindo do ID 1821] Excedeu tentativas.
 -> Fatiando parágrafo longo (ID: 1822) via IA...
    [Limite de Requisições]. Aguardando 15 segundos (Tentativa 1/5)...
    [Limite de Requisições]. Aguardando 15 segundos (Tentativa 2/5)...
    [Limite de Requisições]. Aguardando 15 segundos (Tentativa 3/5)...
    [Limite de Requisições]. Aguardando 15 segundos (Tentativa 4/5)...
    [Limite de Requisições]. Aguardando 15 segundos (Tentativa 5/5)...
    [Desistindo do ID 1822] Excedeu tentativas.
 -> Fatiando parágrafo longo (ID: 1823) via IA...
    [Limite de Requisições]. Aguardando 15 segundos (Tentativa 1/5)...
    [Limite de Requisições]. Aguardando 15 segundos (Tentativa 2/5)...
    [Limite de Requisições]. Aguardando 15 segundos (Tentativa 3/5)...
    [Limite de Requisições]. Aguardando 15 segundos (Tentativa 4/5)...
    [Limite de Requisições]. Aguardando 15 segundos (Tentativa 5/5)...
    [Desistindo do ID 1823] Excedeu tentativas.
 -> Fatiando parágrafo longo (ID: 1824) via IA...
    [Limite de Requisições]. Aguardando 15 segundos (Tentativa 1/5)...
    [Limite de Requisições]. Aguardando 15 segundos (Tentativa 2/5)...
    [Limite de Requisições]. Aguardando 15 segundos (Tentativa 3/5)...
    [Limite de Requisições]. Aguardando 15 segundos (Tentativa 4/5)...
    [Limite de Requisições]. Aguardando 15 segundos (Tentativa 5/5)...
    [Desistindo do ID 1824] Excedeu tentativas.
 -> Fatiando parágrafo longo (ID: 1827) via IA...
    [Limite de Requisições]. Aguardando 15 segundos (Tentativa 1/5)...
    [Limite de Requisições]. Aguardando 15 segundos (Tentativa 2/5)...
    [Limite de Requisições]. Aguardando 15 segundos (Tentativa 3/5)...
    [Limite de Requisições]. Aguardando 15 segundos (Tentativa 4/5)...
    [Limite de Requisições]. Aguardando 15 segundos (Tentativa 5/5)...
    [Desistindo do ID 1827] Excedeu tentativas.
 -> Fatiando parágrafo longo (ID: 1833) via IA...
    [Limite de Requisições]. Aguardando 15 segundos (Tentativa 1/5)...
    [Limite de Requisições]. Aguardando 15 segundos (Tentativa 2/5)...
    [Limite de Requisições]. Aguardando 15 segundos (Tentativa 3/5)...
    [Limite de Requisições]. Aguardando 15 segundos (Tentativa 4/5)...
    [Limite de Requisições]. Aguardando 15 segundos (Tentativa 5/5)...
    [Desistindo do ID 1833] Excedeu tentativas.
 -> Fatiando parágrafo longo (ID: 1834) via IA...
    [Limite de Requisições]. Aguardando 15 segundos (Tentativa 1/5)...
    [Limite de Requisições]. Aguardando 15 segundos (Tentativa 2/5)...
    [Limite de Requisições]. Aguardando 15 segundos (Tentativa 3/5)...
    [Limite de Requisições]. Aguardando 15 segundos (Tentativa 4/5)...
    [Limite de Requisições]. Aguardando 15 segundos (Tentativa 5/5)...
    [Desistindo do ID 1834] Excedeu tentativas.
 -> Fatiando parágrafo longo (ID: 1836) via IA...
    [Limite de Requisições]. Aguardando 15 segundos (Tentativa 1/5)...
    [Limite de Requisições]. Aguardando 15 segundos (Tentativa 2/5)...
    [Limite de Requisições]. Aguardando 15 segundos (Tentativa 3/5)...
    [Limite de Requisições]. Aguardando 15 segundos (Tentativa 4/5)...
    [Limite de Requisições]. Aguardando 15 segundos (Tentativa 5/5)...
    [Desistindo do ID 1836] Excedeu tentativas.
 -> Fatiando parágrafo longo (ID: 1837) via IA...
    [Limite de Requisições]. Aguardando 15 segundos (Tentativa 1/5)...
    [Limite de Requisições]. Aguardando 15 segundos (Tentativa 2/5)...
    [Limite de Requisições]. Aguardando 15 segundos (Tentativa 3/5)...
    [Limite de Requisições]. Aguardando 15 segundos (Tentativa 4/5)...
    [Limite de Requisições]. Aguardando 15 segundos (Tentativa 5/5)...
    [Desistindo do ID 1837] Excedeu tentativas.
 -> Fatiando parágrafo longo (ID: 1838) via IA...
    [Limite de Requisições]. Aguardando 15 segundos (Tentativa 1/5)...
    [Limite de Requisições]. Aguardando 15 segundos (Tentativa 2/5)...
    [Limite de Requisições]. Aguardando 15 segundos (Tentativa 3/5)...
    [Limite de Requisições]. Aguardando 15 segundos (Tentativa 4/5)...
    [Limite de Requisições]. Aguardando 15 segundos (Tentativa 5/5)...
    [Desistindo do ID 1838] Excedeu tentativas.
 -> Fatiando parágrafo longo (ID: 1840) via IA...
    [Limite de Requisições]. Aguardando 15 segundos (Tentativa 1/5)...
    [Limite de Requisições]. Aguardando 15 segundos (Tentativa 2/5)...
    [Limite de Requisições]. Aguardando 15 segundos (Tentativa 3/5)...
    [Limite de Requisições]. Aguardando 15 segundos (Tentativa 4/5)...
    [Limite de Requisições]. Aguardando 15 segundos (Tentativa 5/5)...
    [Desistindo do ID 1840] Excedeu tentativas.
 -> Fatiando parágrafo longo (ID: 1841) via IA...
    [Limite de Requisições]. Aguardando 15 segundos (Tentativa 1/5)...
    [Limite de Requisições]. Aguardando 15 segundos (Tentativa 2/5)...
    [Limite de Requisições]. Aguardando 15 segundos (Tentativa 3/5)...
    [Limite de Requisições]. Aguardando 15 segundos (Tentativa 4/5)...
    [Limite de Requisições]. Aguardando 15 segundos (Tentativa 5/5)...
    [Desistindo do ID 1841] Excedeu tentativas.
 -> Fatiando parágrafo longo (ID: 1843) via IA...
    [Limite de Requisições]. Aguardando 15 segundos (Tentativa 1/5)...
    [Limite de Requisições]. Aguardando 15 segundos (Tentativa 2/5)...
    [Limite de Requisições]. Aguardando 15 segundos (Tentativa 3/5)...
    [Limite de Requisições]. Aguardando 15 segundos (Tentativa 4/5)...
    [Limite de Requisições]. Aguardando 15 segundos (Tentativa 5/5)...
    [Desistindo do ID 1843] Excedeu tentativas.
Salvo com as novas fatias alinhadas!

[data/works/abhidhammavatara/tika__2.json]
 -> Fatiando parágrafo longo (ID: 1852) via IA...
    [Limite de Requisições]. Aguardando 15 segundos (Tentativa 1/5)...
    [Limite de Requisições]. Aguardando 15 segundos (Tentativa 2/5)...
    [Limite de Requisições]. Aguardando 15 segundos (Tentativa 3/5)...
    [Limite de Requisições]. Aguardando 15 segundos (Tentativa 4/5)...
    [Limite de Requisições]. Aguardando 15 segundos (Tentativa 5/5)...
    [Desistindo do ID 1852] Excedeu tentativas.
 -> Fatiando parágrafo longo (ID: 1853) via IA...
    [Limite de Requisições]. Aguardando 15 segundos (Tentativa 1/5)...
    [Limite de Requisições]. Aguardando 15 segundos (Tentativa 2/5)...
    [Limite de Requisições]. Aguardando 15 segundos (Tentativa 3/5)...
    [Limite de Requisições]. Aguardando 15 segundos (Tentativa 4/5)...
    [Limite de Requisições]. Aguardando 15 segundos (Tentativa 5/5)...
    [Desistindo do ID 1853] Excedeu tentativas.
 -> Fatiando parágrafo longo (ID: 1854) via IA...
    [Limite de Requisições]. Aguardando 15 segundos (Tentativa 1/5)...
    [Limite de Requisições]. Aguardando 15 segundos (Tentativa 2/5)...
    [Limite de Requisições]. Aguardando 15 segundos (Tentativa 3/5)...
    [Limite de Requisições]. Aguardando 15 segundos (Tentativa 4/5)...
    [Limite de Requisições]. Aguardando 15 segundos (Tentativa 5/5)...
    [Desistindo do ID 1854] Excedeu tentativas.
 -> Fatiando parágrafo longo (ID: 1855) via IA...
    [Limite de Requisições]. Aguardando 15 segundos (Tentativa 1/5)...
    [Limite de Requisições]. Aguardando 15 segundos (Tentativa 2/5)...
    [Limite de Requisições]. Aguardando 15 segundos (Tentativa 3/5)...
    [Limite de Requisições]. Aguardando 15 segundos (Tentativa 4/5)...
    [Limite de Requisições]. Aguardando 15 segundos (Tentativa 5/5)...
    [Desistindo do ID 1855] Excedeu tentativas.
 -> Fatiando parágrafo longo (ID: 1856) via IA...
    [Limite de Requisições]. Aguardando 15 segundos (Tentativa 1/5)...
    [Limite de Requisições]. Aguardando 15 segundos (Tentativa 2/5)...
    [Limite de Requisições]. Aguardando 15 segundos (Tentativa 3/5)...
    [Limite de Requisições]. Aguardando 15 segundos (Tentativa 4/5)...
    [Limite de Requisições]. Aguardando 15 segundos (Tentativa 5/5)...
    [Desistindo do ID 1856] Excedeu tentativas.
 -> Fatiando parágrafo longo (ID: 1857) via IA...
    [Limite de Requisições]. Aguardando 15 segundos (Tentativa 1/5)...
    [Limite de Requisições]. Aguardando 15 segundos (Tentativa 2/5)...
    [Limite de Requisições]. Aguardando 15 segundos (Tentativa 3/5)...
    [Limite de Requisições]. Aguardando 15 segundos (Tentativa 4/5)...
    [Limite de Requisições]. Aguardando 15 segundos (Tentativa 5/5)...
    [Desistindo do ID 1857] Excedeu tentativas.
 -> Fatiando parágrafo longo (ID: 1858) via IA...
    [Limite de Requisições]. Aguardando 15 segundos (Tentativa 1/5)...
    [Limite de Requisições]. Aguardando 15 segundos (Tentativa 2/5)...
    [Limite de Requisições]. Aguardando 15 segundos (Tentativa 3/5)...
    [Limite de Requisições]. Aguardando 15 segundos (Tentativa 4/5)...
    [Limite de Requisições]. Aguardando 15 segundos (Tentativa 5/5)...
    [Desistindo do ID 1858] Excedeu tentativas.
 -> Fatiando parágrafo longo (ID: 1863) via IA...
    [Limite de Requisições]. Aguardando 15 segundos (Tentativa 1/5)...
    [Limite de Requisições]. Aguardando 15 segundos (Tentativa 2/5)...
    [Limite de Requisições]. Aguardando 15 segundos (Tentativa 3/5)...
    [Limite de Requisições]. Aguardando 15 segundos (Tentativa 4/5)...
    [Limite de Requisições]. Aguardando 15 segundos (Tentativa 5/5)...
    [Desistindo do ID 1863] Excedeu tentativas.
 -> Fatiando parágrafo longo (ID: 1864) via IA...
    [Limite de Requisições]. Aguardando 15 segundos (Tentativa 1/5)...
    [Limite de Requisições]. Aguardando 15 segundos (Tentativa 2/5)...
    [Limite de Requisições]. Aguardando 15 segundos (Tentativa 3/5)...
    [Limite de Requisições]. Aguardando 15 segundos (Tentativa 4/5)...
    [Limite de Requisições]. Aguardando 15 segundos (Tentativa 5/5)...
    [Desistindo do ID 1864] Excedeu tentativas.
 -> Fatiando parágrafo longo (ID: 1868) via IA...
    [Limite de Requisições]. Aguardando 15 segundos (Tentativa 1/5)...
    [Limite de Requisições]. Aguardando 15 segundos (Tentativa 2/5)...
    [Limite de Requisições]. Aguardando 15 segundos (Tentativa 3/5)...
    [Limite de Requisições]. Aguardando 15 segundos (Tentativa 4/5)...
    [Limite de Requisições]. Aguardando 15 segundos (Tentativa 5/5)...
    [Desistindo do ID 1868] Excedeu tentativas.
 -> Fatiando parágrafo longo (ID: 1871) via IA...
    [Limite de Requisições]. Aguardando 15 segundos (Tentativa 1/5)...
    [Limite de Requisições]. Aguardando 15 segundos (Tentativa 2/5)...
    [Limite de Requisições]. Aguardando 15 segundos (Tentativa 3/5)...
    [Limite de Requisições]. Aguardando 15 segundos (Tentativa 4/5)...
    [Limite de Requisições]. Aguardando 15 segundos (Tentativa 5/5)...
    [Desistindo do ID 1871] Excedeu tentativas.
 -> Fatiando parágrafo longo (ID: 1872) via IA...
    [Limite de Requisições]. Aguardando 15 segundos (Tentativa 1/5)...
    [Limite de Requisições]. Aguardando 15 segundos (Tentativa 2/5)...
    [Limite de Requisições]. Aguardando 15 segundos (Tentativa 3/5)...
    [Limite de Requisições]. Aguardando 15 segundos (Tentativa 4/5)...
    [Limite de Requisições]. Aguardando 15 segundos (Tentativa 5/5)...
    [Desistindo do ID 1872] Excedeu tentativas.
 -> Fatiando parágrafo longo (ID: 1875) via IA...
    [Limite de Requisições]. Aguardando 15 segundos (Tentativa 1/5)...
    [Limite de Requisições]. Aguardando 15 segundos (Tentativa 2/5)...
    [Limite de Requisições]. Aguardando 15 segundos (Tentativa 3/5)...
    [Limite de Requisições]. Aguardando 15 segundos (Tentativa 4/5)...
    [Limite de Requisições]. Aguardando 15 segundos (Tentativa 5/5)...
    [Desistindo do ID 1875] Excedeu tentativas.
 -> Fatiando parágrafo longo (ID: 1881) via IA...
    [Limite de Requisições]. Aguardando 15 segundos (Tentativa 1/5)...
    [Limite de Requisições]. Aguardando 15 segundos (Tentativa 2/5)...
    [Limite de Requisições]. Aguardando 15 segundos (Tentativa 3/5)...
    [Limite de Requisições]. Aguardando 15 segundos (Tentativa 4/5)...
    [Limite de Requisições]. Aguardando 15 segundos (Tentativa 5/5)...
    [Desistindo do ID 1881] Excedeu tentativas.
 -> Fatiando parágrafo longo (ID: 1882) via IA...
    [Limite de Requisições]. Aguardando 15 segundos (Tentativa 1/5)...
    [Limite de Requisições]. Aguardando 15 segundos (Tentativa 2/5)...
    [Limite de Requisições]. Aguardando 15 segundos (Tentativa 3/5)...
    [Limite de Requisições]. Aguardando 15 segundos (Tentativa 4/5)...
    [Limite de Requisições]. Aguardando 15 segundos (Tentativa 5/5)...
    [Desistindo do ID 1882] Excedeu tentativas.
 -> Fatiando parágrafo longo (ID: 1883) via IA...
    [Limite de Requisições]. Aguardando 15 segundos (Tentativa 1/5)...
    [Limite de Requisições]. Aguardando 15 segundos (Tentativa 2/5)...
    [Limite de Requisições]. Aguardando 15 segundos (Tentativa 3/5)...
    [Limite de Requisições]. Aguardando 15 segundos (Tentativa 4/5)...
    [Limite de Requisições]. Aguardando 15 segundos (Tentativa 5/5)...
    [Desistindo do ID 1883] Excedeu tentativas.
 -> Fatiando parágrafo longo (ID: 1884) via IA...
    [Limite de Requisições]. Aguardando 15 segundos (Tentativa 1/5)...
    [Limite de Requisições]. Aguardando 15 segundos (Tentativa 2/5)...
    [Limite de Requisições]. Aguardando 15 segundos (Tentativa 3/5)...
    [Limite de Requisições]. Aguardando 15 segundos (Tentativa 4/5)...
    [Limite de Requisições]. Aguardando 15 segundos (Tentativa 5/5)...
    [Desistindo do ID 1884] Excedeu tentativas.
 -> Fatiando parágrafo longo (ID: 1885) via IA...
    [Limite de Requisições]. Aguardando 15 segundos (Tentativa 1/5)...
    [Limite de Requisições]. Aguardando 15 segundos (Tentativa 2/5)...
    [Limite de Requisições]. Aguardando 15 segundos (Tentativa 3/5)...
    [Limite de Requisições]. Aguardando 15 segundos (Tentativa 4/5)...
    [Limite de Requisições]. Aguardando 15 segundos (Tentativa 5/5)...
    [Desistindo do ID 1885] Excedeu tentativas.
 -> Fatiando parágrafo longo (ID: 1886) via IA...
    [Limite de Requisições]. Aguardando 15 segundos (Tentativa 1/5)...
    [Limite de Requisições]. Aguardando 15 segundos (Tentativa 2/5)...
    [Limite de Requisições]. Aguardando 15 segundos (Tentativa 3/5)...
    [Limite de Requisições]. Aguardando 15 segundos (Tentativa 4/5)...
    [Limite de Requisições]. Aguardando 15 segundos (Tentativa 5/5)...
    [Desistindo do ID 1886] Excedeu tentativas.
 -> Fatiando parágrafo longo (ID: 1887) via IA...
    [Limite de Requisições]. Aguardando 15 segundos (Tentativa 1/5)...
    [Limite de Requisições]. Aguardando 15 segundos (Tentativa 2/5)...
    [Limite de Requisições]. Aguardando 15 segundos (Tentativa 3/5)...
    [Limite de Requisições]. Aguardando 15 segundos (Tentativa 4/5)...
    [Limite de Requisições]. Aguardando 15 segundos (Tentativa 5/5)...
    [Desistindo do ID 1887] Excedeu tentativas.
 -> Fatiando parágrafo longo (ID: 1888) via IA...
    [Limite de Requisições]. Aguardando 15 segundos (Tentativa 1/5)...
    [Limite de Requisições]. Aguardando 15 segundos (Tentativa 2/5)...
    [Limite de Requisições]. Aguardando 15 segundos (Tentativa 3/5)...
    [Limite de Requisições]. Aguardando 15 segundos (Tentativa 4/5)...
    [Limite de Requisições]. Aguardando 15 segundos (Tentativa 5/5)...
    [Desistindo do ID 1888] Excedeu tentativas.
 -> Fatiando parágrafo longo (ID: 1889) via IA...
    [Limite de Requisições]. Aguardando 15 segundos (Tentativa 1/5)...
    [Limite de Requisições]. Aguardando 15 segundos (Tentativa 2/5)...
    [Limite de Requisições]. Aguardando 15 segundos (Tentativa 3/5)...
    [Limite de Requisições]. Aguardando 15 segundos (Tentativa 4/5)...
    [Limite de Requisições]. Aguardando 15 segundos (Tentativa 5/5)...
    [Desistindo do ID 1889] Excedeu tentativas.
 -> Fatiando parágrafo longo (ID: 1890) via IA...
    [Limite de Requisições]. Aguardando 15 segundos (Tentativa 1/5)...
    [Limite de Requisições]. Aguardando 15 segundos (Tentativa 2/5)...
    [Limite de Requisições]. Aguardando 15 segundos (Tentativa 3/5)...
    [Limite de Requisições]. Aguardando 15 segundos (Tentativa 4/5)...
    [Limite de Requisições]. Aguardando 15 segundos (Tentativa 5/5)...
    [Desistindo do ID 1890] Excedeu tentativas.
 -> Fatiando parágrafo longo (ID: 1918) via IA...
    [Limite de Requisições]. Aguardando 15 segundos (Tentativa 1/5)...
    [Limite de Requisições]. Aguardando 15 segundos (Tentativa 2/5)...
    [Limite de Requisições]. Aguardando 15 segundos (Tentativa 3/5)...
    [Limite de Requisições]. Aguardando 15 segundos (Tentativa 4/5)...
    [Limite de Requisições]. Aguardando 15 segundos (Tentativa 5/5)...
    [Desistindo do ID 1918] Excedeu tentativas.
 -> Fatiando parágrafo longo (ID: 1919) via IA...
    [Limite de Requisições]. Aguardando 15 segundos (Tentativa 1/5)...
    [Limite de Requisições]. Aguardando 15 segundos (Tentativa 2/5)...
    [Limite de Requisições]. Aguardando 15 segundos (Tentativa 3/5)...
    [Limite de Requisições]. Aguardando 15 segundos (Tentativa 4/5)...
    [Limite de Requisições]. Aguardando 15 segundos (Tentativa 5/5)...
    [Desistindo do ID 1919] Excedeu tentativas.
 -> Fatiando parágrafo longo (ID: 1920) via IA...
    [Limite de Requisições]. Aguardando 15 segundos (Tentativa 1/5)...
    [Limite de Requisições]. Aguardando 15 segundos (Tentativa 2/5)...
    [Limite de Requisições]. Aguardando 15 segundos (Tentativa 3/5)...
    [Limite de Requisições]. Aguardando 15 segundos (Tentativa 4/5)...
    [Limite de Requisições]. Aguardando 15 segundos (Tentativa 5/5)...
    [Desistindo do ID 1920] Excedeu tentativas.
 -> Fatiando parágrafo longo (ID: 1921) via IA...
    [Limite de Requisições]. Aguardando 15 segundos (Tentativa 1/5)...
    [Limite de Requisições]. Aguardando 15 segundos (Tentativa 2/5)...
    [Limite de Requisições]. Aguardando 15 segundos (Tentativa 3/5)...
    [Limite de Requisições]. Aguardando 15 segundos (Tentativa 4/5)...
    [Limite de Requisições]. Aguardando 15 segundos (Tentativa 5/5)...
    [Desistindo do ID 1921] Excedeu tentativas.
 -> Fatiando parágrafo longo (ID: 1922) via IA...
    [Limite de Requisições]. Aguardando 15 segundos (Tentativa 1/5)...
    [Limite de Requisições]. Aguardando 15 segundos (Tentativa 2/5)...
    [Limite de Requisições]. Aguardando 15 segundos (Tentativa 3/5)...
    [Limite de Requisições]. Aguardando 15 segundos (Tentativa 4/5)...
    [Limite de Requisições]. Aguardando 15 segundos (Tentativa 5/5)...
    [Desistindo do ID 1922] Excedeu tentativas.
 -> Fatiando parágrafo longo (ID: 1923) via IA...
    [Limite de Requisições]. Aguardando 15 segundos (Tentativa 1/5)...
    [Limite de Requisições]. Aguardando 15 segundos (Tentativa 2/5)...
    [Limite de Requisições]. Aguardando 15 segundos (Tentativa 3/5)...
    [Limite de Requisições]. Aguardando 15 segundos (Tentativa 4/5)...
    [Limite de Requisições]. Aguardando 15 segundos (Tentativa 5/5)...
    [Desistindo do ID 1923] Excedeu tentativas.
 -> Fatiando parágrafo longo (ID: 1924) via IA...
    [Limite de Requisições]. Aguardando 15 segundos (Tentativa 1/5)...
    [Limite de Requisições]. Aguardando 15 segundos (Tentativa 2/5)...
    [Limite de Requisições]. Aguardando 15 segundos (Tentativa 3/5)...
    [Limite de Requisições]. Aguardando 15 segundos (Tentativa 4/5)...
    [Limite de Requisições]. Aguardando 15 segundos (Tentativa 5/5)...
    [Desistindo do ID 1924] Excedeu tentativas.
 -> Fatiando parágrafo longo (ID: 1925) via IA...
    [Limite de Requisições]. Aguardando 15 segundos (Tentativa 1/5)...
    [Limite de Requisições]. Aguardando 15 segundos (Tentativa 2/5)...
    [Limite de Requisições]. Aguardando 15 segundos (Tentativa 3/5)...
    [Limite de Requisições]. Aguardando 15 segundos (Tentativa 4/5)...
    [Limite de Requisições]. Aguardando 15 segundos (Tentativa 5/5)...
    [Desistindo do ID 1925] Excedeu tentativas.
 -> Fatiando parágrafo longo (ID: 1926) via IA...
    [Limite de Requisições]. Aguardando 15 segundos (Tentativa 1/5)...
    [Limite de Requisições]. Aguardando 15 segundos (Tentativa 2/5)...
    [Limite de Requisições]. Aguardando 15 segundos (Tentativa 3/5)...
    [Limite de Requisições]. Aguardando 15 segundos (Tentativa 4/5)...
    [Limite de Requisições]. Aguardando 15 segundos (Tentativa 5/5)...
    [Desistindo do ID 1926] Excedeu tentativas.
 -> Fatiando parágrafo longo (ID: 1927) via IA...
    [Limite de Requisições]. Aguardando 15 segundos (Tentativa 1/5)...
    [Limite de Requisições]. Aguardando 15 segundos (Tentativa 2/5)...
    [Limite de Requisições]. Aguardando 15 segundos (Tentativa 3/5)...
    [Limite de Requisições]. Aguardando 15 segundos (Tentativa 4/5)...
    [Limite de Requisições]. Aguardando 15 segundos (Tentativa 5/5)...
    [Desistindo do ID 1927] Excedeu tentativas.
 -> Fatiando parágrafo longo (ID: 1928) via IA...
    [Limite de Requisições]. Aguardando 15 segundos (Tentativa 1/5)...
    [Limite de Requisições]. Aguardando 15 segundos (Tentativa 2/5)...
    [Limite de Requisições]. Aguardando 15 segundos (Tentativa 3/5)...
    [Limite de Requisições]. Aguardando 15 segundos (Tentativa 4/5)...
    [Limite de Requisições]. Aguardando 15 segundos (Tentativa 5/5)...
    [Desistindo do ID 1928] Excedeu tentativas.
 -> Fatiando parágrafo longo (ID: 1929) via IA...
    [Limite de Requisições]. Aguardando 15 segundos (Tentativa 1/5)...
    [Limite de Requisições]. Aguardando 15 segundos (Tentativa 2/5)...
    [Limite de Requisições]. Aguardando 15 segundos (Tentativa 3/5)...
    [Limite de Requisições]. Aguardando 15 segundos (Tentativa 4/5)...
    [Limite de Requisições]. Aguardando 15 segundos (Tentativa 5/5)...
    [Desistindo do ID 1929] Excedeu tentativas.
 -> Fatiando parágrafo longo (ID: 1930) via IA...
    [Limite de Requisições]. Aguardando 15 segundos (Tentativa 1/5)...
    [Limite de Requisições]. Aguardando 15 segundos (Tentativa 2/5)...
    [Limite de Requisições]. Aguardando 15 segundos (Tentativa 3/5)...
    [Limite de Requisições]. Aguardando 15 segundos (Tentativa 4/5)...
    [Limite de Requisições]. Aguardando 15 segundos (Tentativa 5/5)...
    [Desistindo do ID 1930] Excedeu tentativas.
 -> Fatiando parágrafo longo (ID: 1931) via IA...
    [Limite de Requisições]. Aguardando 15 segundos (Tentativa 1/5)...
    [Limite de Requisições]. Aguardando 15 segundos (Tentativa 2/5)...
    [Limite de Requisições]. Aguardando 15 segundos (Tentativa 3/5)...
    [Limite de Requisições]. Aguardando 15 segundos (Tentativa 4/5)...
    [Limite de Requisições]. Aguardando 15 segundos (Tentativa 5/5)...
    [Desistindo do ID 1931] Excedeu tentativas.
 -> Fatiando parágrafo longo (ID: 1932) via IA...
    [Limite de Requisições]. Aguardando 15 segundos (Tentativa 1/5)...
    [Limite de Requisições]. Aguardando 15 segundos (Tentativa 2/5)...
    [Limite de Requisições]. Aguardando 15 segundos (Tentativa 3/5)...
    [Limite de Requisições]. Aguardando 15 segundos (Tentativa 4/5)...
    [Limite de Requisições]. Aguardando 15 segundos (Tentativa 5/5)...
    [Desistindo do ID 1932] Excedeu tentativas.
 -> Fatiando parágrafo longo (ID: 1933) via IA...
    [Limite de Requisições]. Aguardando 15 segundos (Tentativa 1/5)...
    [Limite de Requisições]. Aguardando 15 segundos (Tentativa 2/5)...
    [Limite de Requisições]. Aguardando 15 segundos (Tentativa 3/5)...
    [Limite de Requisições]. Aguardando 15 segundos (Tentativa 4/5)...
    [Limite de Requisições]. Aguardando 15 segundos (Tentativa 5/5)...
    [Desistindo do ID 1933] Excedeu tentativas.
 -> Fatiando parágrafo longo (ID: 1934) via IA...
    [Limite de Requisições]. Aguardando 15 segundos (Tentativa 1/5)...
    [Limite de Requisições]. Aguardando 15 segundos (Tentativa 2/5)...
    [Limite de Requisições]. Aguardando 15 segundos (Tentativa 3/5)...
    [Limite de Requisições]. Aguardando 15 segundos (Tentativa 4/5)...
    [Limite de Requisições]. Aguardando 15 segundos (Tentativa 5/5)...
    [Desistindo do ID 1934] Excedeu tentativas.
 -> Fatiando parágrafo longo (ID: 1935) via IA...
    [Limite de Requisições]. Aguardando 15 segundos (Tentativa 1/5)...
    [Limite de Requisições]. Aguardando 15 segundos (Tentativa 2/5)...
    [Limite de Requisições]. Aguardando 15 segundos (Tentativa 3/5)...
    [Limite de Requisições]. Aguardando 15 segundos (Tentativa 4/5)...
    [Limite de Requisições]. Aguardando 15 segundos (Tentativa 5/5)...
    [Desistindo do ID 1935] Excedeu tentativas.
 -> Fatiando parágrafo longo (ID: 1936) via IA...
    [Limite de Requisições]. Aguardando 15 segundos (Tentativa 1/5)...
    [Limite de Requisições]. Aguardando 15 segundos (Tentativa 2/5)...
    [Limite de Requisições]. Aguardando 15 segundos (Tentativa 3/5)...
    [Limite de Requisições]. Aguardando 15 segundos (Tentativa 4/5)...
    [Limite de Requisições]. Aguardando 15 segundos (Tentativa 5/5)...
    [Desistindo do ID 1936] Excedeu tentativas.
 -> Fatiando parágrafo longo (ID: 1940) via IA...
    [Limite de Requisições]. Aguardando 15 segundos (Tentativa 1/5)...
    [Limite de Requisições]. Aguardando 15 segundos (Tentativa 2/5)...
    [Limite de Requisições]. Aguardando 15 segundos (Tentativa 3/5)...
    [Limite de Requisições]. Aguardando 15 segundos (Tentativa 4/5)...
    [Limite de Requisições]. Aguardando 15 segundos (Tentativa 5/5)...
    [Desistindo do ID 1940] Excedeu tentativas.
 -> Fatiando parágrafo longo (ID: 1941) via IA...
    [Limite de Requisições]. Aguardando 15 segundos (Tentativa 1/5)...
    [Limite de Requisições]. Aguardando 15 segundos (Tentativa 2/5)...
    [Limite de Requisições]. Aguardando 15 segundos (Tentativa 3/5)...
    [Limite de Requisições]. Aguardando 15 segundos (Tentativa 4/5)...
    [Limite de Requisições]. Aguardando 15 segundos (Tentativa 5/5)...
    [Desistindo do ID 1941] Excedeu tentativas.
 -> Fatiando parágrafo longo (ID: 1942) via IA...
    [Limite de Requisições]. Aguardando 15 segundos (Tentativa 1/5)...
    [Limite de Requisições]. Aguardando 15 segundos (Tentativa 2/5)...
    [Limite de Requisições]. Aguardando 15 segundos (Tentativa 3/5)...
    [Limite de Requisições]. Aguardando 15 segundos (Tentativa 4/5)...
    [Limite de Requisições]. Aguardando 15 segundos (Tentativa 5/5)...
    [Desistindo do ID 1942] Excedeu tentativas.
 -> Fatiando parágrafo longo (ID: 1943) via IA...
    [Limite de Requisições]. Aguardando 15 segundos (Tentativa 1/5)...
    [Limite de Requisições]. Aguardando 15 segundos (Tentativa 2/5)...
    [Limite de Requisições]. Aguardando 15 segundos (Tentativa 3/5)...
    [Limite de Requisições]. Aguardando 15 segundos (Tentativa 4/5)...
    [Limite de Requisições]. Aguardando 15 segundos (Tentativa 5/5)...
    [Desistindo do ID 1943] Excedeu tentativas.
 -> Fatiando parágrafo longo (ID: 1944) via IA...
    [Limite de Requisições]. Aguardando 15 segundos (Tentativa 1/5)...
    [Limite de Requisições]. Aguardando 15 segundos (Tentativa 2/5)...
    [Limite de Requisições]. Aguardando 15 segundos (Tentativa 3/5)...
    [Limite de Requisições]. Aguardando 15 segundos (Tentativa 4/5)...
    [Limite de Requisições]. Aguardando 15 segundos (Tentativa 5/5)...
    [Desistindo do ID 1944] Excedeu tentativas.
 -> Fatiando parágrafo longo (ID: 1945) via IA...
    [Limite de Requisições]. Aguardando 15 segundos (Tentativa 1/5)...
    [Limite de Requisições]. Aguardando 15 segundos (Tentativa 2/5)...
    [Limite de Requisições]. Aguardando 15 segundos (Tentativa 3/5)...
    [Limite de Requisições]. Aguardando 15 segundos (Tentativa 4/5)...
    [Limite de Requisições]. Aguardando 15 segundos (Tentativa 5/5)...
    [Desistindo do ID 1945] Excedeu tentativas.
 -> Fatiando parágrafo longo (ID: 1946) via IA...
    [Limite de Requisições]. Aguardando 15 segundos (Tentativa 1/5)...
    [Limite de Requisições]. Aguardando 15 segundos (Tentativa 2/5)...
    [Limite de Requisições]. Aguardando 15 segundos (Tentativa 3/5)...
    [Limite de Requisições]. Aguardando 15 segundos (Tentativa 4/5)...
    [Limite de Requisições]. Aguardando 15 segundos (Tentativa 5/5)...
    [Desistindo do ID 1946] Excedeu tentativas.
 -> Fatiando parágrafo longo (ID: 1947) via IA...
    [Limite de Requisições]. Aguardando 15 segundos (Tentativa 1/5)...
    [Limite de Requisições]. Aguardando 15 segundos (Tentativa 2/5)...
    [Limite de Requisições]. Aguardando 15 segundos (Tentativa 3/5)...
    [Limite de Requisições]. Aguardando 15 segundos (Tentativa 4/5)...
    [Limite de Requisições]. Aguardando 15 segundos (Tentativa 5/5)...
    [Desistindo do ID 1947] Excedeu tentativas.
 -> Fatiando parágrafo longo (ID: 1948) via IA...
    [Limite de Requisições]. Aguardando 15 segundos (Tentativa 1/5)...
    [Limite de Requisições]. Aguardando 15 segundos (Tentativa 2/5)...
    [Limite de Requisições]. Aguardando 15 segundos (Tentativa 3/5)...
    [Limite de Requisições]. Aguardando 15 segundos (Tentativa 4/5)...
    [Limite de Requisições]. Aguardando 15 segundos (Tentativa 5/5)...
    [Desistindo do ID 1948] Excedeu tentativas.
 -> Fatiando parágrafo longo (ID: 1949) via IA...
    [Limite de Requisições]. Aguardando 15 segundos (Tentativa 1/5)...
    [Limite de Requisições]. Aguardando 15 segundos (Tentativa 2/5)...
    [Limite de Requisições]. Aguardando 15 segundos (Tentativa 3/5)...
    [Limite de Requisições]. Aguardando 15 segundos (Tentativa 4/5)...
    [Limite de Requisições]. Aguardando 15 segundos (Tentativa 5/5)...
    [Desistindo do ID 1949] Excedeu tentativas.
 -> Fatiando parágrafo longo (ID: 1950) via IA...
    [Limite de Requisições]. Aguardando 15 segundos (Tentativa 1/5)...
    [Limite de Requisições]. Aguardando 15 segundos (Tentativa 2/5)...
    [Limite de Requisições]. Aguardando 15 segundos (Tentativa 3/5)...
    [Limite de Requisições]. Aguardando 15 segundos (Tentativa 4/5)...
    [Limite de Requisições]. Aguardando 15 segundos (Tentativa 5/5)...
    [Desistindo do ID 1950] Excedeu tentativas.
 -> Fatiando parágrafo longo (ID: 1951) via IA...
    [Limite de Requisições]. Aguardando 15 segundos (Tentativa 1/5)...
    [Limite de Requisições]. Aguardando 15 segundos (Tentativa 2/5)...
    [Limite de Requisições]. Aguardando 15 segundos (Tentativa 3/5)...
    [Limite de Requisições]. Aguardando 15 segundos (Tentativa 4/5)...
    [Limite de Requisições]. Aguardando 15 segundos (Tentativa 5/5)...
    [Desistindo do ID 1951] Excedeu tentativas.
 -> Fatiando parágrafo longo (ID: 1952) via IA...
    [Limite de Requisições]. Aguardando 15 segundos (Tentativa 1/5)...
    [Limite de Requisições]. Aguardando 15 segundos (Tentativa 2/5)...
    [Limite de Requisições]. Aguardando 15 segundos (Tentativa 3/5)...
    [Limite de Requisições]. Aguardando 15 segundos (Tentativa 4/5)...
    [Limite de Requisições]. Aguardando 15 segundos (Tentativa 5/5)...
    [Desistindo do ID 1952] Excedeu tentativas.
 -> Fatiando parágrafo longo (ID: 1953) via IA...
    [Limite de Requisições]. Aguardando 15 segundos (Tentativa 1/5)...
    [Limite de Requisições]. Aguardando 15 segundos (Tentativa 2/5)...
    [Limite de Requisições]. Aguardando 15 segundos (Tentativa 3/5)...
    [Limite de Requisições]. Aguardando 15 segundos (Tentativa 4/5)...
    [Limite de Requisições]. Aguardando 15 segundos (Tentativa 5/5)...
    [Desistindo do ID 1953] Excedeu tentativas.
 -> Fatiando parágrafo longo (ID: 1954) via IA...
    [Limite de Requisições]. Aguardando 15 segundos (Tentativa 1/5)...
    [Limite de Requisições]. Aguardando 15 segundos (Tentativa 2/5)...
    [Limite de Requisições]. Aguardando 15 segundos (Tentativa 3/5)...
    [Limite de Requisições]. Aguardando 15 segundos (Tentativa 4/5)...
    [Limite de Requisições]. Aguardando 15 segundos (Tentativa 5/5)...
    [Desistindo do ID 1954] Excedeu tentativas.
 -> Fatiando parágrafo longo (ID: 1955) via IA...
    [Limite de Requisições]. Aguardando 15 segundos (Tentativa 1/5)...
    [Limite de Requisições]. Aguardando 15 segundos (Tentativa 2/5)...
    [Limite de Requisições]. Aguardando 15 segundos (Tentativa 3/5)...
    [Limite de Requisições]. Aguardando 15 segundos (Tentativa 4/5)...
    [Limite de Requisições]. Aguardando 15 segundos (Tentativa 5/5)...
    [Desistindo do ID 1955] Excedeu tentativas.
 -> Fatiando parágrafo longo (ID: 1956) via IA...
    [Limite de Requisições]. Aguardando 15 segundos (Tentativa 1/5)...
    [Limite de Requisições]. Aguardando 15 segundos (Tentativa 2/5)...
    [Limite de Requisições]. Aguardando 15 segundos (Tentativa 3/5)...
    [Limite de Requisições]. Aguardando 15 segundos (Tentativa 4/5)...
    [Limite de Requisições]. Aguardando 15 segundos (Tentativa 5/5)...
    [Desistindo do ID 1956] Excedeu tentativas.
 -> Fatiando parágrafo longo (ID: 1957) via IA...
    [Limite de Requisições]. Aguardando 15 segundos (Tentativa 1/5)...
    [Limite de Requisições]. Aguardando 15 segundos (Tentativa 2/5)...
    [Limite de Requisições]. Aguardando 15 segundos (Tentativa 3/5)...
    [Limite de Requisições]. Aguardando 15 segundos (Tentativa 4/5)...
    [Limite de Requisições]. Aguardando 15 segundos (Tentativa 5/5)...
    [Desistindo do ID 1957] Excedeu tentativas.
 -> Fatiando parágrafo longo (ID: 1958.4) via IA...
    [Limite de Requisições]. Aguardando 15 segundos (Tentativa 1/5)...
    [Limite de Requisições]. Aguardando 15 segundos (Tentativa 2/5)...
    [Limite de Requisições]. Aguardando 15 segundos (Tentativa 3/5)...
    [Limite de Requisições]. Aguardando 15 segundos (Tentativa 4/5)...
    [Limite de Requisições]. Aguardando 15 segundos (Tentativa 5/5)...
    [Desistindo do ID 1958.4] Excedeu tentativas.
 -> Fatiando parágrafo longo (ID: 1958.6) via IA...
    [Limite de Requisições]. Aguardando 15 segundos (Tentativa 1/5)...
    [Limite de Requisições]. Aguardando 15 segundos (Tentativa 2/5)...
    [Limite de Requisições]. Aguardando 15 segundos (Tentativa 3/5)...
    [Limite de Requisições]. Aguardando 15 segundos (Tentativa 4/5)...
    [Limite de Requisições]. Aguardando 15 segundos (Tentativa 5/5)...
    [Desistindo do ID 1958.6] Excedeu tentativas.
 -> Fatiando parágrafo longo (ID: 1959) via IA...
    [Limite de Requisições]. Aguardando 15 segundos (Tentativa 1/5)...
    [Limite de Requisições]. Aguardando 15 segundos (Tentativa 2/5)...
    [Limite de Requisições]. Aguardando 15 segundos (Tentativa 3/5)...
    [Limite de Requisições]. Aguardando 15 segundos (Tentativa 4/5)...
    [Limite de Requisições]. Aguardando 15 segundos (Tentativa 5/5)...
    [Desistindo do ID 1959] Excedeu tentativas.
 -> Fatiando parágrafo longo (ID: 1960) via IA...
    [Limite de Requisições]. Aguardando 15 segundos (Tentativa 1/5)...
    [Limite de Requisições]. Aguardando 15 segundos (Tentativa 2/5)...
    [Limite de Requisições]. Aguardando 15 segundos (Tentativa 3/5)...
    [Limite de Requisições]. Aguardando 15 segundos (Tentativa 4/5)...
    [Limite de Requisições]. Aguardando 15 segundos (Tentativa 5/5)...
    [Desistindo do ID 1960] Excedeu tentativas.
 -> Fatiando parágrafo longo (ID: 1961) via IA...
    [Limite de Requisições]. Aguardando 15 segundos (Tentativa 1/5)...
    [Limite de Requisições]. Aguardando 15 segundos (Tentativa 2/5)...
    [Limite de Requisições]. Aguardando 15 segundos (Tentativa 3/5)...
    [Limite de Requisições]. Aguardando 15 segundos (Tentativa 4/5)...
    [Limite de Requisições]. Aguardando 15 segundos (Tentativa 5/5)...
    [Desistindo do ID 1961] Excedeu tentativas.
 -> Fatiando parágrafo longo (ID: 1962.1) via IA...
    [Limite de Requisições]. Aguardando 15 segundos (Tentativa 1/5)...
    [Limite de Requisições]. Aguardando 15 segundos (Tentativa 2/5)...
    [Limite de Requisições]. Aguardando 15 segundos (Tentativa 3/5)...
    [Limite de Requisições]. Aguardando 15 segundos (Tentativa 4/5)...
    [Limite de Requisições]. Aguardando 15 segundos (Tentativa 5/5)...
    [Desistindo do ID 1962.1] Excedeu tentativas.
 -> Fatiando parágrafo longo (ID: 1963) via IA...
    [Limite de Requisições]. Aguardando 15 segundos (Tentativa 1/5)...
    [Limite de Requisições]. Aguardando 15 segundos (Tentativa 2/5)...
    [Limite de Requisições]. Aguardando 15 segundos (Tentativa 3/5)...
    [Limite de Requisições]. Aguardando 15 segundos (Tentativa 4/5)...
    [Limite de Requisições]. Aguardando 15 segundos (Tentativa 5/5)...
    [Desistindo do ID 1963] Excedeu tentativas.
 -> Fatiando parágrafo longo (ID: 1964) via IA...
    [Limite de Requisições]. Aguardando 15 segundos (Tentativa 1/5)...
    [Limite de Requisições]. Aguardando 15 segundos (Tentativa 2/5)...
    [Limite de Requisições]. Aguardando 15 segundos (Tentativa 3/5)...
    [Limite de Requisições]. Aguardando 15 segundos (Tentativa 4/5)...
    [Limite de Requisições]. Aguardando 15 segundos (Tentativa 5/5)...
    [Desistindo do ID 1964] Excedeu tentativas.
 -> Fatiando parágrafo longo (ID: 1965.2) via IA...
    [Limite de Requisições]. Aguardando 15 segundos (Tentativa 1/5)...
    [Limite de Requisições]. Aguardando 15 segundos (Tentativa 2/5)...
    [Limite de Requisições]. Aguardando 15 segundos (Tentativa 3/5)...
    [Limite de Requisições]. Aguardando 15 segundos (Tentativa 4/5)...
    [Limite de Requisições]. Aguardando 15 segundos (Tentativa 5/5)...
    [Desistindo do ID 1965.2] Excedeu tentativas.
 -> Fatiando parágrafo longo (ID: 1966) via IA...
    [Limite de Requisições]. Aguardando 15 segundos (Tentativa 1/5)...
    [Limite de Requisições]. Aguardando 15 segundos (Tentativa 2/5)...
    [Limite de Requisições]. Aguardando 15 segundos (Tentativa 3/5)...
    [Limite de Requisições]. Aguardando 15 segundos (Tentativa 4/5)...
    [Limite de Requisições]. Aguardando 15 segundos (Tentativa 5/5)...
    [Desistindo do ID 1966] Excedeu tentativas.
 -> Fatiando parágrafo longo (ID: 1967) via IA...
    [Limite de Requisições]. Aguardando 15 segundos (Tentativa 1/5)...
    [Limite de Requisições]. Aguardando 15 segundos (Tentativa 2/5)...
    [Limite de Requisições]. Aguardando 15 segundos (Tentativa 3/5)...
    [Limite de Requisições]. Aguardando 15 segundos (Tentativa 4/5)...
    [Limite de Requisições]. Aguardando 15 segundos (Tentativa 5/5)...
    [Desistindo do ID 1967] Excedeu tentativas.
 -> Fatiando parágrafo longo (ID: 1968) via IA...
    [Limite de Requisições]. Aguardando 15 segundos (Tentativa 1/5)...
    [Limite de Requisições]. Aguardando 15 segundos (Tentativa 2/5)...
    [Limite de Requisições]. Aguardando 15 segundos (Tentativa 3/5)...
    [Limite de Requisições]. Aguardando 15 segundos (Tentativa 4/5)...
    [Limite de Requisições]. Aguardando 15 segundos (Tentativa 5/5)...
    [Desistindo do ID 1968] Excedeu tentativas.
 -> Fatiando parágrafo longo (ID: 1969) via IA...
    [Limite de Requisições]. Aguardando 15 segundos (Tentativa 1/5)...
    [Limite de Requisições]. Aguardando 15 segundos (Tentativa 2/5)...
    [Limite de Requisições]. Aguardando 15 segundos (Tentativa 3/5)...
    [Limite de Requisições]. Aguardando 15 segundos (Tentativa 4/5)...
    [Limite de Requisições]. Aguardando 15 segundos (Tentativa 5/5)...
    [Desistindo do ID 1969] Excedeu tentativas.
 -> Fatiando parágrafo longo (ID: 1970) via IA...
    [Limite de Requisições]. Aguardando 15 segundos (Tentativa 1/5)...
    [Limite de Requisições]. Aguardando 15 segundos (Tentativa 2/5)...
    [Limite de Requisições]. Aguardando 15 segundos (Tentativa 3/5)...
    [Limite de Requisições]. Aguardando 15 segundos (Tentativa 4/5)...
    [Limite de Requisições]. Aguardando 15 segundos (Tentativa 5/5)...
    [Desistindo do ID 1970] Excedeu tentativas.
 -> Fatiando parágrafo longo (ID: 1971) via IA...
    [Limite de Requisições]. Aguardando 15 segundos (Tentativa 1/5)...
    [Limite de Requisições]. Aguardando 15 segundos (Tentativa 2/5)...
os (Tentativa 1/5)...
    [Limite de Requisições]. Aguardando 15 segundos (Tentativa 2/5)...
    [Limite de Requisições]. Aguardando 15 segundos (Tentativa 3/5)...
    [Limite de Requisições]. Aguardando 15 segundos (Tentativa 4/5)...
    [Limite de Requisições]. Aguardando 15 segundos (Tentativa 5/5)...
    [Desistindo do ID 1983] Excedeu tentativas.
 -> Fatiando parágrafo longo (ID: 1984) via IA...
    [Limite de Requisições]. Aguardando 15 segundos (Tentativa 1/5)...
    [Limite de Requisições]. Aguardando 15 segundos (Tentativa 2/5)...
    [Limite de Requisições]. Aguardando 15 segundos (Tentativa 3/5)...
    [Limite de Requisições]. Aguardando 15 segundos (Tentativa 4/5)...
    [Limite de Requisições]. Aguardando 15 segundos (Tentativa 5/5)...
    [Desistindo do ID 1984] Excedeu tentativas.
 -> Fatiando parágrafo longo (ID: 1985) via IA...
    [Limite de Requisições]. Aguardando 15 segundos (Tentativa 1/5)...
    [Limite de Requisições]. Aguardando 15 segundos (Tentativa 2/5)...
    [Limite de Requisições]. Aguardando 15 segundos (Tentativa 3/5)...
    [Limite de Requisições]. Aguardando 15 segundos (Tentativa 4/5)...
    [Limite de Requisições]. Aguardando 15 segundos (Tentativa 5/5)...
    [Desistindo do ID 1985] Excedeu tentativas.
 -> Fatiando parágrafo longo (ID: 1986) via IA...
    [Limite de Requisições]. Aguardando 15 segundos (Tentativa 1/5)...
    [Limite de Requisições]. Aguardando 15 segundos (Tentativa 2/5)...
    [Limite de Requisições]. Aguardando 15 segundos (Tentativa 3/5)...
    [Limite de Requisições]. Aguardando 15 segundos (Tentativa 4/5)...
    [Limite de Requisições]. Aguardando 15 segundos (Tentativa 5/5)...
    [Desistindo do ID 1986] Excedeu tentativas.
 -> Fatiando parágrafo longo (ID: 1987) via IA...
    [Limite de Requisições]. Aguardando 15 segundos (Tentativa 1/5)...
    [Limite de Requisições]. Aguardando 15 segundos (Tentativa 2/5)...
    [Limite de Requisições]. Aguardando 15 segundos (Tentativa 3/5)...
    [Limite de Requisições]. Aguardando 15 segundos (Tentativa 4/5)...
    [Limite de Requisições]. Aguardando 15 segundos (Tentativa 5/5)...
    [Desistindo do ID 1987] Excedeu tentativas.
 -> Fatiando parágrafo longo (ID: 1988) via IA...
    [Limite de Requisições]. Aguardando 15 segundos (Tentativa 1/5)...
    [Limite de Requisições]. Aguardando 15 segundos (Tentativa 2/5)...
    [Limite de Requisições]. Aguardando 15 segundos (Tentativa 3/5)...
    [Limite de Requisições]. Aguardando 15 segundos (Tentativa 4/5)...
    [Limite de Requisições]. Aguardando 15 segundos (Tentativa 5/5)...
    [Desistindo do ID 1988] Excedeu tentativas.
 -> Fatiando parágrafo longo (ID: 1989) via IA...
    [Limite de Requisições]. Aguardando 15 segundos (Tentativa 1/5)...
    [Limite de Requisições]. Aguardando 15 segundos (Tentativa 2/5)...
    [Limite de Requisições]. Aguardando 15 segundos (Tentativa 3/5)...
    [Limite de Requisições]. Aguardando 15 segundos (Tentativa 4/5)...
    [Limite de Requisições]. Aguardando 15 segundos (Tentativa 5/5)...
    [Desistindo do ID 1989] Excedeu tentativas.
 -> Fatiando parágrafo longo (ID: 1990) via IA...
    [Limite de Requisições]. Aguardando 15 segundos (Tentativa 1/5)...
    [Limite de Requisições]. Aguardando 15 segundos (Tentativa 2/5)...
    [Limite de Requisições]. Aguardando 15 segundos (Tentativa 3/5)...
    [Limite de Requisições]. Aguardando 15 segundos (Tentativa 4/5)...
    [Limite de Requisições]. Aguardando 15 segundos (Tentativa 5/5)...
    [Desistindo do ID 1990] Excedeu tentativas.
 -> Fatiando parágrafo longo (ID: 1991) via IA...
    [Limite de Requisições]. Aguardando 15 segundos (Tentativa 1/5)...
    [Limite de Requisições]. Aguardando 15 segundos (Tentativa 2/5)...
    [Limite de Requisições]. Aguardando 15 segundos (Tentativa 3/5)...
    [Limite de Requisições]. Aguardando 15 segundos (Tentativa 4/5)...
    [Limite de Requisições]. Aguardando 15 segundos (Tentativa 5/5)...
    [Desistindo do ID 1991] Excedeu tentativas.
 -> Fatiando parágrafo longo (ID: 1992) via IA...
    [Limite de Requisições]. Aguardando 15 segundos (Tentativa 1/5)...
    [Limite de Requisições]. Aguardando 15 segundos (Tentativa 2/5)...
    [Limite de Requisições]. Aguardando 15 segundos (Tentativa 3/5)...
    [Limite de Requisições]. Aguardando 15 segundos (Tentativa 4/5)...
    [Limite de Requisições]. Aguardando 15 segundos (Tentativa 5/5)...
    [Desistindo do ID 1992] Excedeu tentativas.
 -> Fatiando parágrafo longo (ID: 1994) via IA...
    [Limite de Requisições]. Aguardando 15 segundos (Tentativa 1/5)...
    [Limite de Requisições]. Aguardando 15 segundos (Tentativa 2/5)...
    [Erro Fatal no ID 1994]: 503 UNAVAILABLE. {'error': {'code': 503, 'message': 'This model is currently experiencing high demand. Spikes in demand are usually temporary. Please try again later.', 'status': 'UNAVAILABLE'}}
 -> Fatiando parágrafo longo (ID: 1995) via IA...
    [Limite de Requisições]. Aguardando 15 segundos (Tentativa 1/5)...
    [Limite de Requisições]. Aguardando 15 segundos (Tentativa 2/5)...
    [Limite de Requisições]. Aguardando 15 segundos (Tentativa 3/5)...
    [Limite de Requisições]. Aguardando 15 segundos (Tentativa 4/5)...
    [Limite de Requisições]. Aguardando 15 segundos (Tentativa 5/5)...
    [Desistindo do ID 1995] Excedeu tentativas.
 -> Fatiando parágrafo longo (ID: 1996) via IA...
    [Limite de Requisições]. Aguardando 15 segundos (Tentativa 1/5)...
    [Limite de Requisições]. Aguardando 15 segundos (Tentativa 2/5)...
    [Limite de Requisições]. Aguardando 15 segundos (Tentativa 3/5)...
    [Limite de Requisições]. Aguardando 15 segundos (Tentativa 4/5)...
    [Limite de Requisições]. Aguardando 15 segundos (Tentativa 5/5)...
    [Desistindo do ID 1996] Excedeu tentativas.
 -> Fatiando parágrafo longo (ID: 2002) via IA...
    [Limite de Requisições]. Aguardando 15 segundos (Tentativa 1/5)...
    [Limite de Requisições]. Aguardando 15 segundos (Tentativa 2/5)...
    [Limite de Requisições]. Aguardando 15 segundos (Tentativa 3/5)...
    [Limite de Requisições]. Aguardando 15 segundos (Tentativa 4/5)...
    [Limite de Requisições]. Aguardando 15 segundos (Tentativa 5/5)...
    [Desistindo do ID 2002] Excedeu tentativas.
 -> Fatiando parágrafo longo (ID: 2003) via IA...
    [Limite de Requisições]. Aguardando 15 segundos (Tentativa 1/5)...
    [Limite de Requisições]. Aguardando 15 segundos (Tentativa 2/5)...
    [Limite de Requisições]. Aguardando 15 segundos (Tentativa 3/5)...
    [Limite de Requisições]. Aguardando 15 segundos (Tentativa 4/5)...
    [Limite de Requisições]. Aguardando 15 segundos (Tentativa 5/5)...
    [Desistindo do ID 2003] Excedeu tentativas.
 -> Fatiando parágrafo longo (ID: 2004) via IA...
    [Limite de Requisições]. Aguardando 15 segundos (Tentativa 1/5)...
    [Limite de Requisições]. Aguardando 15 segundos (Tentativa 2/5)...
    [Limite de Requisições]. Aguardando 15 segundos (Tentativa 3/5)...
    [Limite de Requisições]. Aguardando 15 segundos (Tentativa 4/5)...
    [Limite de Requisições]. Aguardando 15 segundos (Tentativa 5/5)...
    [Desistindo do ID 2004] Excedeu tentativas.
 -> Fatiando parágrafo longo (ID: 2005) via IA...
    [Limite de Requisições]. Aguardando 15 segundos (Tentativa 1/5)...
    [Limite de Requisições]. Aguardando 15 segundos (Tentativa 2/5)...
    [Limite de Requisições]. Aguardando 15 segundos (Tentativa 3/5)...
    [Limite de Requisições]. Aguardando 15 segundos (Tentativa 4/5)...
    [Limite de Requisições]. Aguardando 15 segundos (Tentativa 5/5)...
    [Desistindo do ID 2005] Excedeu tentativas.
 -> Fatiando parágrafo longo (ID: 2006) via IA...
    [Limite de Requisições]. Aguardando 15 segundos (Tentativa 1/5)...
    [Limite de Requisições]. Aguardando 15 segundos (Tentativa 2/5)...
    [Limite de Requisições]. Aguardando 15 segundos (Tentativa 3/5)...
    [Limite de Requisições]. Aguardando 15 segundos (Tentativa 4/5)...
    [Limite de Requisições]. Aguardando 15 segundos (Tentativa 5/5)...
    [Desistindo do ID 2006] Excedeu tentativas.
 -> Fatiando parágrafo longo (ID: 2007) via IA...
    [Limite de Requisições]. Aguardando 15 segundos (Tentativa 1/5)...
    [Limite de Requisições]. Aguardando 15 segundos (Tentativa 2/5)...
    [Limite de Requisições]. Aguardando 15 segundos (Tentativa 3/5)...
    [Limite de Requisições]. Aguardando 15 segundos (Tentativa 4/5)...
    [Limite de Requisições]. Aguardando 15 segundos (Tentativa 5/5)...
    [Desistindo do ID 2007] Excedeu tentativas.
 -> Fatiando parágrafo longo (ID: 2008) via IA...
    [Limite de Requisições]. Aguardando 15 segundos (Tentativa 1/5)...
    [Limite de Requisições]. Aguardando 15 segundos (Tentativa 2/5)...
    [Limite de Requisições]. Aguardando 15 segundos (Tentativa 3/5)...
    [Limite de Requisições]. Aguardando 15 segundos (Tentativa 4/5)...
    [Limite de Requisições]. Aguardando 15 segundos (Tentativa 5/5)...
    [Desistindo do ID 2008] Excedeu tentativas.
 -> Fatiando parágrafo longo (ID: 2009) via IA...
    [Limite de Requisições]. Aguardando 15 segundos (Tentativa 1/5)...
    [Limite de Requisições]. Aguardando 15 segundos (Tentativa 2/5)...
    [Limite de Requisições]. Aguardando 15 segundos (Tentativa 3/5)...
    [Limite de Requisições]. Aguardando 15 segundos (Tentativa 4/5)...
    [Limite de Requisições]. Aguardando 15 segundos (Tentativa 5/5)...
    [Desistindo do ID 2009] Excedeu tentativas.
 -> Fatiando parágrafo longo (ID: 2010) via IA...
    [Limite de Requisições]. Aguardando 15 segundos (Tentativa 1/5)...
    [Limite de Requisições]. Aguardando 15 segundos (Tentativa 2/5)...
    [Limite de Requisições]. Aguardando 15 segundos (Tentativa 3/5)...
    [Limite de Requisições]. Aguardando 15 segundos (Tentativa 4/5)...
    [Limite de Requisições]. Aguardando 15 segundos (Tentativa 5/5)...
    [Desistindo do ID 2010] Excedeu tentativas.
 -> Fatiando parágrafo longo (ID: 2011) via IA...
    [Limite de Requisições]. Aguardando 15 segundos (Tentativa 1/5)...
    [Limite de Requisições]. Aguardando 15 segundos (Tentativa 2/5)...
    [Limite de Requisições]. Aguardando 15 segundos (Tentativa 3/5)...
    [Limite de Requisições]. Aguardando 15 segundos (Tentativa 4/5)...
    [Limite de Requisições]. Aguardando 15 segundos (Tentativa 5/5)...
    [Desistindo do ID 2011] Excedeu tentativas.
 -> Fatiando parágrafo longo (ID: 2012) via IA...
    [Limite de Requisições]. Aguardando 15 segundos (Tentativa 1/5)...
    [Limite de Requisições]. Aguardando 15 segundos (Tentativa 2/5)...
    [Limite de Requisições]. Aguardando 15 segundos (Tentativa 3/5)...
    [Limite de Requisições]. Aguardando 15 segundos (Tentativa 4/5)...
    [Limite de Requisições]. Aguardando 15 segundos (Tentativa 5/5)...
    [Desistindo do ID 2012] Excedeu tentativas.
 -> Fatiando parágrafo longo (ID: 2014) via IA...
    [Limite de Requisições]. Aguardando 15 segundos (Tentativa 1/5)...
    [Limite de Requisições]. Aguardando 15 segundos (Tentativa 2/5)...
    [Limite de Requisições]. Aguardando 15 segundos (Tentativa 3/5)...
    [Limite de Requisições]. Aguardando 15 segundos (Tentativa 4/5)...
    [Limite de Requisições]. Aguardando 15 segundos (Tentativa 5/5)...
    [Desistindo do ID 2014] Excedeu tentativas.
 -> Fatiando parágrafo longo (ID: 2015) via IA...
    [Limite de Requisições]. Aguardando 15 segundos (Tentativa 1/5)...
    [Limite de Requisições]. Aguardando 15 segundos (Tentativa 2/5)...
    [Limite de Requisições]. Aguardando 15 segundos (Tentativa 3/5)...
    [Limite de Requisições]. Aguardando 15 segundos (Tentativa 4/5)...
    [Limite de Requisições]. Aguardando 15 segundos (Tentativa 5/5)...
    [Desistindo do ID 2015] Excedeu tentativas.
 -> Fatiando parágrafo longo (ID: 2016) via IA...
    [Limite de Requisições]. Aguardando 15 segundos (Tentativa 1/5)...
    [Limite de Requisições]. Aguardando 15 segundos (Tentativa 2/5)...
    [Limite de Requisições]. Aguardando 15 segundos (Tentativa 3/5)...
    [Limite de Requisições]. Aguardando 15 segundos (Tentativa 4/5)...
    [Limite de Requisições]. Aguardando 15 segundos (Tentativa 5/5)...
    [Desistindo do ID 2016] Excedeu tentativas.
 -> Fatiando parágrafo longo (ID: 2018) via IA...
    [Limite de Requisições]. Aguardando 15 segundos (Tentativa 1/5)...
    [Limite de Requisições]. Aguardando 15 segundos (Tentativa 2/5)...
    [Limite de Requisições]. Aguardando 15 segundos (Tentativa 3/5)...
    [Limite de Requisições]. Aguardando 15 segundos (Tentativa 4/5)...
    [Limite de Requisições]. Aguardando 15 segundos (Tentativa 5/5)...
    [Desistindo do ID 2018] Excedeu tentativas.
 -> Fatiando parágrafo longo (ID: 2019) via IA...
    [Limite de Requisições]. Aguardando 15 segundos (Tentativa 1/5)...
    [Limite de Requisições]. Aguardando 15 segundos (Tentativa 2/5)...
    [Limite de Requisições]. Aguardando 15 segundos (Tentativa 3/5)...
    [Limite de Requisições]. Aguardando 15 segundos (Tentativa 4/5)...
    [Limite de Requisições]. Aguardando 15 segundos (Tentativa 5/5)...
    [Desistindo do ID 2019] Excedeu tentativas.
 -> Fatiando parágrafo longo (ID: 2020) via IA...
    [Limite de Requisições]. Aguardando 15 segundos (Tentativa 1/5)...
    [Limite de Requisições]. Aguardando 15 segundos (Tentativa 2/5)...
    [Limite de Requisições]. Aguardando 15 segundos (Tentativa 3/5)...
    [Limite de Requisições]. Aguardando 15 segundos (Tentativa 4/5)...
    [Limite de Requisições]. Aguardando 15 segundos (Tentativa 5/5)...
    [Desistindo do ID 2020] Excedeu tentativas.
 -> Fatiando parágrafo longo (ID: 2021) via IA...
    [Limite de Requisições]. Aguardando 15 segundos (Tentativa 1/5)...
    [Limite de Requisições]. Aguardando 15 segundos (Tentativa 2/5)...
    [Limite de Requisições]. Aguardando 15 segundos (Tentativa 3/5)...
    [Limite de Requisições]. Aguardando 15 segundos (Tentativa 4/5)...
    [Limite de Requisições]. Aguardando 15 segundos (Tentativa 5/5)...
    [Desistindo do ID 2021] Excedeu tentativas.
 -> Fatiando parágrafo longo (ID: 2022) via IA...
    [Limite de Requisições]. Aguardando 15 segundos (Tentativa 1/5)...
    [Limite de Requisições]. Aguardando 15 segundos (Tentativa 2/5)...
    [Limite de Requisições]. Aguardando 15 segundos (Tentativa 3/5)...
    [Limite de Requisições]. Aguardando 15 segundos (Tentativa 4/5)...
    [Limite de Requisições]. Aguardando 15 segundos (Tentativa 5/5)...
    [Desistindo do ID 2022] Excedeu tentativas.
 -> Fatiando parágrafo longo (ID: 2029) via IA...
    [Limite de Requisições]. Aguardando 15 segundos (Tentativa 1/5)...
    [Limite de Requisições]. Aguardando 15 segundos (Tentativa 2/5)...
    [Limite de Requisições]. Aguardando 15 segundos (Tentativa 3/5)...
    [Limite de Requisições]. Aguardando 15 segundos (Tentativa 4/5)...
    [Limite de Requisições]. Aguardando 15 segundos (Tentativa 5/5)...
    [Desistindo do ID 2029] Excedeu tentativas.
 -> Fatiando parágrafo longo (ID: 2030) via IA...
    [Limite de Requisições]. Aguardando 15 segundos (Tentativa 1/5)...
    [Limite de Requisições]. Aguardando 15 segundos (Tentativa 2/5)...
    [Limite de Requisições]. Aguardando 15 segundos (Tentativa 3/5)...
    [Limite de Requisições]. Aguardando 15 segundos (Tentativa 4/5)...
    [Limite de Requisições]. Aguardando 15 segundos (Tentativa 5/5)...
    [Desistindo do ID 2030] Excedeu tentativas.
 -> Fatiando parágrafo longo (ID: 2031) via IA...
    [Limite de Requisições]. Aguardando 15 segundos (Tentativa 1/5)...
    [Limite de Requisições]. Aguardando 15 segundos (Tentativa 2/5)...
    [Limite de Requisições]. Aguardando 15 segundos (Tentativa 3/5)...
    [Limite de Requisições]. Aguardando 15 segundos (Tentativa 4/5)...
    [Limite de Requisições]. Aguardando 15 segundos (Tentativa 5/5)...
    [Desistindo do ID 2031] Excedeu tentativas.
 -> Fatiando parágrafo longo (ID: 2032) via IA...
    [Limite de Requisições]. Aguardando 15 segundos (Tentativa 1/5)...
    [Limite de Requisições]. Aguardando 15 segundos (Tentativa 2/5)...
    [Limite de Requisições]. Aguardando 15 segundos (Tentativa 3/5)...
    [Limite de Requisições]. Aguardando 15 segundos (Tentativa 4/5)...
    [Limite de Requisições]. Aguardando 15 segundos (Tentativa 5/5)...
    [Desistindo do ID 2032] Excedeu tentativas.
 -> Fatiando parágrafo longo (ID: 2033) via IA...
    [Limite de Requisições]. Aguardando 15 segundos (Tentativa 1/5)...
    [Limite de Requisições]. Aguardando 15 segundos (Tentativa 2/5)...
    [Limite de Requisições]. Aguardando 15 segundos (Tentativa 3/5)...
    [Limite de Requisições]. Aguardando 15 segundos (Tentativa 4/5)...
    [Limite de Requisições]. Aguardando 15 segundos (Tentativa 5/5)...
    [Desistindo do ID 2033] Excedeu tentativas.
 -> Fatiando parágrafo longo (ID: 2034) via IA...
    [Limite de Requisições]. Aguardando 15 segundos (Tentativa 1/5)...
    [Limite de Requisições]. Aguardando 15 segundos (Tentativa 2/5)...
    [Limite de Requisições]. Aguardando 15 segundos (Tentativa 3/5)...
    [Limite de Requisições]. Aguardando 15 segundos (Tentativa 4/5)...
    [Limite de Requisições]. Aguardando 15 segundos (Tentativa 5/5)...
    [Desistindo do ID 2034] Excedeu tentativas.
 -> Fatiando parágrafo longo (ID: 2035) via IA...
    [Limite de Requisições]. Aguardando 15 segundos (Tentativa 1/5)...
    [Limite de Requisições]. Aguardando 15 segundos (Tentativa 2/5)...
    [Limite de Requisições]. Aguardando 15 segundos (Tentativa 3/5)...
    [Limite de Requisições]. Aguardando 15 segundos (Tentativa 4/5)...
    [Limite de Requisições]. Aguardando 15 segundos (Tentativa 5/5)...
    [Desistindo do ID 2035] Excedeu tentativas.
 -> Fatiando parágrafo longo (ID: 2036) via IA...
    [Limite de Requisições]. Aguardando 15 segundos (Tentativa 1/5)...
    [Limite de Requisições]. Aguardando 15 segundos (Tentativa 2/5)...
    [Limite de Requisições]. Aguardando 15 segundos (Tentativa 3/5)...
    [Limite de Requisições]. Aguardando 15 segundos (Tentativa 4/5)...
    [Limite de Requisições]. Aguardando 15 segundos (Tentativa 5/5)...
    [Desistindo do ID 2036] Excedeu tentativas.
 -> Fatiando parágrafo longo (ID: 2038) via IA...
    [Limite de Requisições]. Aguardando 15 segundos (Tentativa 1/5)...
    [Limite de Requisições]. Aguardando 15 segundos (Tentativa 2/5)...
    [Limite de Requisições]. Aguardando 15 segundos (Tentativa 3/5)...
    [Limite de Requisições]. Aguardando 15 segundos (Tentativa 4/5)...
    [Limite de Requisições]. Aguardando 15 segundos (Tentativa 5/5)...
    [Desistindo do ID 2038] Excedeu tentativas.
 -> Fatiando parágrafo longo (ID: 2039) via IA...
    [Limite de Requisições]. Aguardando 15 segundos (Tentativa 1/5)...
    [Limite de Requisições]. Aguardando 15 segundos (Tentativa 2/5)...
    [Limite de Requisições]. Aguardando 15 segundos (Tentativa 3/5)...
    [Limite de Requisições]. Aguardando 15 segundos (Tentativa 4/5)...
    [Limite de Requisições]. Aguardando 15 segundos (Tentativa 5/5)...
    [Desistindo do ID 2039] Excedeu tentativas.
 -> Fatiando parágrafo longo (ID: 2040) via IA...
    [Limite de Requisições]. Aguardando 15 segundos (Tentativa 1/5)...
    [Limite de Requisições]. Aguardando 15 segundos (Tentativa 2/5)...
    [Limite de Requisições]. Aguardando 15 segundos (Tentativa 3/5)...
    [Limite de Requisições]. Aguardando 15 segundos (Tentativa 4/5)...
    [Limite de Requisições]. Aguardando 15 segundos (Tentativa 5/5)...
    [Desistindo do ID 2040] Excedeu tentativas.
 -> Fatiando parágrafo longo (ID: 2041) via IA...
    [Limite de Requisições]. Aguardando 15 segundos (Tentativa 1/5)...
    [Limite de Requisições]. Aguardando 15 segundos (Tentativa 2/5)...
    [Limite de Requisições]. Aguardando 15 segundos (Tentativa 3/5)...
    [Limite de Requisições]. Aguardando 15 segundos (Tentativa 4/5)...
    [Limite de Requisições]. Aguardando 15 segundos (Tentativa 5/5)...
    [Desistindo do ID 2041] Excedeu tentativas.
 -> Fatiando parágrafo longo (ID: 2042) via IA...
    [Limite de Requisições]. Aguardando 15 segundos (Tentativa 1/5)...
    [Limite de Requisições]. Aguardando 15 segundos (Tentativa 2/5)...
    [Limite de Requisições]. Aguardando 15 segundos (Tentativa 3/5)...
    [Limite de Requisições]. Aguardando 15 segundos (Tentativa 4/5)...
    [Limite de Requisições]. Aguardando 15 segundos (Tentativa 5/5)...
    [Desistindo do ID 2042] Excedeu tentativas.
 -> Fatiando parágrafo longo (ID: 2043) via IA...
    [Limite de Requisições]. Aguardando 15 segundos (Tentativa 1/5)...
    [Limite de Requisições]. Aguardando 15 segundos (Tentativa 2/5)...
    [Limite de Requisições]. Aguardando 15 segundos (Tentativa 3/5)...
    [Limite de Requisições]. Aguardando 15 segundos (Tentativa 4/5)...
    [Limite de Requisições]. Aguardando 15 segundos (Tentativa 5/5)...
    [Desistindo do ID 2043] Excedeu tentativas.
 -> Fatiando parágrafo longo (ID: 2044) via IA...
    [Limite de Requisições]. Aguardando 15 segundos (Tentativa 1/5)...
    [Limite de Requisições]. Aguardando 15 segundos (Tentativa 2/5)...
    [Limite de Requisições]. Aguardando 15 segundos (Tentativa 3/5)...
    [Limite de Requisições]. Aguardando 15 segundos (Tentativa 4/5)...
    [Limite de Requisições]. Aguardando 15 segundos (Tentativa 5/5)...
    [Desistindo do ID 2044] Excedeu tentativas.
 -> Fatiando parágrafo longo (ID: 2045) via IA...
    [Limite de Requisições]. Aguardando 15 segundos (Tentativa 1/5)...
    [Limite de Requisições]. Aguardando 15 segundos (Tentativa 2/5)...
    [Limite de Requisições]. Aguardando 15 segundos (Tentativa 3/5)...
    [Limite de Requisições]. Aguardando 15 segundos (Tentativa 4/5)...
    [Limite de Requisições]. Aguardando 15 segundos (Tentativa 5/5)...
    [Desistindo do ID 2045] Excedeu tentativas.
 -> Fatiando parágrafo longo (ID: 2046) via IA...
    [Limite de Requisições]. Aguardando 15 segundos (Tentativa 1/5)...
    [Limite de Requisições]. Aguardando 15 segundos (Tentativa 2/5)...
    [Limite de Requisições]. Aguardando 15 segundos (Tentativa 3/5)...
    [Limite de Requisições]. Aguardando 15 segundos (Tentativa 4/5)...
    [Limite de Requisições]. Aguardando 15 segundos (Tentativa 5/5)...
    [Desistindo do ID 2046] Excedeu tentativas.
 -> Fatiando parágrafo longo (ID: 2047) via IA...
    [Limite de Requisições]. Aguardando 15 segundos (Tentativa 1/5)...
    [Limite de Requisições]. Aguardando 15 segundos (Tentativa 2/5)...
    [Limite de Requisições]. Aguardando 15 segundos (Tentativa 3/5)...
    [Limite de Requisições]. Aguardando 15 segundos (Tentativa 4/5)...
    [Limite de Requisições]. Aguardando 15 segundos (Tentativa 5/5)...
    [Desistindo do ID 2047] Excedeu tentativas.
 -> Fatiando parágrafo longo (ID: 2048) via IA...
    [Limite de Requisições]. Aguardando 15 segundos (Tentativa 1/5)...
    [Limite de Requisições]. Aguardando 15 segundos (Tentativa 2/5)...
    [Limite de Requisições]. Aguardando 15 segundos (Tentativa 3/5)...
    [Limite de Requisições]. Aguardando 15 segundos (Tentativa 4/5)...
    [Limite de Requisições]. Aguardando 15 segundos (Tentativa 5/5)...
    [Desistindo do ID 2048] Excedeu tentativas.
 -> Fatiando parágrafo longo (ID: 2049) via IA...
    [Limite de Requisições]. Aguardando 15 segundos (Tentativa 1/5)...
    [Limite de Requisições]. Aguardando 15 segundos (Tentativa 2/5)...
    [Limite de Requisições]. Aguardando 15 segundos (Tentativa 3/5)...
    [Limite de Requisições]. Aguardando 15 segundos (Tentativa 4/5)...
    [Limite de Requisições]. Aguardando 15 segundos (Tentativa 5/5)...
    [Desistindo do ID 2049] Excedeu tentativas.
 -> Fatiando parágrafo longo (ID: 2050) via IA...
    [Limite de Requisições]. Aguardando 15 segundos (Tentativa 1/5)...
    [Limite de Requisições]. Aguardando 15 segundos (Tentativa 2/5)...
    [Limite de Requisições]. Aguardando 15 segundos (Tentativa 3/5)...
    [Limite de Requisições]. Aguardando 15 segundos (Tentativa 4/5)...
    [Limite de Requisições]. Aguardando 15 segundos (Tentativa 5/5)...
    [Desistindo do ID 2050] Excedeu tentativas.
 -> Fatiando parágrafo longo (ID: 2051) via IA...
    [Limite de Requisições]. Aguardando 15 segundos (Tentativa 1/5)...
    [Limite de Requisições]. Aguardando 15 segundos (Tentativa 2/5)...
    [Limite de Requisições]. Aguardando 15 segundos (Tentativa 3/5)...
    [Limite de Requisições]. Aguardando 15 segundos (Tentativa 4/5)...
    [Limite de Requisições]. Aguardando 15 segundos (Tentativa 5/5)...
    [Desistindo do ID 2051] Excedeu tentativas.
 -> Fatiando parágrafo longo (ID: 2052) via IA...
    [Limite de Requisições]. Aguardando 15 segundos (Tentativa 1/5)...
    [Limite de Requisições]. Aguardando 15 segundos (Tentativa 2/5)...
    [Limite de Requisições]. Aguardando 15 segundos (Tentativa 3/5)...
    [Limite de Requisições]. Aguardando 15 segundos (Tentativa 4/5)...
    [Limite de Requisições]. Aguardando 15 segundos (Tentativa 5/5)...
    [Desistindo do ID 2052] Excedeu tentativas.
 -> Fatiando parágrafo longo (ID: 2053) via IA...
    [Limite de Requisições]. Aguardando 15 segundos (Tentativa 1/5)...
    [Limite de Requisições]. Aguardando 15 segundos (Tentativa 2/5)...
    [Limite de Requisições]. Aguardando 15 segundos (Tentativa 3/5)...
    [Limite de Requisições]. Aguardando 15 segundos (Tentativa 4/5)...
    [Limite de Requisições]. Aguardando 15 segundos (Tentativa 5/5)...
    [Desistindo do ID 2053] Excedeu tentativas.
 -> Fatiando parágrafo longo (ID: 2054) via IA...
    [Limite de Requisições]. Aguardando 15 segundos (Tentativa 1/5)...
    [Limite de Requisições]. Aguardando 15 segundos (Tentativa 2/5)...
    [Limite de Requisições]. Aguardando 15 segundos (Tentativa 3/5)...
    [Limite de Requisições]. Aguardando 15 segundos (Tentativa 4/5)...
    [Limite de Requisições]. Aguardando 15 segundos (Tentativa 5/5)...
    [Desistindo do ID 2054] Excedeu tentativas.
 -> Fatiando parágrafo longo (ID: 2055) via IA...
    [Limite de Requisições]. Aguardando 15 segundos (Tentativa 1/5)...
    [Limite de Requisições]. Aguardando 15 segundos (Tentativa 2/5)...
    [Limite de Requisições]. Aguardando 15 segundos (Tentativa 3/5)...
    [Limite de Requisições]. Aguardando 15 segundos (Tentativa 4/5)...
    [Limite de Requisições]. Aguardando 15 segundos (Tentativa 5/5)...
    [Desistindo do ID 2055] Excedeu tentativas.
 -> Fatiando parágrafo longo (ID: 2056) via IA...
    [Limite de Requisições]. Aguardando 15 segundos (Tentativa 1/5)...
    [Limite de Requisições]. Aguardando 15 segundos (Tentativa 2/5)...
    [Limite de Requisições]. Aguardando 15 segundos (Tentativa 3/5)...
    [Limite de Requisições]. Aguardando 15 segundos (Tentativa 4/5)...
    [Limite de Requisições]. Aguardando 15 segundos (Tentativa 5/5)...
    [Desistindo do ID 2056] Excedeu tentativas.
 -> Fatiando parágrafo longo (ID: 2057) via IA...
    [Limite de Requisições]. Aguardando 15 segundos (Tentativa 1/5)...
    [Limite de Requisições]. Aguardando 15 segundos (Tentativa 2/5)...
    [Limite de Requisições]. Aguardando 15 segundos (Tentativa 3/5)...
    [Limite de Requisições]. Aguardando 15 segundos (Tentativa 4/5)...
    [Limite de Requisições]. Aguardando 15 segundos (Tentativa 5/5)...
    [Desistindo do ID 2057] Excedeu tentativas.
 -> Fatiando parágrafo longo (ID: 2058) via IA...
    [Limite de Requisições]. Aguardando 15 segundos (Tentativa 1/5)...
    [Limite de Requisições]. Aguardando 15 segundos (Tentativa 2/5)...
    [Limite de Requisições]. Aguardando 15 segundos (Tentativa 3/5)...
    [Limite de Requisições]. Aguardando 15 segundos (Tentativa 4/5)...
    [Limite de Requisições]. Aguardando 15 segundos (Tentativa 5/5)...
    [Desistindo do ID 2058] Excedeu tentativas.
 -> Fatiando parágrafo longo (ID: 2059) via IA...
    [Limite de Requisições]. Aguardando 15 segundos (Tentativa 1/5)...
    [Limite de Requisições]. Aguardando 15 segundos (Tentativa 2/5)...
    [Limite de Requisições]. Aguardando 15 segundos (Tentativa 3/5)...
    [Limite de Requisições]. Aguardando 15 segundos (Tentativa 4/5)...
    [Limite de Requisições]. Aguardando 15 segundos (Tentativa 5/5)...
    [Desistindo do ID 2059] Excedeu tentativas.
 -> Fatiando parágrafo longo (ID: 2060) via IA...
    [Limite de Requisições]. Aguardando 15 segundos (Tentativa 1/5)...
    [Limite de Requisições]. Aguardando 15 segundos (Tentativa 2/5)...
    [Limite de Requisições]. Aguardando 15 segundos (Tentativa 3/5)...
    [Limite de Requisições]. Aguardando 15 segundos (Tentativa 4/5)...
    [Limite de Requisições]. Aguardando 15 segundos (Tentativa 5/5)...
    [Desistindo do ID 2060] Excedeu tentativas.
 -> Fatiando parágrafo longo (ID: 2061) via IA...
    [Limite de Requisições]. Aguardando 15 segundos (Tentativa 1/5)...
    [Limite de Requisições]. Aguardando 15 segundos (Tentativa 2/5)...
    [Limite de Requisições]. Aguardando 15 segundos (Tentativa 3/5)...
    [Limite de Requisições]. Aguardando 15 segundos (Tentativa 4/5)...
    [Limite de Requisições]. Aguardando 15 segundos (Tentativa 5/5)...
    [Desistindo do ID 2061] Excedeu tentativas.
 -> Fatiando parágrafo longo (ID: 2070) via IA...
    [Limite de Requisições]. Aguardando 15 segundos (Tentativa 1/5)...
    [Limite de Requisições]. Aguardando 15 segundos (Tentativa 2/5)...
    [Limite de Requisições]. Aguardando 15 segundos (Tentativa 3/5)...
    [Limite de Requisições]. Aguardando 15 segundos (Tentativa 4/5)...
    [Limite de Requisições]. Aguardando 15 segundos (Tentativa 5/5)...
    [Desistindo do ID 2070] Excedeu tentativas.
 -> Fatiando parágrafo longo (ID: 2071) via IA...
    [Limite de Requisições]. Aguardando 15 segundos (Tentativa 1/5)...
    [Limite de Requisições]. Aguardando 15 segundos (Tentativa 2/5)...
    [Limite de Requisições]. Aguardando 15 segundos (Tentativa 3/5)...
    [Limite de Requisições]. Aguardando 15 segundos (Tentativa 4/5)...
    [Limite de Requisições]. Aguardando 15 segundos (Tentativa 5/5)...
    [Desistindo do ID 2071] Excedeu tentativas.
 -> Fatiando parágrafo longo (ID: 2072) via IA...
    [Limite de Requisições]. Aguardando 15 segundos (Tentativa 1/5)...
    [Limite de Requisições]. Aguardando 15 segundos (Tentativa 2/5)...
    [Limite de Requisições]. Aguardando 15 segundos (Tentativa 3/5)...
    [Limite de Requisições]. Aguardando 15 segundos (Tentativa 4/5)...
    [Limite de Requisições]. Aguardando 15 segundos (Tentativa 5/5)...
    [Desistindo do ID 2072] Excedeu tentativas.
 -> Fatiando parágrafo longo (ID: 2073) via IA...
    [Limite de Requisições]. Aguardando 15 segundos (Tentativa 1/5)...
    [Limite de Requisições]. Aguardando 15 segundos (Tentativa 2/5)...
    [Limite de Requisições]. Aguardando 15 segundos (Tentativa 3/5)...
    [Limite de Requisições]. Aguardando 15 segundos (Tentativa 4/5)...
    [Limite de Requisições]. Aguardando 15 segundos (Tentativa 5/5)...
    [Desistindo do ID 2073] Excedeu tentativas.
 -> Fatiando parágrafo longo (ID: 2074) via IA...
    [Limite de Requisições]. Aguardando 15 segundos (Tentativa 1/5)...
    [Limite de Requisições]. Aguardando 15 segundos (Tentativa 2/5)...
    [Limite de Requisições]. Aguardando 15 segundos (Tentativa 3/5)...
    [Limite de Requisições]. Aguardando 15 segundos (Tentativa 4/5)...
    [Limite de Requisições]. Aguardando 15 segundos (Tentativa 5/5)...
    [Desistindo do ID 2074] Excedeu tentativas.
 -> Fatiando parágrafo longo (ID: 2075) via IA...
    [Limite de Requisições]. Aguardando 15 segundos (Tentativa 1/5)...
    [Limite de Requisições]. Aguardando 15 segundos (Tentativa 2/5)...
    [Limite de Requisições]. Aguardando 15 segundos (Tentativa 3/5)...
    [Limite de Requisições]. Aguardando 15 segundos (Tentativa 4/5)...
    [Limite de Requisições]. Aguardando 15 segundos (Tentativa 5/5)...
    [Desistindo do ID 2075] Excedeu tentativas.
 -> Fatiando parágrafo longo (ID: 2076) via IA...
    [Limite de Requisições]. Aguardando 15 segundos (Tentativa 1/5)...
    [Limite de Requisições]. Aguardando 15 segundos (Tentativa 2/5)...
    [Limite de Requisições]. Aguardando 15 segundos (Tentativa 3/5)...
    [Limite de Requisições]. Aguardando 15 segundos (Tentativa 4/5)...
    [Limite de Requisições]. Aguardando 15 segundos (Tentativa 5/5)...
    [Desistindo do ID 2076] Excedeu tentativas.
 -> Fatiando parágrafo longo (ID: 2079) via IA...
    [Limite de Requisições]. Aguardando 15 segundos (Tentativa 1/5)...
    [Limite de Requisições]. Aguardando 15 segundos (Tentativa 2/5)...
    [Limite de Requisições]. Aguardando 15 segundos (Tentativa 3/5)...
    [Limite de Requisições]. Aguardando 15 segundos (Tentativa 4/5)...
    [Limite de Requisições]. Aguardando 15 segundos (Tentativa 5/5)...
    [Desistindo do ID 2079] Excedeu tentativas.
 -> Fatiando parágrafo longo (ID: 2080) via IA...
    [Limite de Requisições]. Aguardando 15 segundos (Tentativa 1/5)...
    [Limite de Requisições]. Aguardando 15 segundos (Tentativa 2/5)...
    [Limite de Requisições]. Aguardando 15 segundos (Tentativa 3/5)...
    [Limite de Requisições]. Aguardando 15 segundos (Tentativa 4/5)...
    [Limite de Requisições]. Aguardando 15 segundos (Tentativa 5/5)...
    [Desistindo do ID 2080] Excedeu tentativas.
 -> Fatiando parágrafo longo (ID: 2081) via IA...
    [Limite de Requisições]. Aguardando 15 segundos (Tentativa 1/5)...
    [Limite de Requisições]. Aguardando 15 segundos (Tentativa 2/5)...
    [Limite de Requisições]. Aguardando 15 segundos (Tentativa 3/5)...
    [Limite de Requisições]. Aguardando 15 segundos (Tentativa 4/5)...
    [Limite de Requisições]. Aguardando 15 segundos (Tentativa 5/5)...
    [Desistindo do ID 2081] Excedeu tentativas.
 -> Fatiando parágrafo longo (ID: 2082) via IA...
    [Limite de Requisições]. Aguardando 15 segundos (Tentativa 1/5)...
    [Limite de Requisições]. Aguardando 15 segundos (Tentativa 2/5)...
    [Limite de Requisições]. Aguardando 15 segundos (Tentativa 3/5)...
    [Limite de Requisições]. Aguardando 15 segundos (Tentativa 4/5)...
    [Limite de Requisições]. Aguardando 15 segundos (Tentativa 5/5)...
    [Desistindo do ID 2082] Excedeu tentativas.
 -> Fatiando parágrafo longo (ID: 2083) via IA...
    [Limite de Requisições]. Aguardando 15 segundos (Tentativa 1/5)...
    [Limite de Requisições]. Aguardando 15 segundos (Tentativa 2/5)...
    [Limite de Requisições]. Aguardando 15 segundos (Tentativa 3/5)...
    [Limite de Requisições]. Aguardando 15 segundos (Tentativa 4/5)...
    [Limite de Requisições]. Aguardando 15 segundos (Tentativa 5/5)...
    [Desistindo do ID 2083] Excedeu tentativas.
 -> Fatiando parágrafo longo (ID: 2084) via IA...
    [Limite de Requisições]. Aguardando 15 segundos (Tentativa 1/5)...
    [Limite de Requisições]. Aguardando 15 segundos (Tentativa 2/5)...
    [Limite de Requisições]. Aguardando 15 segundos (Tentativa 3/5)...
    [Limite de Requisições]. Aguardando 15 segundos (Tentativa 4/5)...
    [Limite de Requisições]. Aguardando 15 segundos (Tentativa 5/5)...
    [Desistindo do ID 2084] Excedeu tentativas.
 -> Fatiando parágrafo longo (ID: 2085) via IA...
    [Limite de Requisições]. Aguardando 15 segundos (Tentativa 1/5)...
    [Limite de Requisições]. Aguardando 15 segundos (Tentativa 2/5)...
    [Limite de Requisições]. Aguardando 15 segundos (Tentativa 3/5)...
    [Limite de Requisições]. Aguardando 15 segundos (Tentativa 4/5)...
    [Limite de Requisições]. Aguardando 15 segundos (Tentativa 5/5)...
    [Desistindo do ID 2085] Excedeu tentativas.
 -> Fatiando parágrafo longo (ID: 2086) via IA...
    [Limite de Requisições]. Aguardando 15 segundos (Tentativa 1/5)...
    [Limite de Requisições]. Aguardando 15 segundos (Tentativa 2/5)...
    [Limite de Requisições]. Aguardando 15 segundos (Tentativa 3/5)...
    [Limite de Requisições]. Aguardando 15 segundos (Tentativa 4/5)...
    [Limite de Requisições]. Aguardando 15 segundos (Tentativa 5/5)...
    [Desistindo do ID 2086] Excedeu tentativas.
 -> Fatiando parágrafo longo (ID: 2087) via IA...
    [Limite de Requisições]. Aguardando 15 segundos (Tentativa 1/5)...
    [Limite de Requisições]. Aguardando 15 segundos (Tentativa 2/5)...
    [Limite de Requisições]. Aguardando 15 segundos (Tentativa 3/5)...
    [Limite de Requisições]. Aguardando 15 segundos (Tentativa 4/5)...
    [Limite de Requisições]. Aguardando 15 segundos (Tentativa 5/5)...
    [Desistindo do ID 2087] Excedeu tentativas.
 -> Fatiando parágrafo longo (ID: 2088) via IA...
    [Limite de Requisições]. Aguardando 15 segundos (Tentativa 1/5)...
    [Limite de Requisições]. Aguardando 15 segundos (Tentativa 2/5)...
    [Limite de Requisições]. Aguardando 15 segundos (Tentativa 3/5)...
    [Limite de Requisições]. Aguardando 15 segundos (Tentativa 4/5)...
    [Limite de Requisições]. Aguardando 15 segundos (Tentativa 5/5)...
    [Desistindo do ID 2088] Excedeu tentativas.
 -> Fatiando parágrafo longo (ID: 2089) via IA...
    [Limite de Requisições]. Aguardando 15 segundos (Tentativa 1/5)...
    [Limite de Requisições]. Aguardando 15 segundos (Tentativa 2/5)...
    [Limite de Requisições]. Aguardando 15 segundos (Tentativa 3/5)...
    [Limite de Requisições]. Aguardando 15 segundos (Tentativa 4/5)...
    [Limite de Requisições]. Aguardando 15 segundos (Tentativa 5/5)...
    [Desistindo do ID 2089] Excedeu tentativas.
 -> Fatiando parágrafo longo (ID: 2090) via IA...
    [Limite de Requisições]. Aguardando 15 segundos (Tentativa 1/5)...
    [Limite de Requisições]. Aguardando 15 segundos (Tentativa 2/5)...
    [Limite de Requisições]. Aguardando 15 segundos (Tentativa 3/5)...
    [Limite de Requisições]. Aguardando 15 segundos (Tentativa 4/5)...
    [Limite de Requisições]. Aguardando 15 segundos (Tentativa 5/5)...
    [Desistindo do ID 2090] Excedeu tentativas.
 -> Fatiando parágrafo longo (ID: 2091) via IA...
    [Limite de Requisições]. Aguardando 15 segundos (Tentativa 1/5)...
    [Limite de Requisições]. Aguardando 15 segundos (Tentativa 2/5)...
    [Limite de Requisições]. Aguardando 15 segundos (Tentativa 3/5)...
    [Limite de Requisições]. Aguardando 15 segundos (Tentativa 4/5)...
    [Limite de Requisições]. Aguardando 15 segundos (Tentativa 5/5)...
    [Desistindo do ID 2091] Excedeu tentativas.
 -> Fatiando parágrafo longo (ID: 2100) via IA...
    [Limite de Requisições]. Aguardando 15 segundos (Tentativa 1/5)...
    [Limite de Requisições]. Aguardando 15 segundos (Tentativa 2/5)...
    [Limite de Requisições]. Aguardando 15 segundos (Tentativa 3/5)...
    [Limite de Requisições]. Aguardando 15 segundos (Tentativa 4/5)...
    [Limite de Requisições]. Aguardando 15 segundos (Tentativa 5/5)...
    [Desistindo do ID 2100] Excedeu tentativas.
 -> Fatiando parágrafo longo (ID: 2101) via IA...
    [Limite de Requisições]. Aguardando 15 segundos (Tentativa 1/5)...
    [Limite de Requisições]. Aguardando 15 segundos (Tentativa 2/5)...
    [Limite de Requisições]. Aguardando 15 segundos (Tentativa 3/5)...
    [Limite de Requisições]. Aguardando 15 segundos (Tentativa 4/5)...
    [Limite de Requisições]. Aguardando 15 segundos (Tentativa 5/5)...
    [Desistindo do ID 2101] Excedeu tentativas.
 -> Fatiando parágrafo longo (ID: 2102) via IA...
    [Limite de Requisições]. Aguardando 15 segundos (Tentativa 1/5)...
    [Limite de Requisições]. Aguardando 15 segundos (Tentativa 2/5)...
    [Limite de Requisições]. Aguardando 15 segundos (Tentativa 3/5)...
    [Limite de Requisições]. Aguardando 15 segundos (Tentativa 4/5)...
    [Limite de Requisições]. Aguardando 15 segundos (Tentativa 5/5)...
    [Desistindo do ID 2102] Excedeu tentativas.
 -> Fatiando parágrafo longo (ID: 2103) via IA...
    [Limite de Requisições]. Aguardando 15 segundos (Tentativa 1/5)...
    [Limite de Requisições]. Aguardando 15 segundos (Tentativa 2/5)...
    [Limite de Requisições]. Aguardando 15 segundos (Tentativa 3/5)...
    [Limite de Requisições]. Aguardando 15 segundos (Tentativa 4/5)...
    [Limite de Requisições]. Aguardando 15 segundos (Tentativa 5/5)...
    [Desistindo do ID 2103] Excedeu tentativas.
 -> Fatiando parágrafo longo (ID: 2104) via IA...
    [Limite de Requisições]. Aguardando 15 segundos (Tentativa 1/5)...
    [Limite de Requisições]. Aguardando 15 segundos (Tentativa 2/5)...
    [Limite de Requisições]. Aguardando 15 segundos (Tentativa 3/5)...
    [Limite de Requisições]. Aguardando 15 segundos (Tentativa 4/5)...
    [Limite de Requisições]. Aguardando 15 segundos (Tentativa 5/5)...
    [Desistindo do ID 2104] Excedeu tentativas.
 -> Fatiando parágrafo longo (ID: 2105) via IA...
    [Limite de Requisições]. Aguardando 15 segundos (Tentativa 1/5)...
    [Limite de Requisições]. Aguardando 15 segundos (Tentativa 2/5)...
    [Limite de Requisições]. Aguardando 15 segundos (Tentativa 3/5)...
    [Limite de Requisições]. Aguardando 15 segundos (Tentativa 4/5)...
    [Limite de Requisições]. Aguardando 15 segundos (Tentativa 5/5)...
    [Desistindo do ID 2105] Excedeu tentativas.
 -> Fatiando parágrafo longo (ID: 2106) via IA...
    [Limite de Requisições]. Aguardando 15 segundos (Tentativa 1/5)...
    [Limite de Requisições]. Aguardando 15 segundos (Tentativa 2/5)...
    [Limite de Requisições]. Aguardando 15 segundos (Tentativa 3/5)...
    [Limite de Requisições]. Aguardando 15 segundos (Tentativa 4/5)...
    [Limite de Requisições]. Aguardando 15 segundos (Tentativa 5/5)...
    [Desistindo do ID 2106] Excedeu tentativas.
 -> Fatiando parágrafo longo (ID: 2107) via IA...
    [Limite de Requisições]. Aguardando 15 segundos (Tentativa 1/5)...
    [Limite de Requisições]. Aguardando 15 segundos (Tentativa 2/5)...
    [Limite de Requisições]. Aguardando 15 segundos (Tentativa 3/5)...
    [Limite de Requisições]. Aguardando 15 segundos (Tentativa 4/5)...
    [Limite de Requisições]. Aguardando 15 segundos (Tentativa 5/5)...
    [Desistindo do ID 2107] Excedeu tentativas.
 -> Fatiando parágrafo longo (ID: 2108) via IA...
    [Limite de Requisições]. Aguardando 15 segundos (Tentativa 1/5)...
    [Limite de Requisições]. Aguardando 15 segundos (Tentativa 2/5)...
    [Limite de Requisições]. Aguardando 15 segundos (Tentativa 3/5)...
    [Limite de Requisições]. Aguardando 15 segundos (Tentativa 4/5)...
    [Limite de Requisições]. Aguardando 15 segundos (Tentativa 5/5)...
    [Desistindo do ID 2108] Excedeu tentativas.
 -> Fatiando parágrafo longo (ID: 2109) via IA...
    [Limite de Requisições]. Aguardando 15 segundos (Tentativa 1/5)...
    [Limite de Requisições]. Aguardando 15 segundos (Tentativa 2/5)...
    [Limite de Requisições]. Aguardando 15 segundos (Tentativa 3/5)...
    [Limite de Requisições]. Aguardando 15 segundos (Tentativa 4/5)...
    [Limite de Requisições]. Aguardando 15 segundos (Tentativa 5/5)...
    [Desistindo do ID 2109] Excedeu tentativas.
 -> Fatiando parágrafo longo (ID: 2110) via IA...
    [Limite de Requisições]. Aguardando 15 segundos (Tentativa 1/5)...
    [Limite de Requisições]. Aguardando 15 segundos (Tentativa 2/5)...
    [Limite de Requisições]. Aguardando 15 segundos (Tentativa 3/5)...
    [Limite de Requisições]. Aguardando 15 segundos (Tentativa 4/5)...
    [Limite de Requisições]. Aguardando 15 segundos (Tentativa 5/5)...
    [Desistindo do ID 2110] Excedeu tentativas.
 -> Fatiando parágrafo longo (ID: 2112) via IA...
    [Limite de Requisições]. Aguardando 15 segundos (Tentativa 1/5)...
    [Limite de Requisições]. Aguardando 15 segundos (Tentativa 2/5)...
    [Limite de Requisições]. Aguardando 15 segundos (Tentativa 3/5)...
    [Limite de Requisições]. Aguardando 15 segundos (Tentativa 4/5)...
    [Limite de Requisições]. Aguardando 15 segundos (Tentativa 5/5)...
    [Desistindo do ID 2112] Excedeu tentativas.
 -> Fatiando parágrafo longo (ID: 2113) via IA...
    [Limite de Requisições]. Aguardando 15 segundos (Tentativa 1/5)...
    [Limite de Requisições]. Aguardando 15 segundos (Tentativa 2/5)...
    [Limite de Requisições]. Aguardando 15 segundos (Tentativa 3/5)...
    [Limite de Requisições]. Aguardando 15 segundos (Tentativa 4/5)...
    [Limite de Requisições]. Aguardando 15 segundos (Tentativa 5/5)...
    [Desistindo do ID 2113] Excedeu tentativas.
 -> Fatiando parágrafo longo (ID: 2114) via IA...
    [Limite de Requisições]. Aguardando 15 segundos (Tentativa 1/5)...
    [Limite de Requisições]. Aguardando 15 segundos (Tentativa 2/5)...
    [Limite de Requisições]. Aguardando 15 segundos (Tentativa 3/5)...
    [Limite de Requisições]. Aguardando 15 segundos (Tentativa 4/5)...
    [Limite de Requisições]. Aguardando 15 segundos (Tentativa 5/5)...
    [Desistindo do ID 2114] Excedeu tentativas.
 -> Fatiando parágrafo longo (ID: 2115) via IA...
    [Limite de Requisições]. Aguardando 15 segundos (Tentativa 1/5)...
    [Limite de Requisições]. Aguardando 15 segundos (Tentativa 2/5)...
    [Limite de Requisições]. Aguardando 15 segundos (Tentativa 3/5)...
    [Limite de Requisições]. Aguardando 15 segundos (Tentativa 4/5)...
    [Limite de Requisições]. Aguardando 15 segundos (Tentativa 5/5)...
    [Desistindo do ID 2115] Excedeu tentativas.
 -> Fatiando parágrafo longo (ID: 2116) via IA...
    [Limite de Requisições]. Aguardando 15 segundos (Tentativa 1/5)...
    [Limite de Requisições]. Aguardando 15 segundos (Tentativa 2/5)...
    [Limite de Requisições]. Aguardando 15 segundos (Tentativa 3/5)...
    [Limite de Requisições]. Aguardando 15 segundos (Tentativa 4/5)...
    [Limite de Requisições]. Aguardando 15 segundos (Tentativa 5/5)...
    [Desistindo do ID 2116] Excedeu tentativas.
 -> Fatiando parágrafo longo (ID: 2118) via IA...
    [Limite de Requisições]. Aguardando 15 segundos (Tentativa 1/5)...
    [Limite de Requisições]. Aguardando 15 segundos (Tentativa 2/5)...
    [Limite de Requisições]. Aguardando 15 segundos (Tentativa 3/5)...
    [Limite de Requisições]. Aguardando 15 segundos (Tentativa 4/5)...
    [Limite de Requisições]. Aguardando 15 segundos (Tentativa 5/5)...
    [Desistindo do ID 2118] Excedeu tentativas.
 -> Fatiando parágrafo longo (ID: 2119) via IA...
    [Limite de Requisições]. Aguardando 15 segundos (Tentativa 1/5)...
    [Limite de Requisições]. Aguardando 15 segundos (Tentativa 2/5)...
    [Limite de Requisições]. Aguardando 15 segundos (Tentativa 3/5)...
    [Limite de Requisições]. Aguardando 15 segundos (Tentativa 4/5)...
    [Limite de Requisições]. Aguardando 15 segundos (Tentativa 5/5)...
    [Desistindo do ID 2119] Excedeu tentativas.
 -> Fatiando parágrafo longo (ID: 2121) via IA...
    [Limite de Requisições]. Aguardando 15 segundos (Tentativa 1/5)...
    [Limite de Requisições]. Aguardando 15 segundos (Tentativa 2/5)...
    [Limite de Requisições]. Aguardando 15 segundos (Tentativa 3/5)...
    [Limite de Requisições]. Aguardando 15 segundos (Tentativa 4/5)...
    [Limite de Requisições]. Aguardando 15 segundos (Tentativa 5/5)...
    [Desistindo do ID 2121] Excedeu tentativas.
 -> Fatiando parágrafo longo (ID: 2122) via IA...
    [Limite de Requisições]. Aguardando 15 segundos (Tentativa 1/5)...
    [Limite de Requisições]. Aguardando 15 segundos (Tentativa 2/5)...
    [Limite de Requisições]. Aguardando 15 segundos (Tentativa 3/5)...
    [Limite de Requisições]. Aguardando 15 segundos (Tentativa 4/5)...
    [Limite de Requisições]. Aguardando 15 segundos (Tentativa 5/5)...
    [Desistindo do ID 2122] Excedeu tentativas.
 -> Fatiando parágrafo longo (ID: 2123) via IA...
    [Limite de Requisições]. Aguardando 15 segundos (Tentativa 1/5)...
    [Limite de Requisições]. Aguardando 15 segundos (Tentativa 2/5)...
    [Limite de Requisições]. Aguardando 15 segundos (Tentativa 3/5)...
    [Limite de Requisições]. Aguardando 15 segundos (Tentativa 4/5)...
    [Limite de Requisições]. Aguardando 15 segundos (Tentativa 5/5)...
    [Desistindo do ID 2123] Excedeu tentativas.
 -> Fatiando parágrafo longo (ID: 2124) via IA...
    [Limite de Requisições]. Aguardando 15 segundos (Tentativa 1/5)...
    [Limite de Requisições]. Aguardando 15 segundos (Tentativa 2/5)...
    [Limite de Requisições]. Aguardando 15 segundos (Tentativa 3/5)...
    [Limite de Requisições]. Aguardando 15 segundos (Tentativa 4/5)...
    [Limite de Requisições]. Aguardando 15 segundos (Tentativa 5/5)...
    [Desistindo do ID 2124] Excedeu tentativas.
 -> Fatiando parágrafo longo (ID: 2125) via IA...
    [Limite de Requisições]. Aguardando 15 segundos (Tentativa 1/5)...
    [Limite de Requisições]. Aguardando 15 segundos (Tentativa 2/5)...
    [Limite de Requisições]. Aguardando 15 segundos (Tentativa 3/5)...
    [Limite de Requisições]. Aguardando 15 segundos (Tentativa 4/5)...
    [Limite de Requisições]. Aguardando 15 segundos (Tentativa 5/5)...
    [Desistindo do ID 2125] Excedeu tentativas.
 -> Fatiando parágrafo longo (ID: 2126) via IA...
    [Limite de Requisições]. Aguardando 15 segundos (Tentativa 1/5)...
    [Limite de Requisições]. Aguardando 15 segundos (Tentativa 2/5)...
    [Limite de Requisições]. Aguardando 15 segundos (Tentativa 3/5)...
    [Limite de Requisições]. Aguardando 15 segundos (Tentativa 4/5)...
    [Limite de Requisições]. Aguardando 15 segundos (Tentativa 5/5)...
    [Desistindo do ID 2126] Excedeu tentativas.
 -> Fatiando parágrafo longo (ID: 2127) via IA...
    [Limite de Requisições]. Aguardando 15 segundos (Tentativa 1/5)...
    [Limite de Requisições]. Aguardando 15 segundos (Tentativa 2/5)...
    [Limite de Requisições]. Aguardando 15 segundos (Tentativa 3/5)...
    [Limite de Requisições]. Aguardando 15 segundos (Tentativa 4/5)...
    [Limite de Requisições]. Aguardando 15 segundos (Tentativa 5/5)...
    [Desistindo do ID 2127] Excedeu tentativas.
 -> Fatiando parágrafo longo (ID: 2128) via IA...
    [Limite de Requisições]. Aguardando 15 segundos (Tentativa 1/5)...
    [Limite de Requisições]. Aguardando 15 segundos (Tentativa 2/5)...
    [Limite de Requisições]. Aguardando 15 segundos (Tentativa 3/5)...
    [Limite de Requisições]. Aguardando 15 segundos (Tentativa 4/5)...
    [Limite de Requisições]. Aguardando 15 segundos (Tentativa 5/5)...
    [Desistindo do ID 2128] Excedeu tentativas.
 -> Fatiando parágrafo longo (ID: 2129) via IA...
    [Limite de Requisições]. Aguardando 15 segundos (Tentativa 1/5)...
    [Limite de Requisições]. Aguardando 15 segundos (Tentativa 2/5)...
    [Limite de Requisições]. Aguardando 15 segundos (Tentativa 3/5)...
    [Limite de Requisições]. Aguardando 15 segundos (Tentativa 4/5)...
    [Limite de Requisições]. Aguardando 15 segundos (Tentativa 5/5)...
    [Desistindo do ID 2129] Excedeu tentativas.
 -> Fatiando parágrafo longo (ID: 2130) via IA...
    [Limite de Requisições]. Aguardando 15 segundos (Tentativa 1/5)...
    [Limite de Requisições]. Aguardando 15 segundos (Tentativa 2/5)...
    [Limite de Requisições]. Aguardando 15 segundos (Tentativa 3/5)...
    [Limite de Requisições]. Aguardando 15 segundos (Tentativa 4/5)...
    [Limite de Requisições]. Aguardando 15 segundos (Tentativa 5/5)...
    [Desistindo do ID 2130] Excedeu tentativas.
 -> Fatiando parágrafo longo (ID: 2131) via IA...
    [Limite de Requisições]. Aguardando 15 segundos (Tentativa 1/5)...
    [Limite de Requisições]. Aguardando 15 segundos (Tentativa 2/5)...
    [Limite de Requisições]. Aguardando 15 segundos (Tentativa 3/5)...
    [Limite de Requisições]. Aguardando 15 segundos (Tentativa 4/5)...
    [Limite de Requisições]. Aguardando 15 segundos (Tentativa 5/5)...
    [Desistindo do ID 2131] Excedeu tentativas.
 -> Fatiando parágrafo longo (ID: 2134) via IA...
    [Limite de Requisições]. Aguardando 15 segundos (Tentativa 1/5)...
    [Limite de Requisições]. Aguardando 15 segundos (Tentativa 2/5)...
    [Limite de Requisições]. Aguardando 15 segundos (Tentativa 3/5)...
    [Limite de Requisições]. Aguardando 15 segundos (Tentativa 4/5)...
    [Limite de Requisições]. Aguardando 15 segundos (Tentativa 5/5)...
    [Desistindo do ID 2134] Excedeu tentativas.
 -> Fatiando parágrafo longo (ID: 2135) via IA...
    [Limite de Requisições]. Aguardando 15 segundos (Tentativa 1/5)...
    [Limite de Requisições]. Aguardando 15 segundos (Tentativa 2/5)...
    [Limite de Requisições]. Aguardando 15 segundos (Tentativa 3/5)...
    [Limite de Requisições]. Aguardando 15 segundos (Tentativa 4/5)...
    [Limite de Requisições]. Aguardando 15 segundos (Tentativa 5/5)...
    [Desistindo do ID 2135] Excedeu tentativas.
 -> Fatiando parágrafo longo (ID: 2141) via IA...
    [Limite de Requisições]. Aguardando 15 segundos (Tentativa 1/5)...
    [Limite de Requisições]. Aguardando 15 segundos (Tentativa 2/5)...
    [Limite de Requisições]. Aguardando 15 segundos (Tentativa 3/5)...
    [Limite de Requisições]. Aguardando 15 segundos (Tentativa 4/5)...
    [Limite de Requisições]. Aguardando 15 segundos (Tentativa 5/5)...
    [Desistindo do ID 2141] Excedeu tentativas.
 -> Fatiando parágrafo longo (ID: 2142) via IA...
    [Limite de Requisições]. Aguardando 15 segundos (Tentativa 1/5)...
    [Limite de Requisições]. Aguardando 15 segundos (Tentativa 2/5)...
    [Limite de Requisições]. Aguardando 15 segundos (Tentativa 3/5)...
    [Limite de Requisições]. Aguardando 15 segundos (Tentativa 4/5)...
    [Limite de Requisições]. Aguardando 15 segundos (Tentativa 5/5)...
    [Desistindo do ID 2142] Excedeu tentativas.
 -> Fatiando parágrafo longo (ID: 2143) via IA...
    [Limite de Requisições]. Aguardando 15 segundos (Tentativa 1/5)...
    [Limite de Requisições]. Aguardando 15 segundos (Tentativa 2/5)...
    [Limite de Requisições]. Aguardando 15 segundos (Tentativa 3/5)...
    [Limite de Requisições]. Aguardando 15 segundos (Tentativa 4/5)...
    [Limite de Requisições]. Aguardando 15 segundos (Tentativa 5/5)...
    [Desistindo do ID 2143] Excedeu tentativas.
 -> Fatiando parágrafo longo (ID: 2144) via IA...
    [Limite de Requisições]. Aguardando 15 segundos (Tentativa 1/5)...
    [Limite de Requisições]. Aguardando 15 segundos (Tentativa 2/5)...
    [Limite de Requisições]. Aguardando 15 segundos (Tentativa 3/5)...
    [Limite de Requisições]. Aguardando 15 segundos (Tentativa 4/5)...
    [Limite de Requisições]. Aguardando 15 segundos (Tentativa 5/5)...
    [Desistindo do ID 2144] Excedeu tentativas.
 -> Fatiando parágrafo longo (ID: 2145) via IA...
    [Limite de Requisições]. Aguardando 15 segundos (Tentativa 1/5)...
    [Limite de Requisições]. Aguardando 15 segundos (Tentativa 2/5)...
    [Limite de Requisições]. Aguardando 15 segundos (Tentativa 3/5)...
    [Limite de Requisições]. Aguardando 15 segundos (Tentativa 4/5)...
    [Limite de Requisições]. Aguardando 15 segundos (Tentativa 5/5)...
    [Desistindo do ID 2145] Excedeu tentativas.
 -> Fatiando parágrafo longo (ID: 2146) via IA...
    [Limite de Requisições]. Aguardando 15 segundos (Tentativa 1/5)...
    [Limite de Requisições]. Aguardando 15 segundos (Tentativa 2/5)...
    [Limite de Requisições]. Aguardando 15 segundos (Tentativa 3/5)...
    [Limite de Requisições]. Aguardando 15 segundos (Tentativa 4/5)...
    [Limite de Requisições]. Aguardando 15 segundos (Tentativa 5/5)...
    [Desistindo do ID 2146] Excedeu tentativas.
 -> Fatiando parágrafo longo (ID: 2148) via IA...
    [Limite de Requisições]. Aguardando 15 segundos (Tentativa 1/5)...
    [Limite de Requisições]. Aguardando 15 segundos (Tentativa 2/5)...
    [Limite de Requisições]. Aguardando 15 segundos (Tentativa 3/5)...
    [Limite de Requisições]. Aguardando 15 segundos (Tentativa 4/5)...
    [Limite de Requisições]. Aguardando 15 segundos (Tentativa 5/5)...
    [Desistindo do ID 2148] Excedeu tentativas.
 -> Fatiando parágrafo longo (ID: 2150) via IA...
    [Limite de Requisições]. Aguardando 15 segundos (Tentativa 1/5)...
    [Limite de Requisições]. Aguardando 15 segundos (Tentativa 2/5)...
    [Limite de Requisições]. Aguardando 15 segundos (Tentativa 3/5)...
    [Limite de Requisições]. Aguardando 15 segundos (Tentativa 4/5)...
    [Limite de Requisições]. Aguardando 15 segundos (Tentativa 5/5)...
    [Desistindo do ID 2150] Excedeu tentativas.
 -> Fatiando parágrafo longo (ID: 2152) via IA...
    [Limite de Requisições]. Aguardando 15 segundos (Tentativa 1/5)...
    [Limite de Requisições]. Aguardando 15 segundos (Tentativa 2/5)...
    [Limite de Requisições]. Aguardando 15 segundos (Tentativa 3/5)...
    [Limite de Requisições]. Aguardando 15 segundos (Tentativa 4/5)...
    [Limite de Requisições]. Aguardando 15 segundos (Tentativa 5/5)...
    [Desistindo do ID 2152] Excedeu tentativas.
 -> Fatiando parágrafo longo (ID: 2153) via IA...
    [Limite de Requisições]. Aguardando 15 segundos (Tentativa 1/5)...
    [Limite de Requisições]. Aguardando 15 segundos (Tentativa 2/5)...
    [Limite de Requisições]. Aguardando 15 segundos (Tentativa 3/5)...
    [Limite de Requisições]. Aguardando 15 segundos (Tentativa 4/5)...
    [Limite de Requisições]. Aguardando 15 segundos (Tentativa 5/5)...
    [Desistindo do ID 2153] Excedeu tentativas.
 -> Fatiando parágrafo longo (ID: 2154) via IA...
    [Limite de Requisições]. Aguardando 15 segundos (Tentativa 1/5)...
    [Limite de Requisições]. Aguardando 15 segundos (Tentativa 2/5)...
    [Limite de Requisições]. Aguardando 15 segundos (Tentativa 3/5)...
    [Limite de Requisições]. Aguardando 15 segundos (Tentativa 4/5)...
    [Limite de Requisições]. Aguardando 15 segundos (Tentativa 5/5)...
    [Desistindo do ID 2154] Excedeu tentativas.
 -> Fatiando parágrafo longo (ID: 2155) via IA...
    [Limite de Requisições]. Aguardando 15 segundos (Tentativa 1/5)...
    [Limite de Requisições]. Aguardando 15 segundos (Tentativa 2/5)...
    [Limite de Requisições]. Aguardando 15 segundos (Tentativa 3/5)...
    [Limite de Requisições]. Aguardando 15 segundos (Tentativa 4/5)...
    [Limite de Requisições]. Aguardando 15 segundos (Tentativa 5/5)...
    [Desistindo do ID 2155] Excedeu tentativas.
 -> Fatiando parágrafo longo (ID: 2156) via IA...
    [Limite de Requisições]. Aguardando 15 segundos (Tentativa 1/5)...
    [Limite de Requisições]. Aguardando 15 segundos (Tentativa 2/5)...
    [Limite de Requisições]. Aguardando 15 segundos (Tentativa 3/5)...
    [Limite de Requisições]. Aguardando 15 segundos (Tentativa 4/5)...
    [Limite de Requisições]. Aguardando 15 segundos (Tentativa 5/5)...
    [Desistindo do ID 2156] Excedeu tentativas.
 -> Fatiando parágrafo longo (ID: 2157) via IA...
    [Limite de Requisições]. Aguardando 15 segundos (Tentativa 1/5)...
    [Limite de Requisições]. Aguardando 15 segundos (Tentativa 2/5)...
    [Limite de Requisições]. Aguardando 15 segundos (Tentativa 3/5)...
    [Limite de Requisições]. Aguardando 15 segundos (Tentativa 4/5)...
    [Limite de Requisições]. Aguardando 15 segundos (Tentativa 5/5)...
    [Desistindo do ID 2157] Excedeu tentativas.
 -> Fatiando parágrafo longo (ID: 2158) via IA...
    [Limite de Requisições]. Aguardando 15 segundos (Tentativa 1/5)...
    [Limite de Requisições]. Aguardando 15 segundos (Tentativa 2/5)...
    [Limite de Requisições]. Aguardando 15 segundos (Tentativa 3/5)...
    [Limite de Requisições]. Aguardando 15 segundos (Tentativa 4/5)...
    [Limite de Requisições]. Aguardando 15 segundos (Tentativa 5/5)...
    [Desistindo do ID 2158] Excedeu tentativas.
 -> Fatiando parágrafo longo (ID: 2159) via IA...
    [Limite de Requisições]. Aguardando 15 segundos (Tentativa 1/5)...
    [Limite de Requisições]. Aguardando 15 segundos (Tentativa 2/5)...
    [Limite de Requisições]. Aguardando 15 segundos (Tentativa 3/5)...
    [Limite de Requisições]. Aguardando 15 segundos (Tentativa 4/5)...
    [Limite de Requisições]. Aguardando 15 segundos (Tentativa 5/5)...
    [Desistindo do ID 2159] Excedeu tentativas.
 -> Fatiando parágrafo longo (ID: 2160) via IA...
    [Limite de Requisições]. Aguardando 15 segundos (Tentativa 1/5)...
    [Limite de Requisições]. Aguardando 15 segundos (Tentativa 2/5)...
    [Limite de Requisições]. Aguardando 15 segundos (Tentativa 3/5)...
    [Limite de Requisições]. Aguardando 15 segundos (Tentativa 4/5)...
    [Limite de Requisições]. Aguardando 15 segundos (Tentativa 5/5)...
    [Desistindo do ID 2160] Excedeu tentativas.
 -> Fatiando parágrafo longo (ID: 2161) via IA...
    [Limite de Requisições]. Aguardando 15 segundos (Tentativa 1/5)...
    [Limite de Requisições]. Aguardando 15 segundos (Tentativa 2/5)...
    [Limite de Requisições]. Aguardando 15 segundos (Tentativa 3/5)...
    [Limite de Requisições]. Aguardando 15 segundos (Tentativa 4/5)...
    [Limite de Requisições]. Aguardando 15 segundos (Tentativa 5/5)...
    [Desistindo do ID 2161] Excedeu tentativas.
 -> Fatiando parágrafo longo (ID: 2162) via IA...
    [Limite de Requisições]. Aguardando 15 segundos (Tentativa 1/5)...
    [Limite de Requisições]. Aguardando 15 segundos (Tentativa 2/5)...
    [Limite de Requisições]. Aguardando 15 segundos (Tentativa 3/5)...
    [Limite de Requisições]. Aguardando 15 segundos (Tentativa 4/5)...
    [Limite de Requisições]. Aguardando 15 segundos (Tentativa 5/5)...
    [Desistindo do ID 2162] Excedeu tentativas.
 -> Fatiando parágrafo longo (ID: 2163) via IA...
    [Limite de Requisições]. Aguardando 15 segundos (Tentativa 1/5)...
    [Limite de Requisições]. Aguardando 15 segundos (Tentativa 2/5)...
    [Limite de Requisições]. Aguardando 15 segundos (Tentativa 3/5)...
    [Limite de Requisições]. Aguardando 15 segundos (Tentativa 4/5)...
    [Limite de Requisições]. Aguardando 15 segundos (Tentativa 5/5)...
    [Desistindo do ID 2163] Excedeu tentativas.
 -> Fatiando parágrafo longo (ID: 2164) via IA...
    [Limite de Requisições]. Aguardando 15 segundos (Tentativa 1/5)...
    [Limite de Requisições]. Aguardando 15 segundos (Tentativa 2/5)...
    [Limite de Requisições]. Aguardando 15 segundos (Tentativa 3/5)...
    [Limite de Requisições]. Aguardando 15 segundos (Tentativa 4/5)...
    [Limite de Requisições]. Aguardando 15 segundos (Tentativa 5/5)...
    [Desistindo do ID 2164] Excedeu tentativas.
 -> Fatiando parágrafo longo (ID: 2165) via IA...
    [Limite de Requisições]. Aguardando 15 segundos (Tentativa 1/5)...
    [Limite de Requisições]. Aguardando 15 segundos (Tentativa 2/5)...
    [Limite de Requisições]. Aguardando 15 segundos (Tentativa 3/5)...
    [Limite de Requisições]. Aguardando 15 segundos (Tentativa 4/5)...
    [Limite de Requisições]. Aguardando 15 segundos (Tentativa 5/5)...
    [Desistindo do ID 2165] Excedeu tentativas.
 -> Fatiando parágrafo longo (ID: 2166) via IA...
    [Limite de Requisições]. Aguardando 15 segundos (Tentativa 1/5)...
    [Limite de Requisições]. Aguardando 15 segundos (Tentativa 2/5)...
    [Limite de Requisições]. Aguardando 15 segundos (Tentativa 3/5)...
    [Limite de Requisições]. Aguardando 15 segundos (Tentativa 4/5)...
    [Limite de Requisições]. Aguardando 15 segundos (Tentativa 5/5)...
    [Desistindo do ID 2166] Excedeu tentativas.
 -> Fatiando parágrafo longo (ID: 2167) via IA...
    [Limite de Requisições]. Aguardando 15 segundos (Tentativa 1/5)...
    [Limite de Requisições]. Aguardando 15 segundos (Tentativa 2/5)...
    [Limite de Requisições]. Aguardando 15 segundos (Tentativa 3/5)...
    [Limite de Requisições]. Aguardando 15 segundos (Tentativa 4/5)...
    [Limite de Requisições]. Aguardando 15 segundos (Tentativa 5/5)...
    [Desistindo do ID 2167] Excedeu tentativas.
 -> Fatiando parágrafo longo (ID: 2168) via IA...
    [Limite de Requisições]. Aguardando 15 segundos (Tentativa 1/5)...
    [Limite de Requisições]. Aguardando 15 segundos (Tentativa 2/5)...
    [Limite de Requisições]. Aguardando 15 segundos (Tentativa 3/5)...
    [Limite de Requisições]. Aguardando 15 segundos (Tentativa 4/5)...
    [Limite de Requisições]. Aguardando 15 segundos (Tentativa 5/5)...
    [Desistindo do ID 2168] Excedeu tentativas.
 -> Fatiando parágrafo longo (ID: 2169) via IA...
    [Limite de Requisições]. Aguardando 15 segundos (Tentativa 1/5)...
    [Limite de Requisições]. Aguardando 15 segundos (Tentativa 2/5)...
    [Limite de Requisições]. Aguardando 15 segundos (Tentativa 3/5)...
    [Limite de Requisições]. Aguardando 15 segundos (Tentativa 4/5)...
    [Limite de Requisições]. Aguardando 15 segundos (Tentativa 5/5)...
    [Desistindo do ID 2169] Excedeu tentativas.
 -> Fatiando parágrafo longo (ID: 2175) via IA...
    [Limite de Requisições]. Aguardando 15 segundos (Tentativa 1/5)...
    [Limite de Requisições]. Aguardando 15 segundos (Tentativa 2/5)...
    [Limite de Requisições]. Aguardando 15 segundos (Tentativa 3/5)...
    [Limite de Requisições]. Aguardando 15 segundos (Tentativa 4/5)...
    [Limite de Requisições]. Aguardando 15 segundos (Tentativa 5/5)...
    [Desistindo do ID 2175] Excedeu tentativas.
 -> Fatiando parágrafo longo (ID: 2176) via IA...
    [Limite de Requisições]. Aguardando 15 segundos (Tentativa 1/5)...
    [Limite de Requisições]. Aguardando 15 segundos (Tentativa 2/5)...
    [Limite de Requisições]. Aguardando 15 segundos (Tentativa 3/5)...
    [Limite de Requisições]. Aguardando 15 segundos (Tentativa 4/5)...
    [Limite de Requisições]. Aguardando 15 segundos (Tentativa 5/5)...
    [Desistindo do ID 2176] Excedeu tentativas.
 -> Fatiando parágrafo longo (ID: 2178) via IA...
    [Limite de Requisições]. Aguardando 15 segundos (Tentativa 1/5)...
    [Limite de Requisições]. Aguardando 15 segundos (Tentativa 2/5)...
    [Limite de Requisições]. Aguardando 15 segundos (Tentativa 3/5)...
    [Limite de Requisições]. Aguardando 15 segundos (Tentativa 4/5)...
    [Limite de Requisições]. Aguardando 15 segundos (Tentativa 5/5)...
    [Desistindo do ID 2178] Excedeu tentativas.
 -> Fatiando parágrafo longo (ID: 2179) via IA...
    [Limite de Requisições]. Aguardando 15 segundos (Tentativa 1/5)...
    [Limite de Requisições]. Aguardando 15 segundos (Tentativa 2/5)...
    [Limite de Requisições]. Aguardando 15 segundos (Tentativa 3/5)...
    [Limite de Requisições]. Aguardando 15 segundos (Tentativa 4/5)...
    [Limite de Requisições]. Aguardando 15 segundos (Tentativa 5/5)...
    [Desistindo do ID 2179] Excedeu tentativas.
 -> Fatiando parágrafo longo (ID: 2180) via IA...
    [Limite de Requisições]. Aguardando 15 segundos (Tentativa 1/5)...
    [Limite de Requisições]. Aguardando 15 segundos (Tentativa 2/5)...
    [Limite de Requisições]. Aguardando 15 segundos (Tentativa 3/5)...
    [Limite de Requisições]. Aguardando 15 segundos (Tentativa 4/5)...
    [Limite de Requisições]. Aguardando 15 segundos (Tentativa 5/5)...
    [Desistindo do ID 2180] Excedeu tentativas.
 -> Fatiando parágrafo longo (ID: 2181) via IA...
    [Limite de Requisições]. Aguardando 15 segundos (Tentativa 1/5)...
    [Limite de Requisições]. Aguardando 15 segundos (Tentativa 2/5)...
    [Limite de Requisições]. Aguardando 15 segundos (Tentativa 3/5)...
    [Limite de Requisições]. Aguardando 15 segundos (Tentativa 4/5)...
    [Limite de Requisições]. Aguardando 15 segundos (Tentativa 5/5)...
    [Desistindo do ID 2181] Excedeu tentativas.
 -> Fatiando parágrafo longo (ID: 2182) via IA...
    [Limite de Requisições]. Aguardando 15 segundos (Tentativa 1/5)...
    [Limite de Requisições]. Aguardando 15 segundos (Tentativa 2/5)...
    [Limite de Requisições]. Aguardando 15 segundos (Tentativa 3/5)...
    [Limite de Requisições]. Aguardando 15 segundos (Tentativa 4/5)...
    [Limite de Requisições]. Aguardando 15 segundos (Tentativa 5/5)...
    [Desistindo do ID 2182] Excedeu tentativas.
 -> Fatiando parágrafo longo (ID: 2183) via IA...
    [Limite de Requisições]. Aguardando 15 segundos (Tentativa 1/5)...
    [Limite de Requisições]. Aguardando 15 segundos (Tentativa 2/5)...
    [Limite de Requisições]. Aguardando 15 segundos (Tentativa 3/5)...
    [Limite de Requisições]. Aguardando 15 segundos (Tentativa 4/5)...
    [Limite de Requisições]. Aguardando 15 segundos (Tentativa 5/5)...
    [Desistindo do ID 2183] Excedeu tentativas.
 -> Fatiando parágrafo longo (ID: 2184) via IA...
    [Limite de Requisições]. Aguardando 15 segundos (Tentativa 1/5)...
    [Limite de Requisições]. Aguardando 15 segundos (Tentativa 2/5)...
    [Limite de Requisições]. Aguardando 15 segundos (Tentativa 3/5)...
    [Limite de Requisições]. Aguardando 15 segundos (Tentativa 4/5)...
    [Limite de Requisições]. Aguardando 15 segundos (Tentativa 5/5)...
    [Desistindo do ID 2184] Excedeu tentativas.
 -> Fatiando parágrafo longo (ID: 2185) via IA...
    [Limite de Requisições]. Aguardando 15 segundos (Tentativa 1/5)...
    [Limite de Requisições]. Aguardando 15 segundos (Tentativa 2/5)...
    [Limite de Requisições]. Aguardando 15 segundos (Tentativa 3/5)...
    [Limite de Requisições]. Aguardando 15 segundos (Tentativa 4/5)...
    [Limite de Requisições]. Aguardando 15 segundos (Tentativa 5/5)...
    [Desistindo do ID 2185] Excedeu tentativas.
 -> Fatiando parágrafo longo (ID: 2186) via IA...
    [Limite de Requisições]. Aguardando 15 segundos (Tentativa 1/5)...
    [Limite de Requisições]. Aguardando 15 segundos (Tentativa 2/5)...
    [Limite de Requisições]. Aguardando 15 segundos (Tentativa 3/5)...
    [Limite de Requisições]. Aguardando 15 segundos (Tentativa 4/5)...
    [Limite de Requisições]. Aguardando 15 segundos (Tentativa 5/5)...
    [Desistindo do ID 2186] Excedeu tentativas.
 -> Fatiando parágrafo longo (ID: 2187) via IA...
    [Limite de Requisições]. Aguardando 15 segundos (Tentativa 1/5)...
    [Limite de Requisições]. Aguardando 15 segundos (Tentativa 2/5)...
    [Limite de Requisições]. Aguardando 15 segundos (Tentativa 3/5)...
    [Limite de Requisições]. Aguardando 15 segundos (Tentativa 4/5)...
    [Limite de Requisições]. Aguardando 15 segundos (Tentativa 5/5)...
    [Desistindo do ID 2187] Excedeu tentativas.
 -> Fatiando parágrafo longo (ID: 2188) via IA...
    [Limite de Requisições]. Aguardando 15 segundos (Tentativa 1/5)...
    [Limite de Requisições]. Aguardando 15 segundos (Tentativa 2/5)...
    [Limite de Requisições]. Aguardando 15 segundos (Tentativa 3/5)...
    [Limite de Requisições]. Aguardando 15 segundos (Tentativa 4/5)...
    [Limite de Requisições]. Aguardando 15 segundos (Tentativa 5/5)...
    [Desistindo do ID 2188] Excedeu tentativas.
 -> Fatiando parágrafo longo (ID: 2189) via IA...
    [Limite de Requisições]. Aguardando 15 segundos (Tentativa 1/5)...
    [Limite de Requisições]. Aguardando 15 segundos (Tentativa 2/5)...
    [Limite de Requisições]. Aguardando 15 segundos (Tentativa 3/5)...
    [Limite de Requisições]. Aguardando 15 segundos (Tentativa 4/5)...
    [Limite de Requisições]. Aguardando 15 segundos (Tentativa 5/5)...
    [Desistindo do ID 2189] Excedeu tentativas.
 -> Fatiando parágrafo longo (ID: 2190) via IA...
    [Limite de Requisições]. Aguardando 15 segundos (Tentativa 1/5)...
    [Limite de Requisições]. Aguardando 15 segundos (Tentativa 2/5)...
    [Limite de Requisições]. Aguardando 15 segundos (Tentativa 3/5)...
    [Limite de Requisições]. Aguardando 15 segundos (Tentativa 4/5)...
    [Limite de Requisições]. Aguardando 15 segundos (Tentativa 5/5)...
    [Desistindo do ID 2190] Excedeu tentativas.
 -> Fatiando parágrafo longo (ID: 2191) via IA...
    [Limite de Requisições]. Aguardando 15 segundos (Tentativa 1/5)...
    [Limite de Requisições]. Aguardando 15 segundos (Tentativa 2/5)...
    [Limite de Requisições]. Aguardando 15 segundos (Tentativa 3/5)...
    [Limite de Requisições]. Aguardando 15 segundos (Tentativa 4/5)...
    [Limite de Requisições]. Aguardando 15 segundos (Tentativa 5/5)...
    [Desistindo do ID 2191] Excedeu tentativas.
 -> Fatiando parágrafo longo (ID: 2192) via IA...
    [Limite de Requisições]. Aguardando 15 segundos (Tentativa 1/5)...
    [Limite de Requisições]. Aguardando 15 segundos (Tentativa 2/5)...
    [Limite de Requisições]. Aguardando 15 segundos (Tentativa 3/5)...
    [Limite de Requisições]. Aguardando 15 segundos (Tentativa 4/5)...
    [Limite de Requisições]. Aguardando 15 segundos (Tentativa 5/5)...
    [Desistindo do ID 2192] Excedeu tentativas.
 -> Fatiando parágrafo longo (ID: 2193) via IA...
    [Limite de Requisições]. Aguardando 15 segundos (Tentativa 1/5)...
    [Limite de Requisições]. Aguardando 15 segundos (Tentativa 2/5)...
    [Limite de Requisições]. Aguardando 15 segundos (Tentativa 3/5)...
    [Limite de Requisições]. Aguardando 15 segundos (Tentativa 4/5)...
    [Limite de Requisições]. Aguardando 15 segundos (Tentativa 5/5)...
    [Desistindo do ID 2193] Excedeu tentativas.
 -> Fatiando parágrafo longo (ID: 2194) via IA...
    [Limite de Requisições]. Aguardando 15 segundos (Tentativa 1/5)...
    [Limite de Requisições]. Aguardando 15 segundos (Tentativa 2/5)...
    [Limite de Requisições]. Aguardando 15 segundos (Tentativa 3/5)...
    [Limite de Requisições]. Aguardando 15 segundos (Tentativa 4/5)...
    [Limite de Requisições]. Aguardando 15 segundos (Tentativa 5/5)...
    [Desistindo do ID 2194] Excedeu tentativas.
 -> Fatiando parágrafo longo (ID: 2195) via IA...
    [Limite de Requisições]. Aguardando 15 segundos (Tentativa 1/5)...
    [Limite de Requisições]. Aguardando 15 segundos (Tentativa 2/5)...
    [Limite de Requisições]. Aguardando 15 segundos (Tentativa 3/5)...
    [Limite de Requisições]. Aguardando 15 segundos (Tentativa 4/5)...
    [Limite de Requisições]. Aguardando 15 segundos (Tentativa 5/5)...
    [Desistindo do ID 2195] Excedeu tentativas.
 -> Fatiando parágrafo longo (ID: 2196) via IA...
    [Limite de Requisições]. Aguardando 15 segundos (Tentativa 1/5)...
    [Limite de Requisições]. Aguardando 15 segundos (Tentativa 2/5)...
    [Limite de Requisições]. Aguardando 15 segundos (Tentativa 3/5)...
    [Limite de Requisições]. Aguardando 15 segundos (Tentativa 4/5)...
    [Limite de Requisições]. Aguardando 15 segundos (Tentativa 5/5)...
    [Desistindo do ID 2196] Excedeu tentativas.
 -> Fatiando parágrafo longo (ID: 2197) via IA...
    [Limite de Requisições]. Aguardando 15 segundos (Tentativa 1/5)...
    [Limite de Requisições]. Aguardando 15 segundos (Tentativa 2/5)...
    [Limite de Requisições]. Aguardando 15 segundos (Tentativa 3/5)...
    [Limite de Requisições]. Aguardando 15 segundos (Tentativa 4/5)...
    [Limite de Requisições]. Aguardando 15 segundos (Tentativa 5/5)...
    [Desistindo do ID 2197] Excedeu tentativas.
 -> Fatiando parágrafo longo (ID: 2203) via IA...
    [Limite de Requisições]. Aguardando 15 segundos (Tentativa 1/5)...
    [Limite de Requisições]. Aguardando 15 segundos (Tentativa 2/5)...
    [Limite de Requisições]. Aguardando 15 segundos (Tentativa 3/5)...
    [Limite de Requisições]. Aguardando 15 segundos (Tentativa 4/5)...
    [Limite de Requisições]. Aguardando 15 segundos (Tentativa 5/5)...
    [Desistindo do ID 2203] Excedeu tentativas.
 -> Fatiando parágrafo longo (ID: 2204) via IA...
    [Limite de Requisições]. Aguardando 15 segundos (Tentativa 1/5)...
    [Limite de Requisições]. Aguardando 15 segundos (Tentativa 2/5)...
    [Limite de Requisições]. Aguardando 15 segundos (Tentativa 3/5)...
    [Limite de Requisições]. Aguardando 15 segundos (Tentativa 4/5)...
    [Limite de Requisições]. Aguardando 15 segundos (Tentativa 5/5)...
    [Desistindo do ID 2204] Excedeu tentativas.
 -> Fatiando parágrafo longo (ID: 2205) via IA...
    [Limite de Requisições]. Aguardando 15 segundos (Tentativa 1/5)...
    [Limite de Requisições]. Aguardando 15 segundos (Tentativa 2/5)...
    [Limite de Requisições]. Aguardando 15 segundos (Tentativa 3/5)...
    [Limite de Requisições]. Aguardando 15 segundos (Tentativa 4/5)...
    [Limite de Requisições]. Aguardando 15 segundos (Tentativa 5/5)...
    [Desistindo do ID 2205] Excedeu tentativas.
 -> Fatiando parágrafo longo (ID: 2206) via IA...
    [Limite de Requisições]. Aguardando 15 segundos (Tentativa 1/5)...
    [Limite de Requisições]. Aguardando 15 segundos (Tentativa 2/5)...
    [Limite de Requisições]. Aguardando 15 segundos (Tentativa 3/5)...
    [Limite de Requisições]. Aguardando 15 segundos (Tentativa 4/5)...
    [Limite de Requisições]. Aguardando 15 segundos (Tentativa 5/5)...
    [Desistindo do ID 2206] Excedeu tentativas.
 -> Fatiando parágrafo longo (ID: 2207) via IA...
    [Limite de Requisições]. Aguardando 15 segundos (Tentativa 1/5)...
    [Limite de Requisições]. Aguardando 15 segundos (Tentativa 2/5)...
    [Limite de Requisições]. Aguardando 15 segundos (Tentativa 3/5)...
    [Limite de Requisições]. Aguardando 15 segundos (Tentativa 4/5)...
    [Limite de Requisições]. Aguardando 15 segundos (Tentativa 5/5)...
    [Desistindo do ID 2207] Excedeu tentativas.
 -> Fatiando parágrafo longo (ID: 2208) via IA...
    [Limite de Requisições]. Aguardando 15 segundos (Tentativa 1/5)...
    [Limite de Requisições]. Aguardando 15 segundos (Tentativa 2/5)...
    [Limite de Requisições]. Aguardando 15 segundos (Tentativa 3/5)...
    [Limite de Requisições]. Aguardando 15 segundos (Tentativa 4/5)...
    [Limite de Requisições]. Aguardando 15 segundos (Tentativa 5/5)...
    [Desistindo do ID 2208] Excedeu tentativas.
 -> Fatiando parágrafo longo (ID: 2209) via IA...
    [Limite de Requisições]. Aguardando 15 segundos (Tentativa 1/5)...
    [Limite de Requisições]. Aguardando 15 segundos (Tentativa 2/5)...
    [Limite de Requisições]. Aguardando 15 segundos (Tentativa 3/5)...
    [Limite de Requisições]. Aguardando 15 segundos (Tentativa 4/5)...
    [Limite de Requisições]. Aguardando 15 segundos (Tentativa 5/5)...
    [Desistindo do ID 2209] Excedeu tentativas.
 -> Fatiando parágrafo longo (ID: 2210) via IA...
    [Limite de Requisições]. Aguardando 15 segundos (Tentativa 1/5)...
    [Limite de Requisições]. Aguardando 15 segundos (Tentativa 2/5)...
    [Limite de Requisições]. Aguardando 15 segundos (Tentativa 3/5)...
    [Limite de Requisições]. Aguardando 15 segundos (Tentativa 4/5)...
    [Limite de Requisições]. Aguardando 15 segundos (Tentativa 5/5)...
    [Desistindo do ID 2210] Excedeu tentativas.
 -> Fatiando parágrafo longo (ID: 2211) via IA...
    [Limite de Requisições]. Aguardando 15 segundos (Tentativa 1/5)...
    [Limite de Requisições]. Aguardando 15 segundos (Tentativa 2/5)...
    [Limite de Requisições]. Aguardando 15 segundos (Tentativa 3/5)...
    [Limite de Requisições]. Aguardando 15 segundos (Tentativa 4/5)...
    [Limite de Requisições]. Aguardando 15 segundos (Tentativa 5/5)...
    [Desistindo do ID 2211] Excedeu tentativas.
 -> Fatiando parágrafo longo (ID: 2212) via IA...
    [Limite de Requisições]. Aguardando 15 segundos (Tentativa 1/5)...
    [Limite de Requisições]. Aguardando 15 segundos (Tentativa 2/5)...
    [Limite de Requisições]. Aguardando 15 segundos (Tentativa 3/5)...
    [Limite de Requisições]. Aguardando 15 segundos (Tentativa 4/5)...
    [Limite de Requisições]. Aguardando 15 segundos (Tentativa 5/5)...
    [Desistindo do ID 2212] Excedeu tentativas.
 -> Fatiando parágrafo longo (ID: 2218) via IA...
    [Limite de Requisições]. Aguardando 15 segundos (Tentativa 1/5)...
    [Limite de Requisições]. Aguardando 15 segundos (Tentativa 2/5)...
    [Limite de Requisições]. Aguardando 15 segundos (Tentativa 3/5)...
    [Limite de Requisições]. Aguardando 15 segundos (Tentativa 4/5)...
    [Limite de Requisições]. Aguardando 15 segundos (Tentativa 5/5)...
    [Desistindo do ID 2218] Excedeu tentativas.
 -> Fatiando parágrafo longo (ID: 2219) via IA...
    [Limite de Requisições]. Aguardando 15 segundos (Tentativa 1/5)...
    [Limite de Requisições]. Aguardando 15 segundos (Tentativa 2/5)...
    [Limite de Requisições]. Aguardando 15 segundos (Tentativa 3/5)...
    [Limite de Requisições]. Aguardando 15 segundos (Tentativa 4/5)...
    [Limite de Requisições]. Aguardando 15 segundos (Tentativa 5/5)...
    [Desistindo do ID 2219] Excedeu tentativas.
 -> Fatiando parágrafo longo (ID: 2220) via IA...
    [Limite de Requisições]. Aguardando 15 segundos (Tentativa 1/5)...
    [Limite de Requisições]. Aguardando 15 segundos (Tentativa 2/5)...
    [Limite de Requisições]. Aguardando 15 segundos (Tentativa 3/5)...
    [Limite de Requisições]. Aguardando 15 segundos (Tentativa 4/5)...
    [Limite de Requisições]. Aguardando 15 segundos (Tentativa 5/5)...
    [Desistindo do ID 2220] Excedeu tentativas.
 -> Fatiando parágrafo longo (ID: 2221) via IA...
    [Limite de Requisições]. Aguardando 15 segundos (Tentativa 1/5)...
    [Limite de Requisições]. Aguardando 15 segundos (Tentativa 2/5)...
    [Limite de Requisições]. Aguardando 15 segundos (Tentativa 3/5)...
    [Limite de Requisições]. Aguardando 15 segundos (Tentativa 4/5)...
    [Limite de Requisições]. Aguardando 15 segundos (Tentativa 5/5)...
    [Desistindo do ID 2221] Excedeu tentativas.
 -> Fatiando parágrafo longo (ID: 2222) via IA...
    [Limite de Requisições]. Aguardando 15 segundos (Tentativa 1/5)...
    [Limite de Requisições]. Aguardando 15 segundos (Tentativa 2/5)...
    [Limite de Requisições]. Aguardando 15 segundos (Tentativa 3/5)...
    [Limite de Requisições]. Aguardando 15 segundos (Tentativa 4/5)...
    [Limite de Requisições]. Aguardando 15 segundos (Tentativa 5/5)...
    [Desistindo do ID 2222] Excedeu tentativas.
 -> Fatiando parágrafo longo (ID: 2223) via IA...
    [Limite de Requisições]. Aguardando 15 segundos (Tentativa 1/5)...
    [Limite de Requisições]. Aguardando 15 segundos (Tentativa 2/5)...
    [Limite de Requisições]. Aguardando 15 segundos (Tentativa 3/5)...
    [Limite de Requisições]. Aguardando 15 segundos (Tentativa 4/5)...
    [Limite de Requisições]. Aguardando 15 segundos (Tentativa 5/5)...
    [Desistindo do ID 2223] Excedeu tentativas.
 -> Fatiando parágrafo longo (ID: 2225) via IA...
    [Limite de Requisições]. Aguardando 15 segundos (Tentativa 1/5)...
    [Limite de Requisições]. Aguardando 15 segundos (Tentativa 2/5)...
    [Limite de Requisições]. Aguardando 15 segundos (Tentativa 3/5)...
    [Limite de Requisições]. Aguardando 15 segundos (Tentativa 4/5)...
    [Limite de Requisições]. Aguardando 15 segundos (Tentativa 5/5)...
    [Desistindo do ID 2225] Excedeu tentativas.
 -> Fatiando parágrafo longo (ID: 2226) via IA...
    [Limite de Requisições]. Aguardando 15 segundos (Tentativa 1/5)...
    [Limite de Requisições]. Aguardando 15 segundos (Tentativa 2/5)...
    [Limite de Requisições]. Aguardando 15 segundos (Tentativa 3/5)...
    [Limite de Requisições]. Aguardando 15 segundos (Tentativa 4/5)...
    [Limite de Requisições]. Aguardando 15 segundos (Tentativa 5/5)...
    [Desistindo do ID 2226] Excedeu tentativas.
 -> Fatiando parágrafo longo (ID: 2229) via IA...
    [Limite de Requisições]. Aguardando 15 segundos (Tentativa 1/5)...
    [Limite de Requisições]. Aguardando 15 segundos (Tentativa 2/5)...
    [Limite de Requisições]. Aguardando 15 segundos (Tentativa 3/5)...
    [Limite de Requisições]. Aguardando 15 segundos (Tentativa 4/5)...
    [Limite de Requisições]. Aguardando 15 segundos (Tentativa 5/5)...
    [Desistindo do ID 2229] Excedeu tentativas.
 -> Fatiando parágrafo longo (ID: 2230) via IA...
    [Limite de Requisições]. Aguardando 15 segundos (Tentativa 1/5)...
    [Limite de Requisições]. Aguardando 15 segundos (Tentativa 2/5)...
    [Limite de Requisições]. Aguardando 15 segundos (Tentativa 3/5)...
    [Limite de Requisições]. Aguardando 15 segundos (Tentativa 4/5)...
    [Limite de Requisições]. Aguardando 15 segundos (Tentativa 5/5)...
    [Desistindo do ID 2230] Excedeu tentativas.
 -> Fatiando parágrafo longo (ID: 2231) via IA...
    [Limite de Requisições]. Aguardando 15 segundos (Tentativa 1/5)...
    [Limite de Requisições]. Aguardando 15 segundos (Tentativa 2/5)...
    [Limite de Requisições]. Aguardando 15 segundos (Tentativa 3/5)...
    [Limite de Requisições]. Aguardando 15 segundos (Tentativa 4/5)...
    [Limite de Requisições]. Aguardando 15 segundos (Tentativa 5/5)...
    [Desistindo do ID 2231] Excedeu tentativas.
 -> Fatiando parágrafo longo (ID: 2232) via IA...
    [Limite de Requisições]. Aguardando 15 segundos (Tentativa 1/5)...
    [Limite de Requisições]. Aguardando 15 segundos (Tentativa 2/5)...
    [Limite de Requisições]. Aguardando 15 segundos (Tentativa 3/5)...
    [Limite de Requisições]. Aguardando 15 segundos (Tentativa 4/5)...
    [Limite de Requisições]. Aguardando 15 segundos (Tentativa 5/5)...
    [Desistindo do ID 2232] Excedeu tentativas.
 -> Fatiando parágrafo longo (ID: 2233) via IA...
    [Limite de Requisições]. Aguardando 15 segundos (Tentativa 1/5)...
    [Limite de Requisições]. Aguardando 15 segundos (Tentativa 2/5)...
    [Limite de Requisições]. Aguardando 15 segundos (Tentativa 3/5)...
    [Limite de Requisições]. Aguardando 15 segundos (Tentativa 4/5)...
    [Limite de Requisições]. Aguardando 15 segundos (Tentativa 5/5)...
    [Desistindo do ID 2233] Excedeu tentativas.
 -> Fatiando parágrafo longo (ID: 2234) via IA...
    [Limite de Requisições]. Aguardando 15 segundos (Tentativa 1/5)...
    [Limite de Requisições]. Aguardando 15 segundos (Tentativa 2/5)...
    [Limite de Requisições]. Aguardando 15 segundos (Tentativa 3/5)...
    [Limite de Requisições]. Aguardando 15 segundos (Tentativa 4/5)...
    [Limite de Requisições]. Aguardando 15 segundos (Tentativa 5/5)...
    [Desistindo do ID 2234] Excedeu tentativas.
 -> Fatiando parágrafo longo (ID: 2240) via IA...
    [Limite de Requisições]. Aguardando 15 segundos (Tentativa 1/5)...
    [Limite de Requisições]. Aguardando 15 segundos (Tentativa 2/5)...
    [Limite de Requisições]. Aguardando 15 segundos (Tentativa 3/5)...
    [Limite de Requisições]. Aguardando 15 segundos (Tentativa 4/5)...
    [Limite de Requisições]. Aguardando 15 segundos (Tentativa 5/5)...
    [Desistindo do ID 2240] Excedeu tentativas.
 -> Fatiando parágrafo longo (ID: 2241) via IA...
    [Limite de Requisições]. Aguardando 15 segundos (Tentativa 1/5)...
    [Limite de Requisições]. Aguardando 15 segundos (Tentativa 2/5)...
    [Limite de Requisições]. Aguardando 15 segundos (Tentativa 3/5)...
    [Limite de Requisições]. Aguardando 15 segundos (Tentativa 4/5)...
    [Limite de Requisições]. Aguardando 15 segundos (Tentativa 5/5)...
    [Desistindo do ID 2241] Excedeu tentativas.
 -> Fatiando parágrafo longo (ID: 2243) via IA...
    [Limite de Requisições]. Aguardando 15 segundos (Tentativa 1/5)...
    [Limite de Requisições]. Aguardando 15 segundos (Tentativa 2/5)...
    [Limite de Requisições]. Aguardando 15 segundos (Tentativa 3/5)...
    [Limite de Requisições]. Aguardando 15 segundos (Tentativa 4/5)...
    [Limite de Requisições]. Aguardando 15 segundos (Tentativa 5/5)...
    [Desistindo do ID 2243] Excedeu tentativas.
 -> Fatiando parágrafo longo (ID: 2245) via IA...
    [Limite de Requisições]. Aguardando 15 segundos (Tentativa 1/5)...
    [Limite de Requisições]. Aguardando 15 segundos (Tentativa 2/5)...
    [Limite de Requisições]. Aguardando 15 segundos (Tentativa 3/5)...
    [Limite de Requisições]. Aguardando 15 segundos (Tentativa 4/5)...
    [Limite de Requisições]. Aguardando 15 segundos (Tentativa 5/5)...
    [Desistindo do ID 2245] Excedeu tentativas.
 -> Fatiando parágrafo longo (ID: 2247) via IA...
    [Limite de Requisições]. Aguardando 15 segundos (Tentativa 1/5)...
    [Limite de Requisições]. Aguardando 15 segundos (Tentativa 2/5)...
    [Limite de Requisições]. Aguardando 15 segundos (Tentativa 3/5)...
    [Limite de Requisições]. Aguardando 15 segundos (Tentativa 4/5)...
    [Limite de Requisições]. Aguardando 15 segundos (Tentativa 5/5)...
    [Desistindo do ID 2247] Excedeu tentativas.
 -> Fatiando parágrafo longo (ID: 2252) via IA...
    [Limite de Requisições]. Aguardando 15 segundos (Tentativa 1/5)...
    [Limite de Requisições]. Aguardando 15 segundos (Tentativa 2/5)...
    [Limite de Requisições]. Aguardando 15 segundos (Tentativa 3/5)...
    [Limite de Requisições]. Aguardando 15 segundos (Tentativa 4/5)...
    [Limite de Requisições]. Aguardando 15 segundos (Tentativa 5/5)...
    [Desistindo do ID 2252] Excedeu tentativas.
 -> Fatiando parágrafo longo (ID: 2253) via IA...
    [Limite de Requisições]. Aguardando 15 segundos (Tentativa 1/5)...
    [Limite de Requisições]. Aguardando 15 segundos (Tentativa 2/5)...
    [Limite de Requisições]. Aguardando 15 segundos (Tentativa 3/5)...
    [Limite de Requisições]. Aguardando 15 segundos (Tentativa 4/5)...
    [Limite de Requisições]. Aguardando 15 segundos (Tentativa 5/5)...
    [Desistindo do ID 2253] Excedeu tentativas.
 -> Fatiando parágrafo longo (ID: 2254) via IA...
    [Limite de Requisições]. Aguardando 15 segundos (Tentativa 1/5)...
    [Limite de Requisições]. Aguardando 15 segundos (Tentativa 2/5)...
    [Limite de Requisições]. Aguardando 15 segundos (Tentativa 3/5)...
    [Limite de Requisições]. Aguardando 15 segundos (Tentativa 4/5)...
    [Limite de Requisições]. Aguardando 15 segundos (Tentativa 5/5)...
    [Desistindo do ID 2254] Excedeu tentativas.
 -> Fatiando parágrafo longo (ID: 2256) via IA...
    [Limite de Requisições]. Aguardando 15 segundos (Tentativa 1/5)...
    [Limite de Requisições]. Aguardando 15 segundos (Tentativa 2/5)...
    [Limite de Requisições]. Aguardando 15 segundos (Tentativa 3/5)...
    [Limite de Requisições]. Aguardando 15 segundos (Tentativa 4/5)...
    [Limite de Requisições]. Aguardando 15 segundos (Tentativa 5/5)...
    [Desistindo do ID 2256] Excedeu tentativas.
 -> Fatiando parágrafo longo (ID: 2257) via IA...
    [Limite de Requisições]. Aguardando 15 segundos (Tentativa 1/5)...
    [Limite de Requisições]. Aguardando 15 segundos (Tentativa 2/5)...
    [Limite de Requisições]. Aguardando 15 segundos (Tentativa 3/5)...
    [Limite de Requisições]. Aguardando 15 segundos (Tentativa 4/5)...
    [Limite de Requisições]. Aguardando 15 segundos (Tentativa 5/5)...
    [Desistindo do ID 2257] Excedeu tentativas.
 -> Fatiando parágrafo longo (ID: 2260) via IA...
    [Limite de Requisições]. Aguardando 15 segundos (Tentativa 1/5)...
    [Limite de Requisições]. Aguardando 15 segundos (Tentativa 2/5)...
    [Limite de Requisições]. Aguardando 15 segundos (Tentativa 3/5)...
    [Limite de Requisições]. Aguardando 15 segundos (Tentativa 4/5)...
    [Limite de Requisições]. Aguardando 15 segundos (Tentativa 5/5)...
    [Desistindo do ID 2260] Excedeu tentativas.
 -> Fatiando parágrafo longo (ID: 2261) via IA...
    [Limite de Requisições]. Aguardando 15 segundos (Tentativa 1/5)...
    [Limite de Requisições]. Aguardando 15 segundos (Tentativa 2/5)...
    [Limite de Requisições]. Aguardando 15 segundos (Tentativa 3/5)...
    [Limite de Requisições]. Aguardando 15 segundos (Tentativa 4/5)...
    [Limite de Requisições]. Aguardando 15 segundos (Tentativa 5/5)...
    [Desistindo do ID 2261] Excedeu tentativas.
 -> Fatiando parágrafo longo (ID: 2264) via IA...
    [Limite de Requisições]. Aguardando 15 segundos (Tentativa 1/5)...
    [Limite de Requisições]. Aguardando 15 segundos (Tentativa 2/5)...
    [Limite de Requisições]. Aguardando 15 segundos (Tentativa 3/5)...
    [Limite de Requisições]. Aguardando 15 segundos (Tentativa 4/5)...
    [Limite de Requisições]. Aguardando 15 segundos (Tentativa 5/5)...
    [Desistindo do ID 2264] Excedeu tentativas.
 -> Fatiando parágrafo longo (ID: 2265) via IA...
    [Limite de Requisições]. Aguardando 15 segundos (Tentativa 1/5)...
    [Limite de Requisições]. Aguardando 15 segundos (Tentativa 2/5)...
    [Limite de Requisições]. Aguardando 15 segundos (Tentativa 3/5)...
    [Limite de Requisições]. Aguardando 15 segundos (Tentativa 4/5)...
    [Limite de Requisições]. Aguardando 15 segundos (Tentativa 5/5)...
    [Desistindo do ID 2265] Excedeu tentativas.
 -> Fatiando parágrafo longo (ID: 2266) via IA...
    [Limite de Requisições]. Aguardando 15 segundos (Tentativa 1/5)...
    [Limite de Requisições]. Aguardando 15 segundos (Tentativa 2/5)...
    [Limite de Requisições]. Aguardando 15 segundos (Tentativa 3/5)...
    [Limite de Requisições]. Aguardando 15 segundos (Tentativa 4/5)...
    [Limite de Requisições]. Aguardando 15 segundos (Tentativa 5/5)...
    [Desistindo do ID 2266] Excedeu tentativas.
 -> Fatiando parágrafo longo (ID: 2267) via IA...
    [Limite de Requisições]. Aguardando 15 segundos (Tentativa 1/5)...
    [Limite de Requisições]. Aguardando 15 segundos (Tentativa 2/5)...
    [Limite de Requisições]. Aguardando 15 segundos (Tentativa 3/5)...
    [Limite de Requisições]. Aguardando 15 segundos (Tentativa 4/5)...
    [Limite de Requisições]. Aguardando 15 segundos (Tentativa 5/5)...
    [Desistindo do ID 2267] Excedeu tentativas.
 -> Fatiando parágrafo longo (ID: 2268) via IA...
    [Limite de Requisições]. Aguardando 15 segundos (Tentativa 1/5)...
    [Limite de Requisições]. Aguardando 15 segundos (Tentativa 2/5)...
    [Limite de Requisições]. Aguardando 15 segundos (Tentativa 3/5)...
    [Limite de Requisições]. Aguardando 15 segundos (Tentativa 4/5)...
    [Limite de Requisições]. Aguardando 15 segundos (Tentativa 5/5)...
    [Desistindo do ID 2268] Excedeu tentativas.
 -> Fatiando parágrafo longo (ID: 2269) via IA...
    [Limite de Requisições]. Aguardando 15 segundos (Tentativa 1/5)...
    [Limite de Requisições]. Aguardando 15 segundos (Tentativa 2/5)...
    [Limite de Requisições]. Aguardando 15 segundos (Tentativa 3/5)...
    [Limite de Requisições]. Aguardando 15 segundos (Tentativa 4/5)...
    [Limite de Requisições]. Aguardando 15 segundos (Tentativa 5/5)...
    [Desistindo do ID 2269] Excedeu tentativas.
 -> Fatiando parágrafo longo (ID: 2270) via IA...
    [Limite de Requisições]. Aguardando 15 segundos (Tentativa 1/5)...
    [Limite de Requisições]. Aguardando 15 segundos (Tentativa 2/5)...
    [Limite de Requisições]. Aguardando 15 segundos (Tentativa 3/5)...
    [Limite de Requisições]. Aguardando 15 segundos (Tentativa 4/5)...
    [Limite de Requisições]. Aguardando 15 segundos (Tentativa 5/5)...
    [Desistindo do ID 2270] Excedeu tentativas.
 -> Fatiando parágrafo longo (ID: 2271) via IA...
    [Limite de Requisições]. Aguardando 15 segundos (Tentativa 1/5)...
    [Limite de Requisições]. Aguardando 15 segundos (Tentativa 2/5)...
    [Limite de Requisições]. Aguardando 15 segundos (Tentativa 3/5)...
    [Limite de Requisições]. Aguardando 15 segundos (Tentativa 4/5)...
    [Limite de Requisições]. Aguardando 15 segundos (Tentativa 5/5)...
    [Desistindo do ID 2271] Excedeu tentativas.
 -> Fatiando parágrafo longo (ID: 2272) via IA...
    [Limite de Requisições]. Aguardando 15 segundos (Tentativa 1/5)...
    [Limite de Requisições]. Aguardando 15 segundos (Tentativa 2/5)...
    [Limite de Requisições]. Aguardando 15 segundos (Tentativa 3/5)...
    [Limite de Requisições]. Aguardando 15 segundos (Tentativa 4/5)...
    [Limite de Requisições]. Aguardando 15 segundos (Tentativa 5/5)...
    [Desistindo do ID 2272] Excedeu tentativas.
 -> Fatiando parágrafo longo (ID: 2273) via IA...
    [Limite de Requisições]. Aguardando 15 segundos (Tentativa 1/5)...
    [Limite de Requisições]. Aguardando 15 segundos (Tentativa 2/5)...
    [Limite de Requisições]. Aguardando 15 segundos (Tentativa 3/5)...
    [Limite de Requisições]. Aguardando 15 segundos (Tentativa 4/5)...
    [Limite de Requisições]. Aguardando 15 segundos (Tentativa 5/5)...
    [Desistindo do ID 2273] Excedeu tentativas.
 -> Fatiando parágrafo longo (ID: 2274) via IA...
    [Limite de Requisições]. Aguardando 15 segundos (Tentativa 1/5)...
    [Limite de Requisições]. Aguardando 15 segundos (Tentativa 2/5)...
    [Limite de Requisições]. Aguardando 15 segundos (Tentativa 3/5)...
    [Limite de Requisições]. Aguardando 15 segundos (Tentativa 4/5)...
    [Limite de Requisições]. Aguardando 15 segundos (Tentativa 5/5)...
    [Desistindo do ID 2274] Excedeu tentativas.
 -> Fatiando parágrafo longo (ID: 2275) via IA...
    [Limite de Requisições]. Aguardando 15 segundos (Tentativa 1/5)...
    [Limite de Requisições]. Aguardando 15 segundos (Tentativa 2/5)...
    [Limite de Requisições]. Aguardando 15 segundos (Tentativa 3/5)...
    [Limite de Requisições]. Aguardando 15 segundos (Tentativa 4/5)...
    [Limite de Requisições]. Aguardando 15 segundos (Tentativa 5/5)...
    [Desistindo do ID 2275] Excedeu tentativas.
 -> Fatiando parágrafo longo (ID: 2282) via IA...
    [Limite de Requisições]. Aguardando 15 segundos (Tentativa 1/5)...
    [Limite de Requisições]. Aguardando 15 segundos (Tentativa 2/5)...
    [Limite de Requisições]. Aguardando 15 segundos (Tentativa 3/5)...
    [Limite de Requisições]. Aguardando 15 segundos (Tentativa 4/5)...
    [Limite de Requisições]. Aguardando 15 segundos (Tentativa 5/5)...
    [Desistindo do ID 2282] Excedeu tentativas.
 -> Fatiando parágrafo longo (ID: 2283) via IA...
    [Limite de Requisições]. Aguardando 15 segundos (Tentativa 1/5)...
    [Limite de Requisições]. Aguardando 15 segundos (Tentativa 2/5)...
    [Limite de Requisições]. Aguardando 15 segundos (Tentativa 3/5)...
    [Limite de Requisições]. Aguardando 15 segundos (Tentativa 4/5)...
    [Limite de Requisições]. Aguardando 15 segundos (Tentativa 5/5)...
    [Desistindo do ID 2283] Excedeu tentativas.
 -> Fatiando parágrafo longo (ID: 2284) via IA...
    [Limite de Requisições]. Aguardando 15 segundos (Tentativa 1/5)...
    [Limite de Requisições]. Aguardando 15 segundos (Tentativa 2/5)...
    [Limite de Requisições]. Aguardando 15 segundos (Tentativa 3/5)...
    [Limite de Requisições]. Aguardando 15 segundos (Tentativa 4/5)...
    [Limite de Requisições]. Aguardando 15 segundos (Tentativa 5/5)...
    [Desistindo do ID 2284] Excedeu tentativas.
 -> Fatiando parágrafo longo (ID: 2285) via IA...
    [Limite de Requisições]. Aguardando 15 segundos (Tentativa 1/5)...
    [Limite de Requisições]. Aguardando 15 segundos (Tentativa 2/5)...
    [Limite de Requisições]. Aguardando 15 segundos (Tentativa 3/5)...
    [Limite de Requisições]. Aguardando 15 segundos (Tentativa 4/5)...
    [Limite de Requisições]. Aguardando 15 segundos (Tentativa 5/5)...
    [Desistindo do ID 2285] Excedeu tentativas.
 -> Fatiando parágrafo longo (ID: 2286) via IA...
    [Limite de Requisições]. Aguardando 15 segundos (Tentativa 1/5)...
    [Limite de Requisições]. Aguardando 15 segundos (Tentativa 2/5)...
    [Limite de Requisições]. Aguardando 15 segundos (Tentativa 3/5)...
    [Limite de Requisições]. Aguardando 15 segundos (Tentativa 4/5)...
    [Limite de Requisições]. Aguardando 15 segundos (Tentativa 5/5)...
    [Desistindo do ID 2286] Excedeu tentativas.
 -> Fatiando parágrafo longo (ID: 2287) via IA...
    [Limite de Requisições]. Aguardando 15 segundos (Tentativa 1/5)...
    [Limite de Requisições]. Aguardando 15 segundos (Tentativa 2/5)...
    [Limite de Requisições]. Aguardando 15 segundos (Tentativa 3/5)...
    [Limite de Requisições]. Aguardando 15 segundos (Tentativa 4/5)...
    [Limite de Requisições]. Aguardando 15 segundos (Tentativa 5/5)...
    [Desistindo do ID 2287] Excedeu tentativas.
 -> Fatiando parágrafo longo (ID: 2288) via IA...
    [Limite de Requisições]. Aguardando 15 segundos (Tentativa 1/5)...
    [Limite de Requisições]. Aguardando 15 segundos (Tentativa 2/5)...
    [Limite de Requisições]. Aguardando 15 segundos (Tentativa 3/5)...
    [Limite de Requisições]. Aguardando 15 segundos (Tentativa 4/5)...
    [Limite de Requisições]. Aguardando 15 segundos (Tentativa 5/5)...
    [Desistindo do ID 2288] Excedeu tentativas.
 -> Fatiando parágrafo longo (ID: 2289) via IA...
    [Limite de Requisições]. Aguardando 15 segundos (Tentativa 1/5)...
    [Limite de Requisições]. Aguardando 15 segundos (Tentativa 2/5)...
    [Limite de Requisições]. Aguardando 15 segundos (Tentativa 3/5)...
    [Limite de Requisições]. Aguardando 15 segundos (Tentativa 4/5)...
    [Limite de Requisições]. Aguardando 15 segundos (Tentativa 5/5)...
    [Desistindo do ID 2289] Excedeu tentativas.
 -> Fatiando parágrafo longo (ID: 2290) via IA...
    [Limite de Requisições]. Aguardando 15 segundos (Tentativa 1/5)...
    [Limite de Requisições]. Aguardando 15 segundos (Tentativa 2/5)...
    [Limite de Requisições]. Aguardando 15 segundos (Tentativa 3/5)...
    [Limite de Requisições]. Aguardando 15 segundos (Tentativa 4/5)...
    [Limite de Requisições]. Aguardando 15 segundos (Tentativa 5/5)...
    [Desistindo do ID 2290] Excedeu tentativas.
 -> Fatiando parágrafo longo (ID: 2291) via IA...
    [Limite de Requisições]. Aguardando 15 segundos (Tentativa 1/5)...
    [Limite de Requisições]. Aguardando 15 segundos (Tentativa 2/5)...
    [Limite de Requisições]. Aguardando 15 segundos (Tentativa 3/5)...
    [Limite de Requisições]. Aguardando 15 segundos (Tentativa 4/5)...
    [Limite de Requisições]. Aguardando 15 segundos (Tentativa 5/5)...
    [Desistindo do ID 2291] Excedeu tentativas.
 -> Fatiando parágrafo longo (ID: 2292) via IA...
    [Limite de Requisições]. Aguardando 15 segundos (Tentativa 1/5)...
    [Limite de Requisições]. Aguardando 15 segundos (Tentativa 2/5)...
    [Limite de Requisições]. Aguardando 15 segundos (Tentativa 3/5)...
    [Limite de Requisições]. Aguardando 15 segundos (Tentativa 4/5)...
    [Limite de Requisições]. Aguardando 15 segundos (Tentativa 5/5)...
    [Desistindo do ID 2292] Excedeu tentativas.
 -> Fatiando parágrafo longo (ID: 2293) via IA...
    [Limite de Requisições]. Aguardando 15 segundos (Tentativa 1/5)...
    [Limite de Requisições]. Aguardando 15 segundos (Tentativa 2/5)...
    [Limite de Requisições]. Aguardando 15 segundos (Tentativa 3/5)...
    [Limite de Requisições]. Aguardando 15 segundos (Tentativa 4/5)...
    [Limite de Requisições]. Aguardando 15 segundos (Tentativa 5/5)...
    [Desistindo do ID 2293] Excedeu tentativas.
 -> Fatiando parágrafo longo (ID: 2294) via IA...
    [Limite de Requisições]. Aguardando 15 segundos (Tentativa 1/5)...
    [Limite de Requisições]. Aguardando 15 segundos (Tentativa 2/5)...
    [Limite de Requisições]. Aguardando 15 segundos (Tentativa 3/5)...
    [Limite de Requisições]. Aguardando 15 segundos (Tentativa 4/5)...
    [Limite de Requisições]. Aguardando 15 segundos (Tentativa 5/5)...
    [Desistindo do ID 2294] Excedeu tentativas.
 -> Fatiando parágrafo longo (ID: 2295) via IA...
    [Limite de Requisições]. Aguardando 15 segundos (Tentativa 1/5)...
    [Limite de Requisições]. Aguardando 15 segundos (Tentativa 2/5)...
    [Limite de Requisições]. Aguardando 15 segundos (Tentativa 3/5)...
    [Limite de Requisições]. Aguardando 15 segundos (Tentativa 4/5)...
    [Limite de Requisições]. Aguardando 15 segundos (Tentativa 5/5)...
    [Desistindo do ID 2295] Excedeu tentativas.
 -> Fatiando parágrafo longo (ID: 2296) via IA...
    [Limite de Requisições]. Aguardando 15 segundos (Tentativa 1/5)...
    [Limite de Requisições]. Aguardando 15 segundos (Tentativa 2/5)...
    [Limite de Requisições]. Aguardando 15 segundos (Tentativa 3/5)...
    [Limite de Requisições]. Aguardando 15 segundos (Tentativa 4/5)...
    [Limite de Requisições]. Aguardando 15 segundos (Tentativa 5/5)...
    [Desistindo do ID 2296] Excedeu tentativas.
 -> Fatiando parágrafo longo (ID: 2297) via IA...
    [Limite de Requisições]. Aguardando 15 segundos (Tentativa 1/5)...
    [Limite de Requisições]. Aguardando 15 segundos (Tentativa 2/5)...
    [Limite de Requisições]. Aguardando 15 segundos (Tentativa 3/5)...
    [Limite de Requisições]. Aguardando 15 segundos (Tentativa 4/5)...
    [Limite de Requisições]. Aguardando 15 segundos (Tentativa 5/5)...
    [Desistindo do ID 2297] Excedeu tentativas.
 -> Fatiando parágrafo longo (ID: 2298) via IA...
    [Limite de Requisições]. Aguardando 15 segundos (Tentativa 1/5)...
    [Limite de Requisições]. Aguardando 15 segundos (Tentativa 2/5)...
    [Limite de Requisições]. Aguardando 15 segundos (Tentativa 3/5)...
    [Limite de Requisições]. Aguardando 15 segundos (Tentativa 4/5)...
    [Limite de Requisições]. Aguardando 15 segundos (Tentativa 5/5)...
    [Desistindo do ID 2298] Excedeu tentativas.
 -> Fatiando parágrafo longo (ID: 2299) via IA...
    [Limite de Requisições]. Aguardando 15 segundos (Tentativa 1/5)...
    [Limite de Requisições]. Aguardando 15 segundos (Tentativa 2/5)...
    [Limite de Requisições]. Aguardando 15 segundos (Tentativa 3/5)...
    [Limite de Requisições]. Aguardando 15 segundos (Tentativa 4/5)...
    [Limite de Requisições]. Aguardando 15 segundos (Tentativa 5/5)...
    [Desistindo do ID 2299] Excedeu tentativas.
 -> Fatiando parágrafo longo (ID: 2300) via IA...
    [Limite de Requisições]. Aguardando 15 segundos (Tentativa 1/5)...
    [Limite de Requisições]. Aguardando 15 segundos (Tentativa 2/5)...
    [Limite de Requisições]. Aguardando 15 segundos (Tentativa 3/5)...
    [Limite de Requisições]. Aguardando 15 segundos (Tentativa 4/5)...
    [Limite de Requisições]. Aguardando 15 segundos (Tentativa 5/5)...
    [Desistindo do ID 2300] Excedeu tentativas.
 -> Fatiando parágrafo longo (ID: 2301) via IA...
    [Limite de Requisições]. Aguardando 15 segundos (Tentativa 1/5)...
    [Limite de Requisições]. Aguardando 15 segundos (Tentativa 2/5)...
    [Limite de Requisições]. Aguardando 15 segundos (Tentativa 3/5)...
    [Limite de Requisições]. Aguardando 15 segundos (Tentativa 4/5)...
    [Limite de Requisições]. Aguardando 15 segundos (Tentativa 5/5)...
    [Desistindo do ID 2301] Excedeu tentativas.
 -> Fatiando parágrafo longo (ID: 2302) via IA...
    [Limite de Requisições]. Aguardando 15 segundos (Tentativa 1/5)...
    [Limite de Requisições]. Aguardando 15 segundos (Tentativa 2/5)...
    [Limite de Requisições]. Aguardando 15 segundos (Tentativa 3/5)...
    [Limite de Requisições]. Aguardando 15 segundos (Tentativa 4/5)...
    [Limite de Requisições]. Aguardando 15 segundos (Tentativa 5/5)...
    [Desistindo do ID 2302] Excedeu tentativas.
 -> Fatiando parágrafo longo (ID: 2303) via IA...
    [Limite de Requisições]. Aguardando 15 segundos (Tentativa 1/5)...
    [Limite de Requisições]. Aguardando 15 segundos (Tentativa 2/5)...
    [Limite de Requisições]. Aguardando 15 segundos (Tentativa 3/5)...
    [Limite de Requisições]. Aguardando 15 segundos (Tentativa 4/5)...
    [Limite de Requisições]. Aguardando 15 segundos (Tentativa 5/5)...
    [Desistindo do ID 2303] Excedeu tentativas.
 -> Fatiando parágrafo longo (ID: 2304) via IA...
    [Limite de Requisições]. Aguardando 15 segundos (Tentativa 1/5)...
    [Limite de Requisições]. Aguardando 15 segundos (Tentativa 2/5)...
    [Limite de Requisições]. Aguardando 15 segundos (Tentativa 3/5)...
    [Limite de Requisições]. Aguardando 15 segundos (Tentativa 4/5)...
    [Limite de Requisições]. Aguardando 15 segundos (Tentativa 5/5)...
    [Desistindo do ID 2304] Excedeu tentativas.
 -> Fatiando parágrafo longo (ID: 2305) via IA...
    [Limite de Requisições]. Aguardando 15 segundos (Tentativa 1/5)...
    [Limite de Requisições]. Aguardando 15 segundos (Tentativa 2/5)...
    [Limite de Requisições]. Aguardando 15 segundos (Tentativa 3/5)...
    [Limite de Requisições]. Aguardando 15 segundos (Tentativa 4/5)...
    [Limite de Requisições]. Aguardando 15 segundos (Tentativa 5/5)...
    [Desistindo do ID 2305] Excedeu tentativas.
 -> Fatiando parágrafo longo (ID: 2306) via IA...
    [Limite de Requisições]. Aguardando 15 segundos (Tentativa 1/5)...
    [Limite de Requisições]. Aguardando 15 segundos (Tentativa 2/5)...
    [Limite de Requisições]. Aguardando 15 segundos (Tentativa 3/5)...
    [Limite de Requisições]. Aguardando 15 segundos (Tentativa 4/5)...
    [Limite de Requisições]. Aguardando 15 segundos (Tentativa 5/5)...
    [Desistindo do ID 2306] Excedeu tentativas.
 -> Fatiando parágrafo longo (ID: 2307) via IA...
    [Limite de Requisições]. Aguardando 15 segundos (Tentativa 1/5)...
    [Limite de Requisições]. Aguardando 15 segundos (Tentativa 2/5)...
    [Limite de Requisições]. Aguardando 15 segundos (Tentativa 3/5)...
    [Limite de Requisições]. Aguardando 15 segundos (Tentativa 4/5)...
    [Limite de Requisições]. Aguardando 15 segundos (Tentativa 5/5)...
    [Desistindo do ID 2307] Excedeu tentativas.
 -> Fatiando parágrafo longo (ID: 2308) via IA...
    [Limite de Requisições]. Aguardando 15 segundos (Tentativa 1/5)...
    [Limite de Requisições]. Aguardando 15 segundos (Tentativa 2/5)...
    [Limite de Requisições]. Aguardando 15 segundos (Tentativa 3/5)...
    [Limite de Requisições]. Aguardando 15 segundos (Tentativa 4/5)...
    [Limite de Requisições]. Aguardando 15 segundos (Tentativa 5/5)...
    [Desistindo do ID 2308] Excedeu tentativas.
 -> Fatiando parágrafo longo (ID: 2309) via IA...
    [Limite de Requisições]. Aguardando 15 segundos (Tentativa 1/5)...
    [Limite de Requisições]. Aguardando 15 segundos (Tentativa 2/5)...
    [Limite de Requisições]. Aguardando 15 segundos (Tentativa 3/5)...
    [Limite de Requisições]. Aguardando 15 segundos (Tentativa 4/5)...
    [Limite de Requisições]. Aguardando 15 segundos (Tentativa 5/5)...
    [Desistindo do ID 2309] Excedeu tentativas.
 -> Fatiando parágrafo longo (ID: 2310) via IA...
    [Limite de Requisições]. Aguardando 15 segundos (Tentativa 1/5)...
    [Limite de Requisições]. Aguardando 15 segundos (Tentativa 2/5)...
    [Limite de Requisições]. Aguardando 15 segundos (Tentativa 3/5)...
    [Limite de Requisições]. Aguardando 15 segundos (Tentativa 4/5)...
    [Limite de Requisições]. Aguardando 15 segundos (Tentativa 5/5)...
    [Desistindo do ID 2310] Excedeu tentativas.
 -> Fatiando parágrafo longo (ID: 2315) via IA...
    [Limite de Requisições]. Aguardando 15 segundos (Tentativa 1/5)...
    [Limite de Requisições]. Aguardando 15 segundos (Tentativa 2/5)...
    [Limite de Requisições]. Aguardando 15 segundos (Tentativa 3/5)...
    [Limite de Requisições]. Aguardando 15 segundos (Tentativa 4/5)...
    [Limite de Requisições]. Aguardando 15 segundos (Tentativa 5/5)...
    [Desistindo do ID 2315] Excedeu tentativas.
 -> Fatiando parágrafo longo (ID: 2316) via IA...
    [Limite de Requisições]. Aguardando 15 segundos (Tentativa 1/5)...
    [Limite de Requisições]. Aguardando 15 segundos (Tentativa 2/5)...
    [Limite de Requisições]. Aguardando 15 segundos (Tentativa 3/5)...
    [Limite de Requisições]. Aguardando 15 segundos (Tentativa 4/5)...
    [Limite de Requisições]. Aguardando 15 segundos (Tentativa 5/5)...
    [Desistindo do ID 2316] Excedeu tentativas.
 -> Fatiando parágrafo longo (ID: 2321) via IA...
    [Limite de Requisições]. Aguardando 15 segundos (Tentativa 1/5)...
    [Limite de Requisições]. Aguardando 15 segundos (Tentativa 2/5)...
    [Limite de Requisições]. Aguardando 15 segundos (Tentativa 3/5)...
    [Limite de Requisições]. Aguardando 15 segundos (Tentativa 4/5)...
    [Limite de Requisições]. Aguardando 15 segundos (Tentativa 5/5)...
    [Desistindo do ID 2321] Excedeu tentativas.
 -> Fatiando parágrafo longo (ID: 2323) via IA...
    [Limite de Requisições]. Aguardando 15 segundos (Tentativa 1/5)...
    [Limite de Requisições]. Aguardando 15 segundos (Tentativa 2/5)...
    [Limite de Requisições]. Aguardando 15 segundos (Tentativa 3/5)...
    [Limite de Requisições]. Aguardando 15 segundos (Tentativa 4/5)...
    [Limite de Requisições]. Aguardando 15 segundos (Tentativa 5/5)...
    [Desistindo do ID 2323] Excedeu tentativas.
 -> Fatiando parágrafo longo (ID: 2325) via IA...
    [Limite de Requisições]. Aguardando 15 segundos (Tentativa 1/5)...
    [Limite de Requisições]. Aguardando 15 segundos (Tentativa 2/5)...
    [Limite de Requisições]. Aguardando 15 segundos (Tentativa 3/5)...
    [Limite de Requisições]. Aguardando 15 segundos (Tentativa 4/5)...
    [Limite de Requisições]. Aguardando 15 segundos (Tentativa 5/5)...
    [Desistindo do ID 2325] Excedeu tentativas.
 -> Fatiando parágrafo longo (ID: 2327) via IA...
    [Limite de Requisições]. Aguardando 15 segundos (Tentativa 1/5)...
    [Limite de Requisições]. Aguardando 15 segundos (Tentativa 2/5)...
    [Limite de Requisições]. Aguardando 15 segundos (Tentativa 3/5)...
    [Limite de Requisições]. Aguardando 15 segundos (Tentativa 4/5)...
    [Limite de Requisições]. Aguardando 15 segundos (Tentativa 5/5)...
    [Desistindo do ID 2327] Excedeu tentativas.
 -> Fatiando parágrafo longo (ID: 2329) via IA...
    [Limite de Requisições]. Aguardando 15 segundos (Tentativa 1/5)...
    [Limite de Requisições]. Aguardando 15 segundos (Tentativa 2/5)...
    [Limite de Requisições]. Aguardando 15 segundos (Tentativa 3/5)...
    [Limite de Requisições]. Aguardando 15 segundos (Tentativa 4/5)...
    [Limite de Requisições]. Aguardando 15 segundos (Tentativa 5/5)...
    [Desistindo do ID 2329] Excedeu tentativas.
Salvo com as novas fatias alinhadas!
